2026-08-17 16:50:50.966 +02:00 [INF] MutagenMon.App.App: Configuration loaded: PollPeriod=1000ms, StartEnabled=True, LogPath=c:\sources\mutagenMon\dotNet\src\log
2026-08-17 16:50:50.967 +02:00 [INF] MutagenMon.App.App: Loading session definitions from C:\sources\mutagenMon\dotNet\src\MutagenMon.App\bin\Debug\net10.0-windows\mutagen\mutagen-create.bat
2026-08-17 16:50:50.972 +02:00 [INF] MutagenMon.App.App: Loaded 0 session definition(s): 
2026-08-17 16:50:50.973 +02:00 [INF] MutagenMon.App.App: Building application host
2026-08-17 16:50:51.121 +02:00 [INF] MutagenMon.App.App: Starting background session monitor
2026-08-17 16:50:51.136 +02:00 [INF] MutagenMon.Core.Monitoring.SessionMonitorService: Session monitor loop starting: 0 session(s), poll period 00:00:01
2026-08-17 16:50:51.137 +02:00 [INF] Microsoft.Hosting.Lifetime: Application started. Press Ctrl+C to shut down.
2026-08-17 16:50:51.138 +02:00 [INF] Microsoft.Hosting.Lifetime: Hosting environment: Production
2026-08-17 16:50:51.139 +02:00 [INF] Microsoft.Hosting.Lifetime: Content root path: C:\sources\mutagenMon\dotNet\src\MutagenMon.App\bin\Debug\net10.0-windows
2026-08-17 16:50:51.140 +02:00 [INF] MutagenMon.App.App: Background session monitor started
2026-08-17 16:50:51.158 +02:00 [INF] MutagenMon.App.App: Acquiring tray icon resource
2026-08-17 16:50:51.256 +02:00 [INF] MutagenMon.Core.Monitoring.SessionMonitorService: -------------------------------------------------------------------------------
Name: pc-ub1-appman
Identifier: sync_WpA0olCvqvjQEQWEI4okSZRpusFT7rL8lQ4GYhZtaLh
Alpha:
	URL: C:\sources\appman
	Connected: Yes
	Synchronizable contents:
		904 directories
		2351 files (206 MB)
		0 symbolic links
Beta:
	URL: tparent@pc-ub1:sources/appman
	Connected: Yes
	Synchronizable contents:
		904 directories
		2351 files (206 MB)
		0 symbolic links
Status: Watching for changes
-------------------------------------------------------------------------------
Name: pc-ub1-mutagenmon
Identifier: sync_cqhCMHYAW113J2fcp4bhUwGVWfGtTVQqmgm2tBfy2Q7
Alpha:
	URL: C:\sources\mutagenMon
	Connected: Yes
	Synchronizable contents:
		41 directories
		161 files (1.7 MB)
		0 symbolic links
	Scan problems: 1
Beta:
	URL: tparent@pc-ub1:sources/mutagenMon
	Connected: Yes
	Synchronizable contents:
		41 directories
		161 files (2.2 MB)
		0 symbolic links
Conflicts: 1
Status: Watching for changes
-------------------------------------------------------------------------------

2026-08-17 16:50:51.263 +02:00 [INF] MutagenMon.Core.Monitoring.SessionMonitorService: Session 'pc-ub1-appman' status: Watching for changes, hasProblem: False, HasConflicts: False
2026-08-17 16:50:51.265 +02:00 [INF] MutagenMon.Core.Monitoring.SessionMonitorService: Session 'pc-ub1-mutagenmon' status: Watching for changes, hasProblem: False, HasConflicts: True
2026-08-17 16:50:51.269 +02:00 [INF] MutagenMon.Core.Monitoring.SessionMonitorService: Poll succeeded: worst=Conflicts, enabled=True, profileUpdated=False
2026-08-17 16:50:51.357 +02:00 [INF] MutagenMon.App.App: Tray icon resource created (ForceCreate)
2026-08-17 16:50:51.363 +02:00 [INF] MutagenMon.App.TrayIconController: Tray icon controller started (1s tick)
2026-08-17 16:50:51.377 +02:00 [INF] MutagenMon.App.TrayIconController: Tray icon changed: (null) -> green-conflict
2026-08-17 16:50:51.400 +02:00 [INF] MutagenMon.App.App: MutagenMon startup complete — tray icon is live
2026-08-17 16:50:52.307 +02:00 [INF] MutagenMon.Core.Monitoring.SessionMonitorService: -------------------------------------------------------------------------------
Name: pc-ub1-appman
Identifier: sync_WpA0olCvqvjQEQWEI4okSZRpusFT7rL8lQ4GYhZtaLh
Alpha:
	URL: C:\sources\appman
	Connected: Yes
	Synchronizable contents:
		904 directories
		2351 files (206 MB)
		0 symbolic links
Beta:
	URL: tparent@pc-ub1:sources/appman
	Connected: Yes
	Synchronizable contents:
		904 directories
		2351 files (206 MB)
		0 symbolic links
Status: Watching for changes
-------------------------------------------------------------------------------
Name: pc-ub1-mutagenmon
Identifier: sync_cqhCMHYAW113J2fcp4bhUwGVWfGtTVQqmgm2tBfy2Q7
Alpha:
	URL: C:\sources\mutagenMon
	Connected: Yes
	Synchronizable contents:
		41 directories
		161 files (1.7 MB)
		0 symbolic links
	Scan problems: 1
Beta:
	URL: tparent@pc-ub1:sources/mutagenMon
	Connected: Yes
	Synchronizable contents:
		41 directories
		161 files (2.2 MB)
		0 symbolic links
Conflicts: 1
Status: Watching for changes
-------------------------------------------------------------------------------

2026-08-17 16:50:52.312 +02:00 [INF] MutagenMon.Core.Monitoring.SessionMonitorService: Session 'pc-ub1-appman' status: Watching for changes, hasProblem: False, HasConflicts: False
2026-08-17 16:50:52.319 +02:00 [INF] MutagenMon.Core.Monitoring.SessionMonitorService: Session 'pc-ub1-mutagenmon' status: Watching for changes, hasProblem: False, HasConflicts: True
2026-08-17 16:50:52.327 +02:00 [INF] MutagenMon.Core.Monitoring.SessionMonitorService: Poll succeeded: worst=Conflicts, enabled=True, profileUpdated=False
2026-08-17 16:50:53.278 +02:00 [INF] MutagenMon.Core.Monitoring.SessionMonitorService: -------------------------------------------------------------------------------
Name: pc-ub1-appman
Identifier: sync_WpA0olCvqvjQEQWEI4okSZRpusFT7rL8lQ4GYhZtaLh
Alpha:
	URL: C:\sources\appman
	Connected: Yes
	Synchronizable contents:
		904 directories
		2351 files (206 MB)
		0 symbolic links
Beta:
	URL: tparent@pc-ub1:sources/appman
	Connected: Yes
	Synchronizable contents:
		904 directories
		2351 files (206 MB)
		0 symbolic links
Status: Watching for changes
-------------------------------------------------------------------------------
Name: pc-ub1-mutagenmon
Identifier: sync_cqhCMHYAW113J2fcp4bhUwGVWfGtTVQqmgm2tBfy2Q7
Alpha:
	URL: C:\sources\mutagenMon
	Connected: Yes
	Synchronizable contents:
		41 directories
		161 files (1.7 MB)
		0 symbolic links
	Scan problems: 1
Beta:
	URL: tparent@pc-ub1:sources/mutagenMon
	Connected: Yes
	Synchronizable contents:
		41 directories
		161 files (2.2 MB)
		0 symbolic links
Conflicts: 1
Status: Watching for changes
-------------------------------------------------------------------------------

2026-08-17 16:50:53.281 +02:00 [INF] MutagenMon.Core.Monitoring.SessionMonitorService: Session 'pc-ub1-appman' status: Watching for changes, hasProblem: False, HasConflicts: False
2026-08-17 16:50:53.283 +02:00 [INF] MutagenMon.Core.Monitoring.SessionMonitorService: Session 'pc-ub1-mutagenmon' status: Watching for changes, hasProblem: False, HasConflicts: True
2026-08-17 16:50:53.286 +02:00 [INF] MutagenMon.Core.Monitoring.SessionMonitorService: Poll succeeded: worst=Conflicts, enabled=True, profileUpdated=False
2026-08-17 16:50:54.279 +02:00 [INF] MutagenMon.Core.Monitoring.SessionMonitorService: -------------------------------------------------------------------------------
Name: pc-ub1-appman
Identifier: sync_WpA0olCvqvjQEQWEI4okSZRpusFT7rL8lQ4GYhZtaLh
Alpha:
	URL: C:\sources\appman
	Connected: Yes
	Synchronizable contents:
		904 directories
		2351 files (206 MB)
		0 symbolic links
Beta:
	URL: tparent@pc-ub1:sources/appman
	Connected: Yes
	Synchronizable contents:
		904 directories
		2351 files (206 MB)
		0 symbolic links
Status: Watching for changes
-------------------------------------------------------------------------------
Name: pc-ub1-mutagenmon
Identifier: sync_cqhCMHYAW113J2fcp4bhUwGVWfGtTVQqmgm2tBfy2Q7
Alpha:
	URL: C:\sources\mutagenMon
	Connected: Yes
	Synchronizable contents:
		41 directories
		161 files (1.7 MB)
		0 symbolic links
	Scan problems: 1
Beta:
	URL: tparent@pc-ub1:sources/mutagenMon
	Connected: Yes
	Synchronizable contents:
		41 directories
		161 files (2.2 MB)
		0 symbolic links
Conflicts: 1
Status: Watching for changes
-------------------------------------------------------------------------------

2026-08-17 16:50:54.284 +02:00 [INF] MutagenMon.Core.Monitoring.SessionMonitorService: Session 'pc-ub1-appman' status: Watching for changes, hasProblem: False, HasConflicts: False
2026-08-17 16:50:54.287 +02:00 [INF] MutagenMon.Core.Monitoring.SessionMonitorService: Session 'pc-ub1-mutagenmon' status: Watching for changes, hasProblem: False, HasConflicts: True
2026-08-17 16:50:54.292 +02:00 [INF] MutagenMon.Core.Monitoring.SessionMonitorService: Poll succeeded: worst=Conflicts, enabled=True, profileUpdated=False
2026-08-17 16:50:55.329 +02:00 [INF] MutagenMon.Core.Monitoring.SessionMonitorService: -------------------------------------------------------------------------------
Name: pc-ub1-appman
Identifier: sync_WpA0olCvqvjQEQWEI4okSZRpusFT7rL8lQ4GYhZtaLh
Alpha:
	URL: C:\sources\appman
	Connected: Yes
	Synchronizable contents:
		904 directories
		2351 files (206 MB)
		0 symbolic links
Beta:
	URL: tparent@pc-ub1:sources/appman
	Connected: Yes
	Synchronizable contents:
		904 directories
		2351 files (206 MB)
		0 symbolic links
Status: Watching for changes
-------------------------------------------------------------------------------
Name: pc-ub1-mutagenmon
Identifier: sync_cqhCMHYAW113J2fcp4bhUwGVWfGtTVQqmgm2tBfy2Q7
Alpha:
	URL: C:\sources\mutagenMon
	Connected: Yes
	Synchronizable contents:
		41 directories
		161 files (1.7 MB)
		0 symbolic links
	Scan problems: 1
Beta:
	URL: tparent@pc-ub1:sources/mutagenMon
	Connected: Yes
	Synchronizable contents:
		41 directories
		161 files (2.2 MB)
		0 symbolic links
Conflicts: 1
Status: Watching for changes
-------------------------------------------------------------------------------

2026-08-17 16:50:55.332 +02:00 [INF] MutagenMon.Core.Monitoring.SessionMonitorService: Session 'pc-ub1-appman' status: Watching for changes, hasProblem: False, HasConflicts: False
2026-08-17 16:50:55.344 +02:00 [INF] MutagenMon.Core.Monitoring.SessionMonitorService: Session 'pc-ub1-mutagenmon' status: Watching for changes, hasProblem: False, HasConflicts: True
2026-08-17 16:50:55.361 +02:00 [INF] MutagenMon.Core.Monitoring.SessionMonitorService: Poll succeeded: worst=Conflicts, enabled=True, profileUpdated=False
2026-08-17 16:50:56.324 +02:00 [INF] MutagenMon.Core.Monitoring.SessionMonitorService: -------------------------------------------------------------------------------
Name: pc-ub1-appman
Identifier: sync_WpA0olCvqvjQEQWEI4okSZRpusFT7rL8lQ4GYhZtaLh
Alpha:
	URL: C:\sources\appman
	Connected: Yes
	Synchronizable contents:
		904 directories
		2351 files (206 MB)
		0 symbolic links
Beta:
	URL: tparent@pc-ub1:sources/appman
	Connected: Yes
	Synchronizable contents:
		904 directories
		2351 files (206 MB)
		0 symbolic links
Status: Watching for changes
-------------------------------------------------------------------------------
Name: pc-ub1-mutagenmon
Identifier: sync_cqhCMHYAW113J2fcp4bhUwGVWfGtTVQqmgm2tBfy2Q7
Alpha:
	URL: C:\sources\mutagenMon
	Connected: Yes
	Synchronizable contents:
		41 directories
		161 files (1.7 MB)
		0 symbolic links
	Scan problems: 1
Beta:
	URL: tparent@pc-ub1:sources/mutagenMon
	Connected: Yes
	Synchronizable contents:
		41 directories
		161 files (2.2 MB)
		0 symbolic links
Conflicts: 1
Status: Watching for changes
-------------------------------------------------------------------------------

2026-08-17 16:50:56.328 +02:00 [INF] MutagenMon.Core.Monitoring.SessionMonitorService: Session 'pc-ub1-appman' status: Watching for changes, hasProblem: False, HasConflicts: False
2026-08-17 16:50:56.331 +02:00 [INF] MutagenMon.Core.Monitoring.SessionMonitorService: Session 'pc-ub1-mutagenmon' status: Watching for changes, hasProblem: False, HasConflicts: True
2026-08-17 16:50:56.341 +02:00 [INF] MutagenMon.Core.Monitoring.SessionMonitorService: Poll succeeded: worst=Conflicts, enabled=True, profileUpdated=False
2026-08-17 16:50:57.311 +02:00 [INF] MutagenMon.Core.Monitoring.SessionMonitorService: -------------------------------------------------------------------------------
Name: pc-ub1-appman
Identifier: sync_WpA0olCvqvjQEQWEI4okSZRpusFT7rL8lQ4GYhZtaLh
Alpha:
	URL: C:\sources\appman
	Connected: Yes
	Synchronizable contents:
		904 directories
		2351 files (206 MB)
		0 symbolic links
Beta:
	URL: tparent@pc-ub1:sources/appman
	Connected: Yes
	Synchronizable contents:
		904 directories
		2351 files (206 MB)
		0 symbolic links
Status: Watching for changes
-------------------------------------------------------------------------------
Name: pc-ub1-mutagenmon
Identifier: sync_cqhCMHYAW113J2fcp4bhUwGVWfGtTVQqmgm2tBfy2Q7
Alpha:
	URL: C:\sources\mutagenMon
	Connected: Yes
	Synchronizable contents:
		41 directories
		161 files (1.7 MB)
		0 symbolic links
	Scan problems: 1
Beta:
	URL: tparent@pc-ub1:sources/mutagenMon
	Connected: Yes
	Synchronizable contents:
		41 directories
		161 files (2.2 MB)
		0 symbolic links
Conflicts: 1
Status: Watching for changes
-------------------------------------------------------------------------------

2026-08-17 16:50:57.315 +02:00 [INF] MutagenMon.Core.Monitoring.SessionMonitorService: Session 'pc-ub1-appman' status: Watching for changes, hasProblem: False, HasConflicts: False
2026-08-17 16:50:57.320 +02:00 [INF] MutagenMon.Core.Monitoring.SessionMonitorService: Session 'pc-ub1-mutagenmon' status: Watching for changes, hasProblem: False, HasConflicts: True
2026-08-17 16:50:57.329 +02:00 [INF] MutagenMon.Core.Monitoring.SessionMonitorService: Poll succeeded: worst=Conflicts, enabled=True, profileUpdated=False
2026-08-17 16:50:58.291 +02:00 [INF] MutagenMon.Core.Monitoring.SessionMonitorService: -------------------------------------------------------------------------------
Name: pc-ub1-appman
Identifier: sync_WpA0olCvqvjQEQWEI4okSZRpusFT7rL8lQ4GYhZtaLh
Alpha:
	URL: C:\sources\appman
	Connected: Yes
	Synchronizable contents:
		904 directories
		2351 files (206 MB)
		0 symbolic links
Beta:
	URL: tparent@pc-ub1:sources/appman
	Connected: Yes
	Synchronizable contents:
		904 directories
		2351 files (206 MB)
		0 symbolic links
Status: Watching for changes
-------------------------------------------------------------------------------
Name: pc-ub1-mutagenmon
Identifier: sync_cqhCMHYAW113J2fcp4bhUwGVWfGtTVQqmgm2tBfy2Q7
Alpha:
	URL: C:\sources\mutagenMon
	Connected: Yes
	Synchronizable contents:
		41 directories
		161 files (1.7 MB)
		0 symbolic links
	Scan problems: 1
Beta:
	URL: tparent@pc-ub1:sources/mutagenMon
	Connected: Yes
	Synchronizable contents:
		41 directories
		161 files (2.2 MB)
		0 symbolic links
Conflicts: 1
Status: Watching for changes
-------------------------------------------------------------------------------

2026-08-17 16:50:58.294 +02:00 [INF] MutagenMon.Core.Monitoring.SessionMonitorService: Session 'pc-ub1-appman' status: Watching for changes, hasProblem: False, HasConflicts: False
2026-08-17 16:50:58.296 +02:00 [INF] MutagenMon.Core.Monitoring.SessionMonitorService: Session 'pc-ub1-mutagenmon' status: Watching for changes, hasProblem: False, HasConflicts: True
2026-08-17 16:50:58.309 +02:00 [INF] MutagenMon.Core.Monitoring.SessionMonitorService: Poll succeeded: worst=Conflicts, enabled=True, profileUpdated=False
2026-08-17 16:50:59.298 +02:00 [INF] MutagenMon.Core.Monitoring.SessionMonitorService: -------------------------------------------------------------------------------
Name: pc-ub1-appman
Identifier: sync_WpA0olCvqvjQEQWEI4okSZRpusFT7rL8lQ4GYhZtaLh
Alpha:
	URL: C:\sources\appman
	Connected: Yes
	Synchronizable contents:
		904 directories
		2351 files (206 MB)
		0 symbolic links
Beta:
	URL: tparent@pc-ub1:sources/appman
	Connected: Yes
	Synchronizable contents:
		904 directories
		2351 files (206 MB)
		0 symbolic links
Status: Watching for changes
-------------------------------------------------------------------------------
Name: pc-ub1-mutagenmon
Identifier: sync_cqhCMHYAW113J2fcp4bhUwGVWfGtTVQqmgm2tBfy2Q7
Alpha:
	URL: C:\sources\mutagenMon
	Connected: Yes
	Synchronizable contents:
		41 directories
		161 files (1.7 MB)
		0 symbolic links
	Scan problems: 1
Beta:
	URL: tparent@pc-ub1:sources/mutagenMon
	Connected: Yes
	Synchronizable contents:
		41 directories
		161 files (2.2 MB)
		0 symbolic links
Conflicts: 1
Status: Watching for changes
-------------------------------------------------------------------------------

2026-08-17 16:50:59.301 +02:00 [INF] MutagenMon.Core.Monitoring.SessionMonitorService: Session 'pc-ub1-appman' status: Watching for changes, hasProblem: False, HasConflicts: False
2026-08-17 16:50:59.303 +02:00 [INF] MutagenMon.Core.Monitoring.SessionMonitorService: Session 'pc-ub1-mutagenmon' status: Watching for changes, hasProblem: False, HasConflicts: True
2026-08-17 16:50:59.312 +02:00 [INF] MutagenMon.Core.Monitoring.SessionMonitorService: Poll succeeded: worst=Conflicts, enabled=True, profileUpdated=False
2026-08-17 16:51:00.388 +02:00 [INF] MutagenMon.Core.Monitoring.SessionMonitorService: -------------------------------------------------------------------------------
Name: pc-ub1-appman
Identifier: sync_WpA0olCvqvjQEQWEI4okSZRpusFT7rL8lQ4GYhZtaLh
Alpha:
	URL: C:\sources\appman
	Connected: Yes
	Synchronizable contents:
		904 directories
		2351 files (206 MB)
		0 symbolic links
Beta:
	URL: tparent@pc-ub1:sources/appman
	Connected: Yes
	Synchronizable contents:
		904 directories
		2351 files (206 MB)
		0 symbolic links
Status: Watching for changes
-------------------------------------------------------------------------------
Name: pc-ub1-mutagenmon
Identifier: sync_cqhCMHYAW113J2fcp4bhUwGVWfGtTVQqmgm2tBfy2Q7
Alpha:
	URL: C:\sources\mutagenMon
	Connected: Yes
	Synchronizable contents:
		41 directories
		161 files (1.7 MB)
		0 symbolic links
	Scan problems: 1
Beta:
	URL: tparent@pc-ub1:sources/mutagenMon
	Connected: Yes
	Synchronizable contents:
		41 directories
		161 files (2.2 MB)
		0 symbolic links
Conflicts: 1
Status: Watching for changes
-------------------------------------------------------------------------------

2026-08-17 16:51:00.392 +02:00 [INF] MutagenMon.Core.Monitoring.SessionMonitorService: Session 'pc-ub1-appman' status: Watching for changes, hasProblem: False, HasConflicts: False
2026-08-17 16:51:00.403 +02:00 [INF] MutagenMon.Core.Monitoring.SessionMonitorService: Session 'pc-ub1-mutagenmon' status: Watching for changes, hasProblem: False, HasConflicts: True
2026-08-17 16:51:00.413 +02:00 [INF] MutagenMon.Core.Monitoring.SessionMonitorService: Poll succeeded: worst=Conflicts, enabled=True, profileUpdated=False
2026-08-17 16:51:01.367 +02:00 [INF] MutagenMon.Core.Monitoring.SessionMonitorService: -------------------------------------------------------------------------------
Name: pc-ub1-appman
Identifier: sync_WpA0olCvqvjQEQWEI4okSZRpusFT7rL8lQ4GYhZtaLh
Alpha:
	URL: C:\sources\appman
	Connected: Yes
	Synchronizable contents:
		904 directories
		2351 files (206 MB)
		0 symbolic links
Beta:
	URL: tparent@pc-ub1:sources/appman
	Connected: Yes
	Synchronizable contents:
		904 directories
		2351 files (206 MB)
		0 symbolic links
Status: Watching for changes
-------------------------------------------------------------------------------
Name: pc-ub1-mutagenmon
Identifier: sync_cqhCMHYAW113J2fcp4bhUwGVWfGtTVQqmgm2tBfy2Q7
Alpha:
	URL: C:\sources\mutagenMon
	Connected: Yes
	Synchronizable contents:
		41 directories
		161 files (1.8 MB)
		0 symbolic links
	Scan problems: 1
Beta:
	URL: tparent@pc-ub1:sources/mutagenMon
	Connected: Yes
	Synchronizable contents:
		41 directories
		161 files (2.2 MB)
		0 symbolic links
Conflicts: 1
Status: Watching for changes
-------------------------------------------------------------------------------

2026-08-17 16:51:01.389 +02:00 [INF] MutagenMon.Core.Monitoring.SessionMonitorService: Session 'pc-ub1-appman' status: Watching for changes, hasProblem: False, HasConflicts: False
2026-08-17 16:51:01.400 +02:00 [INF] MutagenMon.Core.Monitoring.SessionMonitorService: Session 'pc-ub1-mutagenmon' status: Watching for changes, hasProblem: False, HasConflicts: True
2026-08-17 16:51:01.418 +02:00 [INF] MutagenMon.Core.Monitoring.SessionMonitorService: Poll succeeded: worst=Conflicts, enabled=True, profileUpdated=False
2026-08-17 16:51:02.262 +02:00 [INF] MutagenMon.Core.Monitoring.SessionMonitorService: -------------------------------------------------------------------------------
Name: pc-ub1-appman
Identifier: sync_WpA0olCvqvjQEQWEI4okSZRpusFT7rL8lQ4GYhZtaLh
Alpha:
	URL: C:\sources\appman
	Connected: Yes
	Synchronizable contents:
		904 directories
		2351 files (206 MB)
		0 symbolic links
Beta:
	URL: tparent@pc-ub1:sources/appman
	Connected: Yes
	Synchronizable contents:
		904 directories
		2351 files (206 MB)
		0 symbolic links
Status: Watching for changes
-------------------------------------------------------------------------------
Name: pc-ub1-mutagenmon
Identifier: sync_cqhCMHYAW113J2fcp4bhUwGVWfGtTVQqmgm2tBfy2Q7
Alpha:
	URL: C:\sources\mutagenMon
	Connected: Yes
	Synchronizable contents:
		41 directories
		161 files (1.8 MB)
		0 symbolic links
	Scan problems: 1
Beta:
	URL: tparent@pc-ub1:sources/mutagenMon
	Connected: Yes
	Synchronizable contents:
		41 directories
		161 files (2.2 MB)
		0 symbolic links
Conflicts: 1
Status: Watching for changes
-------------------------------------------------------------------------------

2026-08-17 16:51:02.276 +02:00 [INF] MutagenMon.Core.Monitoring.SessionMonitorService: Session 'pc-ub1-appman' status: Watching for changes, hasProblem: False, HasConflicts: False
2026-08-17 16:51:02.325 +02:00 [INF] MutagenMon.Core.Monitoring.SessionMonitorService: Session 'pc-ub1-mutagenmon' status: Watching for changes, hasProblem: False, HasConflicts: True
2026-08-17 16:51:02.360 +02:00 [INF] MutagenMon.Core.Monitoring.SessionMonitorService: Poll succeeded: worst=Conflicts, enabled=True, profileUpdated=False
2026-08-17 16:51:03.398 +02:00 [INF] MutagenMon.Core.Monitoring.SessionMonitorService: -------------------------------------------------------------------------------
Name: pc-ub1-appman
Identifier: sync_WpA0olCvqvjQEQWEI4okSZRpusFT7rL8lQ4GYhZtaLh
Alpha:
	URL: C:\sources\appman
	Connected: Yes
	Synchronizable contents:
		904 directories
		2351 files (206 MB)
		0 symbolic links
Beta:
	URL: tparent@pc-ub1:sources/appman
	Connected: Yes
	Synchronizable contents:
		904 directories
		2351 files (206 MB)
		0 symbolic links
Status: Watching for changes
-------------------------------------------------------------------------------
Name: pc-ub1-mutagenmon
Identifier: sync_cqhCMHYAW113J2fcp4bhUwGVWfGtTVQqmgm2tBfy2Q7
Alpha:
	URL: C:\sources\mutagenMon
	Connected: Yes
	Synchronizable contents:
		41 directories
		161 files (1.8 MB)
		0 symbolic links
	Scan problems: 1
Beta:
	URL: tparent@pc-ub1:sources/mutagenMon
	Connected: Yes
	Synchronizable contents:
		41 directories
		161 files (2.2 MB)
		0 symbolic links
Conflicts: 1
Status: Watching for changes
-------------------------------------------------------------------------------

2026-08-17 16:51:03.401 +02:00 [INF] MutagenMon.Core.Monitoring.SessionMonitorService: Session 'pc-ub1-appman' status: Watching for changes, hasProblem: False, HasConflicts: False
2026-08-17 16:51:03.404 +02:00 [INF] MutagenMon.Core.Monitoring.SessionMonitorService: Session 'pc-ub1-mutagenmon' status: Watching for changes, hasProblem: False, HasConflicts: True
2026-08-17 16:51:03.408 +02:00 [INF] MutagenMon.Core.Monitoring.SessionMonitorService: Poll succeeded: worst=Conflicts, enabled=True, profileUpdated=False
2026-08-17 16:51:04.340 +02:00 [INF] MutagenMon.Core.Monitoring.SessionMonitorService: -------------------------------------------------------------------------------
Name: pc-ub1-appman
Identifier: sync_WpA0olCvqvjQEQWEI4okSZRpusFT7rL8lQ4GYhZtaLh
Alpha:
	URL: C:\sources\appman
	Connected: Yes
	Synchronizable contents:
		904 directories
		2351 files (206 MB)
		0 symbolic links
Beta:
	URL: tparent@pc-ub1:sources/appman
	Connected: Yes
	Synchronizable contents:
		904 directories
		2351 files (206 MB)
		0 symbolic links
Status: Watching for changes
-------------------------------------------------------------------------------
Name: pc-ub1-mutagenmon
Identifier: sync_cqhCMHYAW113J2fcp4bhUwGVWfGtTVQqmgm2tBfy2Q7
Alpha:
	URL: C:\sources\mutagenMon
	Connected: Yes
	Synchronizable contents:
		41 directories
		161 files (1.8 MB)
		0 symbolic links
	Scan problems: 1
Beta:
	URL: tparent@pc-ub1:sources/mutagenMon
	Connected: Yes
	Synchronizable contents:
		41 directories
		161 files (2.2 MB)
		0 symbolic links
Conflicts: 1
Status: Watching for changes
-------------------------------------------------------------------------------

2026-08-17 16:51:04.345 +02:00 [INF] MutagenMon.Core.Monitoring.SessionMonitorService: Session 'pc-ub1-appman' status: Watching for changes, hasProblem: False, HasConflicts: False
2026-08-17 16:51:04.349 +02:00 [INF] MutagenMon.Core.Monitoring.SessionMonitorService: Session 'pc-ub1-mutagenmon' status: Watching for changes, hasProblem: False, HasConflicts: True
2026-08-17 16:51:04.358 +02:00 [INF] MutagenMon.Core.Monitoring.SessionMonitorService: Poll succeeded: worst=Conflicts, enabled=True, profileUpdated=False
2026-08-17 16:51:05.312 +02:00 [INF] MutagenMon.Core.Monitoring.SessionMonitorService: -------------------------------------------------------------------------------
Name: pc-ub1-appman
Identifier: sync_WpA0olCvqvjQEQWEI4okSZRpusFT7rL8lQ4GYhZtaLh
Alpha:
	URL: C:\sources\appman
	Connected: Yes
	Synchronizable contents:
		904 directories
		2351 files (206 MB)
		0 symbolic links
Beta:
	URL: tparent@pc-ub1:sources/appman
	Connected: Yes
	Synchronizable contents:
		904 directories
		2351 files (206 MB)
		0 symbolic links
Status: Watching for changes
-------------------------------------------------------------------------------
Name: pc-ub1-mutagenmon
Identifier: sync_cqhCMHYAW113J2fcp4bhUwGVWfGtTVQqmgm2tBfy2Q7
Alpha:
	URL: C:\sources\mutagenMon
	Connected: Yes
	Synchronizable contents:
		41 directories
		161 files (1.8 MB)
		0 symbolic links
	Scan problems: 1
Beta:
	URL: tparent@pc-ub1:sources/mutagenMon
	Connected: Yes
	Synchronizable contents:
		41 directories
		161 files (2.2 MB)
		0 symbolic links
Conflicts: 1
Status: Watching for changes
-------------------------------------------------------------------------------

2026-08-17 16:51:05.325 +02:00 [INF] MutagenMon.Core.Monitoring.SessionMonitorService: Session 'pc-ub1-appman' status: Watching for changes, hasProblem: False, HasConflicts: False
2026-08-17 16:51:05.332 +02:00 [INF] MutagenMon.Core.Monitoring.SessionMonitorService: Session 'pc-ub1-mutagenmon' status: Watching for changes, hasProblem: False, HasConflicts: True
2026-08-17 16:51:05.337 +02:00 [INF] MutagenMon.Core.Monitoring.SessionMonitorService: Poll succeeded: worst=Conflicts, enabled=True, profileUpdated=False
2026-08-17 16:51:06.315 +02:00 [INF] MutagenMon.Core.Monitoring.SessionMonitorService: -------------------------------------------------------------------------------
Name: pc-ub1-appman
Identifier: sync_WpA0olCvqvjQEQWEI4okSZRpusFT7rL8lQ4GYhZtaLh
Alpha:
	URL: C:\sources\appman
	Connected: Yes
	Synchronizable contents:
		904 directories
		2351 files (206 MB)
		0 symbolic links
Beta:
	URL: tparent@pc-ub1:sources/appman
	Connected: Yes
	Synchronizable contents:
		904 directories
		2351 files (206 MB)
		0 symbolic links
Status: Watching for changes
-------------------------------------------------------------------------------
Name: pc-ub1-mutagenmon
Identifier: sync_cqhCMHYAW113J2fcp4bhUwGVWfGtTVQqmgm2tBfy2Q7
Alpha:
	URL: C:\sources\mutagenMon
	Connected: Yes
	Synchronizable contents:
		41 directories
		161 files (1.8 MB)
		0 symbolic links
	Scan problems: 1
Beta:
	URL: tparent@pc-ub1:sources/mutagenMon
	Connected: Yes
	Synchronizable contents:
		41 directories
		161 files (2.2 MB)
		0 symbolic links
Conflicts: 1
Status: Watching for changes
-------------------------------------------------------------------------------

2026-08-17 16:51:06.317 +02:00 [INF] MutagenMon.Core.Monitoring.SessionMonitorService: Session 'pc-ub1-appman' status: Watching for changes, hasProblem: False, HasConflicts: False
2026-08-17 16:51:06.321 +02:00 [INF] MutagenMon.Core.Monitoring.SessionMonitorService: Session 'pc-ub1-mutagenmon' status: Watching for changes, hasProblem: False, HasConflicts: True
2026-08-17 16:51:06.326 +02:00 [INF] MutagenMon.Core.Monitoring.SessionMonitorService: Poll succeeded: worst=Conflicts, enabled=True, profileUpdated=False
2026-08-17 16:51:07.358 +02:00 [INF] MutagenMon.Core.Monitoring.SessionMonitorService: -------------------------------------------------------------------------------
Name: pc-ub1-appman
Identifier: sync_WpA0olCvqvjQEQWEI4okSZRpusFT7rL8lQ4GYhZtaLh
Alpha:
	URL: C:\sources\appman
	Connected: Yes
	Synchronizable contents:
		904 directories
		2351 files (206 MB)
		0 symbolic links
Beta:
	URL: tparent@pc-ub1:sources/appman
	Connected: Yes
	Synchronizable contents:
		904 directories
		2351 files (206 MB)
		0 symbolic links
Status: Watching for changes
-------------------------------------------------------------------------------
Name: pc-ub1-mutagenmon
Identifier: sync_cqhCMHYAW113J2fcp4bhUwGVWfGtTVQqmgm2tBfy2Q7
Alpha:
	URL: C:\sources\mutagenMon
	Connected: Yes
	Synchronizable contents:
		41 directories
		161 files (1.8 MB)
		0 symbolic links
	Scan problems: 1
Beta:
	URL: tparent@pc-ub1:sources/mutagenMon
	Connected: Yes
	Synchronizable contents:
		41 directories
		161 files (2.2 MB)
		0 symbolic links
Conflicts: 1
Status: Watching for changes
-------------------------------------------------------------------------------

2026-08-17 16:51:07.371 +02:00 [INF] MutagenMon.Core.Monitoring.SessionMonitorService: Session 'pc-ub1-appman' status: Watching for changes, hasProblem: False, HasConflicts: False
2026-08-17 16:51:07.377 +02:00 [INF] MutagenMon.Core.Monitoring.SessionMonitorService: Session 'pc-ub1-mutagenmon' status: Watching for changes, hasProblem: False, HasConflicts: True
2026-08-17 16:51:07.386 +02:00 [INF] MutagenMon.Core.Monitoring.SessionMonitorService: Poll succeeded: worst=Conflicts, enabled=True, profileUpdated=False
2026-08-17 16:51:08.350 +02:00 [INF] MutagenMon.Core.Monitoring.SessionMonitorService: -------------------------------------------------------------------------------
Name: pc-ub1-appman
Identifier: sync_WpA0olCvqvjQEQWEI4okSZRpusFT7rL8lQ4GYhZtaLh
Alpha:
	URL: C:\sources\appman
	Connected: Yes
	Synchronizable contents:
		904 directories
		2351 files (206 MB)
		0 symbolic links
Beta:
	URL: tparent@pc-ub1:sources/appman
	Connected: Yes
	Synchronizable contents:
		904 directories
		2351 files (206 MB)
		0 symbolic links
Status: Watching for changes
-------------------------------------------------------------------------------
Name: pc-ub1-mutagenmon
Identifier: sync_cqhCMHYAW113J2fcp4bhUwGVWfGtTVQqmgm2tBfy2Q7
Alpha:
	URL: C:\sources\mutagenMon
	Connected: Yes
	Synchronizable contents:
		41 directories
		161 files (1.8 MB)
		0 symbolic links
	Scan problems: 1
Beta:
	URL: tparent@pc-ub1:sources/mutagenMon
	Connected: Yes
	Synchronizable contents:
		41 directories
		161 files (2.2 MB)
		0 symbolic links
Conflicts: 1
Status: Watching for changes
-------------------------------------------------------------------------------

2026-08-17 16:51:08.353 +02:00 [INF] MutagenMon.Core.Monitoring.SessionMonitorService: Session 'pc-ub1-appman' status: Watching for changes, hasProblem: False, HasConflicts: False
2026-08-17 16:51:08.357 +02:00 [INF] MutagenMon.Core.Monitoring.SessionMonitorService: Session 'pc-ub1-mutagenmon' status: Watching for changes, hasProblem: False, HasConflicts: True
2026-08-17 16:51:08.361 +02:00 [INF] MutagenMon.Core.Monitoring.SessionMonitorService: Poll succeeded: worst=Conflicts, enabled=True, profileUpdated=False
2026-08-17 16:51:09.303 +02:00 [INF] MutagenMon.Core.Monitoring.SessionMonitorService: -------------------------------------------------------------------------------
Name: pc-ub1-appman
Identifier: sync_WpA0olCvqvjQEQWEI4okSZRpusFT7rL8lQ4GYhZtaLh
Alpha:
	URL: C:\sources\appman
	Connected: Yes
	Synchronizable contents:
		904 directories
		2351 files (206 MB)
		0 symbolic links
Beta:
	URL: tparent@pc-ub1:sources/appman
	Connected: Yes
	Synchronizable contents:
		904 directories
		2351 files (206 MB)
		0 symbolic links
Status: Watching for changes
-------------------------------------------------------------------------------
Name: pc-ub1-mutagenmon
Identifier: sync_cqhCMHYAW113J2fcp4bhUwGVWfGtTVQqmgm2tBfy2Q7
Alpha:
	URL: C:\sources\mutagenMon
	Connected: Yes
	Synchronizable contents:
		41 directories
		161 files (1.8 MB)
		0 symbolic links
	Scan problems: 1
Beta:
	URL: tparent@pc-ub1:sources/mutagenMon
	Connected: Yes
	Synchronizable contents:
		41 directories
		161 files (2.2 MB)
		0 symbolic links
Conflicts: 1
Status: Watching for changes
-------------------------------------------------------------------------------

2026-08-17 16:51:09.305 +02:00 [INF] MutagenMon.Core.Monitoring.SessionMonitorService: Session 'pc-ub1-appman' status: Watching for changes, hasProblem: False, HasConflicts: False
2026-08-17 16:51:09.308 +02:00 [INF] MutagenMon.Core.Monitoring.SessionMonitorService: Session 'pc-ub1-mutagenmon' status: Watching for changes, hasProblem: False, HasConflicts: True
2026-08-17 16:51:09.312 +02:00 [INF] MutagenMon.Core.Monitoring.SessionMonitorService: Poll succeeded: worst=Conflicts, enabled=True, profileUpdated=False
2026-08-17 16:51:10.308 +02:00 [INF] MutagenMon.Core.Monitoring.SessionMonitorService: -------------------------------------------------------------------------------
Name: pc-ub1-appman
Identifier: sync_WpA0olCvqvjQEQWEI4okSZRpusFT7rL8lQ4GYhZtaLh
Alpha:
	URL: C:\sources\appman
	Connected: Yes
	Synchronizable contents:
		904 directories
		2351 files (206 MB)
		0 symbolic links
Beta:
	URL: tparent@pc-ub1:sources/appman
	Connected: Yes
	Synchronizable contents:
		904 directories
		2351 files (206 MB)
		0 symbolic links
Status: Watching for changes
-------------------------------------------------------------------------------
Name: pc-ub1-mutagenmon
Identifier: sync_cqhCMHYAW113J2fcp4bhUwGVWfGtTVQqmgm2tBfy2Q7
Alpha:
	URL: C:\sources\mutagenMon
	Connected: Yes
	Synchronizable contents:
		41 directories
		161 files (1.8 MB)
		0 symbolic links
	Scan problems: 1
Beta:
	URL: tparent@pc-ub1:sources/mutagenMon
	Connected: Yes
	Synchronizable contents:
		41 directories
		161 files (2.2 MB)
		0 symbolic links
Conflicts: 1
Status: Watching for changes
-------------------------------------------------------------------------------

2026-08-17 16:51:10.310 +02:00 [INF] MutagenMon.Core.Monitoring.SessionMonitorService: Session 'pc-ub1-appman' status: Watching for changes, hasProblem: False, HasConflicts: False
2026-08-17 16:51:10.312 +02:00 [INF] MutagenMon.Core.Monitoring.SessionMonitorService: Session 'pc-ub1-mutagenmon' status: Watching for changes, hasProblem: False, HasConflicts: True
2026-08-17 16:51:10.325 +02:00 [INF] MutagenMon.Core.Monitoring.SessionMonitorService: Poll succeeded: worst=Conflicts, enabled=True, profileUpdated=False
2026-08-17 16:51:11.345 +02:00 [INF] MutagenMon.Core.Monitoring.SessionMonitorService: -------------------------------------------------------------------------------
Name: pc-ub1-appman
Identifier: sync_WpA0olCvqvjQEQWEI4okSZRpusFT7rL8lQ4GYhZtaLh
Alpha:
	URL: C:\sources\appman
	Connected: Yes
	Synchronizable contents:
		904 directories
		2351 files (206 MB)
		0 symbolic links
Beta:
	URL: tparent@pc-ub1:sources/appman
	Connected: Yes
	Synchronizable contents:
		904 directories
		2351 files (206 MB)
		0 symbolic links
Status: Watching for changes
-------------------------------------------------------------------------------
Name: pc-ub1-mutagenmon
Identifier: sync_cqhCMHYAW113J2fcp4bhUwGVWfGtTVQqmgm2tBfy2Q7
Alpha:
	URL: C:\sources\mutagenMon
	Connected: Yes
	Synchronizable contents:
		41 directories
		161 files (1.8 MB)
		0 symbolic links
	Scan problems: 1
Beta:
	URL: tparent@pc-ub1:sources/mutagenMon
	Connected: Yes
	Synchronizable contents:
		41 directories
		161 files (2.2 MB)
		0 symbolic links
Conflicts: 1
Status: Watching for changes
-------------------------------------------------------------------------------

2026-08-17 16:51:11.357 +02:00 [INF] MutagenMon.Core.Monitoring.SessionMonitorService: Session 'pc-ub1-appman' status: Watching for changes, hasProblem: False, HasConflicts: False
2026-08-17 16:51:11.361 +02:00 [INF] MutagenMon.Core.Monitoring.SessionMonitorService: Session 'pc-ub1-mutagenmon' status: Watching for changes, hasProblem: False, HasConflicts: True
2026-08-17 16:51:11.368 +02:00 [INF] MutagenMon.Core.Monitoring.SessionMonitorService: Poll succeeded: worst=Conflicts, enabled=True, profileUpdated=False
2026-08-17 16:51:12.288 +02:00 [INF] MutagenMon.Core.Monitoring.SessionMonitorService: -------------------------------------------------------------------------------
Name: pc-ub1-appman
Identifier: sync_WpA0olCvqvjQEQWEI4okSZRpusFT7rL8lQ4GYhZtaLh
Alpha:
	URL: C:\sources\appman
	Connected: Yes
	Synchronizable contents:
		904 directories
		2351 files (206 MB)
		0 symbolic links
Beta:
	URL: tparent@pc-ub1:sources/appman
	Connected: Yes
	Synchronizable contents:
		904 directories
		2351 files (206 MB)
		0 symbolic links
Status: Watching for changes
-------------------------------------------------------------------------------
Name: pc-ub1-mutagenmon
Identifier: sync_cqhCMHYAW113J2fcp4bhUwGVWfGtTVQqmgm2tBfy2Q7
Alpha:
	URL: C:\sources\mutagenMon
	Connected: Yes
	Synchronizable contents:
		41 directories
		161 files (1.8 MB)
		0 symbolic links
	Scan problems: 1
Beta:
	URL: tparent@pc-ub1:sources/mutagenMon
	Connected: Yes
	Synchronizable contents:
		41 directories
		161 files (2.2 MB)
		0 symbolic links
Conflicts: 1
Status: Watching for changes
-------------------------------------------------------------------------------

2026-08-17 16:51:12.292 +02:00 [INF] MutagenMon.Core.Monitoring.SessionMonitorService: Session 'pc-ub1-appman' status: Watching for changes, hasProblem: False, HasConflicts: False
2026-08-17 16:51:12.294 +02:00 [INF] MutagenMon.Core.Monitoring.SessionMonitorService: Session 'pc-ub1-mutagenmon' status: Watching for changes, hasProblem: False, HasConflicts: True
2026-08-17 16:51:12.298 +02:00 [INF] MutagenMon.Core.Monitoring.SessionMonitorService: Poll succeeded: worst=Conflicts, enabled=True, profileUpdated=False
2026-08-17 16:51:13.313 +02:00 [INF] MutagenMon.Core.Monitoring.SessionMonitorService: -------------------------------------------------------------------------------
Name: pc-ub1-appman
Identifier: sync_WpA0olCvqvjQEQWEI4okSZRpusFT7rL8lQ4GYhZtaLh
Alpha:
	URL: C:\sources\appman
	Connected: Yes
	Synchronizable contents:
		904 directories
		2351 files (206 MB)
		0 symbolic links
Beta:
	URL: tparent@pc-ub1:sources/appman
	Connected: Yes
	Synchronizable contents:
		904 directories
		2351 files (206 MB)
		0 symbolic links
Status: Watching for changes
-------------------------------------------------------------------------------
Name: pc-ub1-mutagenmon
Identifier: sync_cqhCMHYAW113J2fcp4bhUwGVWfGtTVQqmgm2tBfy2Q7
Alpha:
	URL: C:\sources\mutagenMon
	Connected: Yes
	Synchronizable contents:
		41 directories
		161 files (1.8 MB)
		0 symbolic links
	Scan problems: 1
Beta:
	URL: tparent@pc-ub1:sources/mutagenMon
	Connected: Yes
	Synchronizable contents:
		41 directories
		161 files (2.2 MB)
		0 symbolic links
Conflicts: 1
Status: Watching for changes
-------------------------------------------------------------------------------

2026-08-17 16:51:13.315 +02:00 [INF] MutagenMon.Core.Monitoring.SessionMonitorService: Session 'pc-ub1-appman' status: Watching for changes, hasProblem: False, HasConflicts: False
2026-08-17 16:51:13.320 +02:00 [INF] MutagenMon.Core.Monitoring.SessionMonitorService: Session 'pc-ub1-mutagenmon' status: Watching for changes, hasProblem: False, HasConflicts: True
2026-08-17 16:51:13.325 +02:00 [INF] MutagenMon.Core.Monitoring.SessionMonitorService: Poll succeeded: worst=Conflicts, enabled=True, profileUpdated=False
2026-08-17 16:51:14.312 +02:00 [INF] MutagenMon.Core.Monitoring.SessionMonitorService: -------------------------------------------------------------------------------
Name: pc-ub1-appman
Identifier: sync_WpA0olCvqvjQEQWEI4okSZRpusFT7rL8lQ4GYhZtaLh
Alpha:
	URL: C:\sources\appman
	Connected: Yes
	Synchronizable contents:
		904 directories
		2351 files (206 MB)
		0 symbolic links
Beta:
	URL: tparent@pc-ub1:sources/appman
	Connected: Yes
	Synchronizable contents:
		904 directories
		2351 files (206 MB)
		0 symbolic links
Status: Watching for changes
-------------------------------------------------------------------------------
Name: pc-ub1-mutagenmon
Identifier: sync_cqhCMHYAW113J2fcp4bhUwGVWfGtTVQqmgm2tBfy2Q7
Alpha:
	URL: C:\sources\mutagenMon
	Connected: Yes
	Synchronizable contents:
		41 directories
		161 files (1.8 MB)
		0 symbolic links
	Scan problems: 1
Beta:
	URL: tparent@pc-ub1:sources/mutagenMon
	Connected: Yes
	Synchronizable contents:
		41 directories
		161 files (2.2 MB)
		0 symbolic links
Conflicts: 1
Status: Watching for changes
-------------------------------------------------------------------------------

2026-08-17 16:51:14.316 +02:00 [INF] MutagenMon.Core.Monitoring.SessionMonitorService: Session 'pc-ub1-appman' status: Watching for changes, hasProblem: False, HasConflicts: False
2026-08-17 16:51:14.320 +02:00 [INF] MutagenMon.Core.Monitoring.SessionMonitorService: Session 'pc-ub1-mutagenmon' status: Watching for changes, hasProblem: False, HasConflicts: True
2026-08-17 16:51:14.324 +02:00 [INF] MutagenMon.Core.Monitoring.SessionMonitorService: Poll succeeded: worst=Conflicts, enabled=True, profileUpdated=False
2026-08-17 16:51:15.290 +02:00 [INF] MutagenMon.Core.Monitoring.SessionMonitorService: -------------------------------------------------------------------------------
Name: pc-ub1-appman
Identifier: sync_WpA0olCvqvjQEQWEI4okSZRpusFT7rL8lQ4GYhZtaLh
Alpha:
	URL: C:\sources\appman
	Connected: Yes
	Synchronizable contents:
		904 directories
		2351 files (206 MB)
		0 symbolic links
Beta:
	URL: tparent@pc-ub1:sources/appman
	Connected: Yes
	Synchronizable contents:
		904 directories
		2351 files (206 MB)
		0 symbolic links
Status: Watching for changes
-------------------------------------------------------------------------------
Name: pc-ub1-mutagenmon
Identifier: sync_cqhCMHYAW113J2fcp4bhUwGVWfGtTVQqmgm2tBfy2Q7
Alpha:
	URL: C:\sources\mutagenMon
	Connected: Yes
	Synchronizable contents:
		41 directories
		161 files (1.8 MB)
		0 symbolic links
	Scan problems: 1
Beta:
	URL: tparent@pc-ub1:sources/mutagenMon
	Connected: Yes
	Synchronizable contents:
		41 directories
		161 files (2.2 MB)
		0 symbolic links
Conflicts: 1
Status: Watching for changes
-------------------------------------------------------------------------------

2026-08-17 16:51:15.294 +02:00 [INF] MutagenMon.Core.Monitoring.SessionMonitorService: Session 'pc-ub1-appman' status: Watching for changes, hasProblem: False, HasConflicts: False
2026-08-17 16:51:15.297 +02:00 [INF] MutagenMon.Core.Monitoring.SessionMonitorService: Session 'pc-ub1-mutagenmon' status: Watching for changes, hasProblem: False, HasConflicts: True
2026-08-17 16:51:15.302 +02:00 [INF] MutagenMon.Core.Monitoring.SessionMonitorService: Poll succeeded: worst=Conflicts, enabled=True, profileUpdated=False
2026-08-17 16:51:16.305 +02:00 [INF] MutagenMon.Core.Monitoring.SessionMonitorService: -------------------------------------------------------------------------------
Name: pc-ub1-appman
Identifier: sync_WpA0olCvqvjQEQWEI4okSZRpusFT7rL8lQ4GYhZtaLh
Alpha:
	URL: C:\sources\appman
	Connected: Yes
	Synchronizable contents:
		904 directories
		2351 files (206 MB)
		0 symbolic links
Beta:
	URL: tparent@pc-ub1:sources/appman
	Connected: Yes
	Synchronizable contents:
		904 directories
		2351 files (206 MB)
		0 symbolic links
Status: Watching for changes
-------------------------------------------------------------------------------
Name: pc-ub1-mutagenmon
Identifier: sync_cqhCMHYAW113J2fcp4bhUwGVWfGtTVQqmgm2tBfy2Q7
Alpha:
	URL: C:\sources\mutagenMon
	Connected: Yes
	Synchronizable contents:
		41 directories
		161 files (1.8 MB)
		0 symbolic links
	Scan problems: 1
Beta:
	URL: tparent@pc-ub1:sources/mutagenMon
	Connected: Yes
	Synchronizable contents:
		41 directories
		161 files (2.2 MB)
		0 symbolic links
Conflicts: 1
Status: Watching for changes
-------------------------------------------------------------------------------

2026-08-17 16:51:16.308 +02:00 [INF] MutagenMon.Core.Monitoring.SessionMonitorService: Session 'pc-ub1-appman' status: Watching for changes, hasProblem: False, HasConflicts: False
2026-08-17 16:51:16.310 +02:00 [INF] MutagenMon.Core.Monitoring.SessionMonitorService: Session 'pc-ub1-mutagenmon' status: Watching for changes, hasProblem: False, HasConflicts: True
2026-08-17 16:51:16.314 +02:00 [INF] MutagenMon.Core.Monitoring.SessionMonitorService: Poll succeeded: worst=Conflicts, enabled=True, profileUpdated=False
2026-08-17 16:51:17.307 +02:00 [INF] MutagenMon.Core.Monitoring.SessionMonitorService: -------------------------------------------------------------------------------
Name: pc-ub1-appman
Identifier: sync_WpA0olCvqvjQEQWEI4okSZRpusFT7rL8lQ4GYhZtaLh
Alpha:
	URL: C:\sources\appman
	Connected: Yes
	Synchronizable contents:
		904 directories
		2351 files (206 MB)
		0 symbolic links
Beta:
	URL: tparent@pc-ub1:sources/appman
	Connected: Yes
	Synchronizable contents:
		904 directories
		2351 files (206 MB)
		0 symbolic links
Status: Watching for changes
-------------------------------------------------------------------------------
Name: pc-ub1-mutagenmon
Identifier: sync_cqhCMHYAW113J2fcp4bhUwGVWfGtTVQqmgm2tBfy2Q7
Alpha:
	URL: C:\sources\mutagenMon
	Connected: Yes
	Synchronizable contents:
		41 directories
		161 files (1.8 MB)
		0 symbolic links
	Scan problems: 1
Beta:
	URL: tparent@pc-ub1:sources/mutagenMon
	Connected: Yes
	Synchronizable contents:
		41 directories
		161 files (2.2 MB)
		0 symbolic links
Conflicts: 1
Status: Watching for changes
-------------------------------------------------------------------------------

2026-08-17 16:51:17.311 +02:00 [INF] MutagenMon.Core.Monitoring.SessionMonitorService: Session 'pc-ub1-appman' status: Watching for changes, hasProblem: False, HasConflicts: False
2026-08-17 16:51:17.313 +02:00 [INF] MutagenMon.Core.Monitoring.SessionMonitorService: Session 'pc-ub1-mutagenmon' status: Watching for changes, hasProblem: False, HasConflicts: True
2026-08-17 16:51:17.320 +02:00 [INF] MutagenMon.Core.Monitoring.SessionMonitorService: Poll succeeded: worst=Conflicts, enabled=True, profileUpdated=False
2026-08-17 16:51:18.274 +02:00 [INF] MutagenMon.Core.Monitoring.SessionMonitorService: -------------------------------------------------------------------------------
Name: pc-ub1-appman
Identifier: sync_WpA0olCvqvjQEQWEI4okSZRpusFT7rL8lQ4GYhZtaLh
Alpha:
	URL: C:\sources\appman
	Connected: Yes
	Synchronizable contents:
		904 directories
		2351 files (206 MB)
		0 symbolic links
Beta:
	URL: tparent@pc-ub1:sources/appman
	Connected: Yes
	Synchronizable contents:
		904 directories
		2351 files (206 MB)
		0 symbolic links
Status: Watching for changes
-------------------------------------------------------------------------------
Name: pc-ub1-mutagenmon
Identifier: sync_cqhCMHYAW113J2fcp4bhUwGVWfGtTVQqmgm2tBfy2Q7
Alpha:
	URL: C:\sources\mutagenMon
	Connected: Yes
	Synchronizable contents:
		41 directories
		161 files (1.8 MB)
		0 symbolic links
	Scan problems: 1
Beta:
	URL: tparent@pc-ub1:sources/mutagenMon
	Connected: Yes
	Synchronizable contents:
		41 directories
		161 files (2.2 MB)
		0 symbolic links
Conflicts: 1
Status: Watching for changes
-------------------------------------------------------------------------------

2026-08-17 16:51:18.276 +02:00 [INF] MutagenMon.Core.Monitoring.SessionMonitorService: Session 'pc-ub1-appman' status: Watching for changes, hasProblem: False, HasConflicts: False
2026-08-17 16:51:18.278 +02:00 [INF] MutagenMon.Core.Monitoring.SessionMonitorService: Session 'pc-ub1-mutagenmon' status: Watching for changes, hasProblem: False, HasConflicts: True
2026-08-17 16:51:18.281 +02:00 [INF] MutagenMon.Core.Monitoring.SessionMonitorService: Poll succeeded: worst=Conflicts, enabled=True, profileUpdated=False
2026-08-17 16:51:19.285 +02:00 [INF] MutagenMon.Core.Monitoring.SessionMonitorService: -------------------------------------------------------------------------------
Name: pc-ub1-appman
Identifier: sync_WpA0olCvqvjQEQWEI4okSZRpusFT7rL8lQ4GYhZtaLh
Alpha:
	URL: C:\sources\appman
	Connected: Yes
	Synchronizable contents:
		904 directories
		2351 files (206 MB)
		0 symbolic links
Beta:
	URL: tparent@pc-ub1:sources/appman
	Connected: Yes
	Synchronizable contents:
		904 directories
		2351 files (206 MB)
		0 symbolic links
Status: Watching for changes
-------------------------------------------------------------------------------
Name: pc-ub1-mutagenmon
Identifier: sync_cqhCMHYAW113J2fcp4bhUwGVWfGtTVQqmgm2tBfy2Q7
Alpha:
	URL: C:\sources\mutagenMon
	Connected: Yes
	Synchronizable contents:
		41 directories
		161 files (1.8 MB)
		0 symbolic links
	Scan problems: 1
Beta:
	URL: tparent@pc-ub1:sources/mutagenMon
	Connected: Yes
	Synchronizable contents:
		41 directories
		161 files (2.2 MB)
		0 symbolic links
Conflicts: 1
Status: Watching for changes
-------------------------------------------------------------------------------

2026-08-17 16:51:19.288 +02:00 [INF] MutagenMon.Core.Monitoring.SessionMonitorService: Session 'pc-ub1-appman' status: Watching for changes, hasProblem: False, HasConflicts: False
2026-08-17 16:51:19.290 +02:00 [INF] MutagenMon.Core.Monitoring.SessionMonitorService: Session 'pc-ub1-mutagenmon' status: Watching for changes, hasProblem: False, HasConflicts: True
2026-08-17 16:51:19.293 +02:00 [INF] MutagenMon.Core.Monitoring.SessionMonitorService: Poll succeeded: worst=Conflicts, enabled=True, profileUpdated=False
2026-08-17 16:51:20.281 +02:00 [INF] MutagenMon.Core.Monitoring.SessionMonitorService: -------------------------------------------------------------------------------
Name: pc-ub1-appman
Identifier: sync_WpA0olCvqvjQEQWEI4okSZRpusFT7rL8lQ4GYhZtaLh
Alpha:
	URL: C:\sources\appman
	Connected: Yes
	Synchronizable contents:
		904 directories
		2351 files (206 MB)
		0 symbolic links
Beta:
	URL: tparent@pc-ub1:sources/appman
	Connected: Yes
	Synchronizable contents:
		904 directories
		2351 files (206 MB)
		0 symbolic links
Status: Watching for changes
-------------------------------------------------------------------------------
Name: pc-ub1-mutagenmon
Identifier: sync_cqhCMHYAW113J2fcp4bhUwGVWfGtTVQqmgm2tBfy2Q7
Alpha:
	URL: C:\sources\mutagenMon
	Connected: Yes
	Synchronizable contents:
		41 directories
		161 files (1.8 MB)
		0 symbolic links
	Scan problems: 1
Beta:
	URL: tparent@pc-ub1:sources/mutagenMon
	Connected: Yes
	Synchronizable contents:
		41 directories
		161 files (2.2 MB)
		0 symbolic links
Conflicts: 1
Status: Watching for changes
-------------------------------------------------------------------------------

2026-08-17 16:51:20.283 +02:00 [INF] MutagenMon.Core.Monitoring.SessionMonitorService: Session 'pc-ub1-appman' status: Watching for changes, hasProblem: False, HasConflicts: False
2026-08-17 16:51:20.286 +02:00 [INF] MutagenMon.Core.Monitoring.SessionMonitorService: Session 'pc-ub1-mutagenmon' status: Watching for changes, hasProblem: False, HasConflicts: True
2026-08-17 16:51:20.288 +02:00 [INF] MutagenMon.Core.Monitoring.SessionMonitorService: Poll succeeded: worst=Conflicts, enabled=True, profileUpdated=False
2026-08-17 16:51:21.312 +02:00 [INF] MutagenMon.Core.Monitoring.SessionMonitorService: -------------------------------------------------------------------------------
Name: pc-ub1-appman
Identifier: sync_WpA0olCvqvjQEQWEI4okSZRpusFT7rL8lQ4GYhZtaLh
Alpha:
	URL: C:\sources\appman
	Connected: Yes
	Synchronizable contents:
		904 directories
		2351 files (206 MB)
		0 symbolic links
Beta:
	URL: tparent@pc-ub1:sources/appman
	Connected: Yes
	Synchronizable contents:
		904 directories
		2351 files (206 MB)
		0 symbolic links
Status: Watching for changes
-------------------------------------------------------------------------------
Name: pc-ub1-mutagenmon
Identifier: sync_cqhCMHYAW113J2fcp4bhUwGVWfGtTVQqmgm2tBfy2Q7
Alpha:
	URL: C:\sources\mutagenMon
	Connected: Yes
	Synchronizable contents:
		41 directories
		161 files (1.8 MB)
		0 symbolic links
	Scan problems: 1
Beta:
	URL: tparent@pc-ub1:sources/mutagenMon
	Connected: Yes
	Synchronizable contents:
		41 directories
		161 files (2.2 MB)
		0 symbolic links
Conflicts: 1
Status: Watching for changes
-------------------------------------------------------------------------------

2026-08-17 16:51:21.316 +02:00 [INF] MutagenMon.Core.Monitoring.SessionMonitorService: Session 'pc-ub1-appman' status: Watching for changes, hasProblem: False, HasConflicts: False
2026-08-17 16:51:21.319 +02:00 [INF] MutagenMon.Core.Monitoring.SessionMonitorService: Session 'pc-ub1-mutagenmon' status: Watching for changes, hasProblem: False, HasConflicts: True
2026-08-17 16:51:21.324 +02:00 [INF] MutagenMon.Core.Monitoring.SessionMonitorService: Poll succeeded: worst=Conflicts, enabled=True, profileUpdated=False
2026-08-17 16:51:22.290 +02:00 [INF] MutagenMon.Core.Monitoring.SessionMonitorService: -------------------------------------------------------------------------------
Name: pc-ub1-appman
Identifier: sync_WpA0olCvqvjQEQWEI4okSZRpusFT7rL8lQ4GYhZtaLh
Alpha:
	URL: C:\sources\appman
	Connected: Yes
	Synchronizable contents:
		904 directories
		2351 files (206 MB)
		0 symbolic links
Beta:
	URL: tparent@pc-ub1:sources/appman
	Connected: Yes
	Synchronizable contents:
		904 directories
		2351 files (206 MB)
		0 symbolic links
Status: Watching for changes
-------------------------------------------------------------------------------
Name: pc-ub1-mutagenmon
Identifier: sync_cqhCMHYAW113J2fcp4bhUwGVWfGtTVQqmgm2tBfy2Q7
Alpha:
	URL: C:\sources\mutagenMon
	Connected: Yes
	Synchronizable contents:
		41 directories
		161 files (1.8 MB)
		0 symbolic links
	Scan problems: 1
Beta:
	URL: tparent@pc-ub1:sources/mutagenMon
	Connected: Yes
	Synchronizable contents:
		41 directories
		161 files (2.2 MB)
		0 symbolic links
Conflicts: 1
Status: Watching for changes
-------------------------------------------------------------------------------

2026-08-17 16:51:22.292 +02:00 [INF] MutagenMon.Core.Monitoring.SessionMonitorService: Session 'pc-ub1-appman' status: Watching for changes, hasProblem: False, HasConflicts: False
2026-08-17 16:51:22.295 +02:00 [INF] MutagenMon.Core.Monitoring.SessionMonitorService: Session 'pc-ub1-mutagenmon' status: Watching for changes, hasProblem: False, HasConflicts: True
2026-08-17 16:51:22.300 +02:00 [INF] MutagenMon.Core.Monitoring.SessionMonitorService: Poll succeeded: worst=Conflicts, enabled=True, profileUpdated=False
2026-08-17 16:51:23.299 +02:00 [INF] MutagenMon.Core.Monitoring.SessionMonitorService: -------------------------------------------------------------------------------
Name: pc-ub1-appman
Identifier: sync_WpA0olCvqvjQEQWEI4okSZRpusFT7rL8lQ4GYhZtaLh
Alpha:
	URL: C:\sources\appman
	Connected: Yes
	Synchronizable contents:
		904 directories
		2351 files (206 MB)
		0 symbolic links
Beta:
	URL: tparent@pc-ub1:sources/appman
	Connected: Yes
	Synchronizable contents:
		904 directories
		2351 files (206 MB)
		0 symbolic links
Status: Watching for changes
-------------------------------------------------------------------------------
Name: pc-ub1-mutagenmon
Identifier: sync_cqhCMHYAW113J2fcp4bhUwGVWfGtTVQqmgm2tBfy2Q7
Alpha:
	URL: C:\sources\mutagenMon
	Connected: Yes
	Synchronizable contents:
		41 directories
		161 files (1.8 MB)
		0 symbolic links
	Scan problems: 1
Beta:
	URL: tparent@pc-ub1:sources/mutagenMon
	Connected: Yes
	Synchronizable contents:
		41 directories
		161 files (2.2 MB)
		0 symbolic links
Conflicts: 1
Status: Watching for changes
-------------------------------------------------------------------------------

2026-08-17 16:51:23.301 +02:00 [INF] MutagenMon.Core.Monitoring.SessionMonitorService: Session 'pc-ub1-appman' status: Watching for changes, hasProblem: False, HasConflicts: False
2026-08-17 16:51:23.302 +02:00 [INF] MutagenMon.Core.Monitoring.SessionMonitorService: Session 'pc-ub1-mutagenmon' status: Watching for changes, hasProblem: False, HasConflicts: True
2026-08-17 16:51:23.304 +02:00 [INF] MutagenMon.Core.Monitoring.SessionMonitorService: Poll succeeded: worst=Conflicts, enabled=True, profileUpdated=False
2026-08-17 16:51:24.274 +02:00 [INF] MutagenMon.Core.Monitoring.SessionMonitorService: -------------------------------------------------------------------------------
Name: pc-ub1-appman
Identifier: sync_WpA0olCvqvjQEQWEI4okSZRpusFT7rL8lQ4GYhZtaLh
Alpha:
	URL: C:\sources\appman
	Connected: Yes
	Synchronizable contents:
		904 directories
		2351 files (206 MB)
		0 symbolic links
Beta:
	URL: tparent@pc-ub1:sources/appman
	Connected: Yes
	Synchronizable contents:
		904 directories
		2351 files (206 MB)
		0 symbolic links
Status: Watching for changes
-------------------------------------------------------------------------------
Name: pc-ub1-mutagenmon
Identifier: sync_cqhCMHYAW113J2fcp4bhUwGVWfGtTVQqmgm2tBfy2Q7
Alpha:
	URL: C:\sources\mutagenMon
	Connected: Yes
	Synchronizable contents:
		41 directories
		161 files (1.8 MB)
		0 symbolic links
	Scan problems: 1
Beta:
	URL: tparent@pc-ub1:sources/mutagenMon
	Connected: Yes
	Synchronizable contents:
		41 directories
		161 files (2.2 MB)
		0 symbolic links
Conflicts: 1
Status: Watching for changes
-------------------------------------------------------------------------------

2026-08-17 16:51:24.276 +02:00 [INF] MutagenMon.Core.Monitoring.SessionMonitorService: Session 'pc-ub1-appman' status: Watching for changes, hasProblem: False, HasConflicts: False
2026-08-17 16:51:24.278 +02:00 [INF] MutagenMon.Core.Monitoring.SessionMonitorService: Session 'pc-ub1-mutagenmon' status: Watching for changes, hasProblem: False, HasConflicts: True
2026-08-17 16:51:24.282 +02:00 [INF] MutagenMon.Core.Monitoring.SessionMonitorService: Poll succeeded: worst=Conflicts, enabled=True, profileUpdated=False
2026-08-17 16:51:25.302 +02:00 [INF] MutagenMon.Core.Monitoring.SessionMonitorService: -------------------------------------------------------------------------------
Name: pc-ub1-appman
Identifier: sync_WpA0olCvqvjQEQWEI4okSZRpusFT7rL8lQ4GYhZtaLh
Alpha:
	URL: C:\sources\appman
	Connected: Yes
	Synchronizable contents:
		904 directories
		2351 files (206 MB)
		0 symbolic links
Beta:
	URL: tparent@pc-ub1:sources/appman
	Connected: Yes
	Synchronizable contents:
		904 directories
		2351 files (206 MB)
		0 symbolic links
Status: Watching for changes
-------------------------------------------------------------------------------
Name: pc-ub1-mutagenmon
Identifier: sync_cqhCMHYAW113J2fcp4bhUwGVWfGtTVQqmgm2tBfy2Q7
Alpha:
	URL: C:\sources\mutagenMon
	Connected: Yes
	Synchronizable contents:
		41 directories
		161 files (1.8 MB)
		0 symbolic links
	Scan problems: 1
Beta:
	URL: tparent@pc-ub1:sources/mutagenMon
	Connected: Yes
	Synchronizable contents:
		41 directories
		161 files (2.2 MB)
		0 symbolic links
Conflicts: 1
Status: Watching for changes
-------------------------------------------------------------------------------

2026-08-17 16:51:25.305 +02:00 [INF] MutagenMon.Core.Monitoring.SessionMonitorService: Session 'pc-ub1-appman' status: Watching for changes, hasProblem: False, HasConflicts: False
2026-08-17 16:51:25.308 +02:00 [INF] MutagenMon.Core.Monitoring.SessionMonitorService: Session 'pc-ub1-mutagenmon' status: Watching for changes, hasProblem: False, HasConflicts: True
2026-08-17 16:51:25.312 +02:00 [INF] MutagenMon.Core.Monitoring.SessionMonitorService: Poll succeeded: worst=Conflicts, enabled=True, profileUpdated=False
2026-08-17 16:51:26.318 +02:00 [INF] MutagenMon.Core.Monitoring.SessionMonitorService: -------------------------------------------------------------------------------
Name: pc-ub1-appman
Identifier: sync_WpA0olCvqvjQEQWEI4okSZRpusFT7rL8lQ4GYhZtaLh
Alpha:
	URL: C:\sources\appman
	Connected: Yes
	Synchronizable contents:
		904 directories
		2351 files (206 MB)
		0 symbolic links
Beta:
	URL: tparent@pc-ub1:sources/appman
	Connected: Yes
	Synchronizable contents:
		904 directories
		2351 files (206 MB)
		0 symbolic links
Status: Watching for changes
-------------------------------------------------------------------------------
Name: pc-ub1-mutagenmon
Identifier: sync_cqhCMHYAW113J2fcp4bhUwGVWfGtTVQqmgm2tBfy2Q7
Alpha:
	URL: C:\sources\mutagenMon
	Connected: Yes
	Synchronizable contents:
		41 directories
		161 files (1.8 MB)
		0 symbolic links
	Scan problems: 1
Beta:
	URL: tparent@pc-ub1:sources/mutagenMon
	Connected: Yes
	Synchronizable contents:
		41 directories
		161 files (2.2 MB)
		0 symbolic links
Conflicts: 1
Status: Watching for changes
-------------------------------------------------------------------------------

2026-08-17 16:51:26.320 +02:00 [INF] MutagenMon.Core.Monitoring.SessionMonitorService: Session 'pc-ub1-appman' status: Watching for changes, hasProblem: False, HasConflicts: False
2026-08-17 16:51:26.322 +02:00 [INF] MutagenMon.Core.Monitoring.SessionMonitorService: Session 'pc-ub1-mutagenmon' status: Watching for changes, hasProblem: False, HasConflicts: True
2026-08-17 16:51:26.325 +02:00 [INF] MutagenMon.Core.Monitoring.SessionMonitorService: Poll succeeded: worst=Conflicts, enabled=True, profileUpdated=False
2026-08-17 16:51:27.297 +02:00 [INF] MutagenMon.Core.Monitoring.SessionMonitorService: -------------------------------------------------------------------------------
Name: pc-ub1-appman
Identifier: sync_WpA0olCvqvjQEQWEI4okSZRpusFT7rL8lQ4GYhZtaLh
Alpha:
	URL: C:\sources\appman
	Connected: Yes
	Synchronizable contents:
		904 directories
		2351 files (206 MB)
		0 symbolic links
Beta:
	URL: tparent@pc-ub1:sources/appman
	Connected: Yes
	Synchronizable contents:
		904 directories
		2351 files (206 MB)
		0 symbolic links
Status: Watching for changes
-------------------------------------------------------------------------------
Name: pc-ub1-mutagenmon
Identifier: sync_cqhCMHYAW113J2fcp4bhUwGVWfGtTVQqmgm2tBfy2Q7
Alpha:
	URL: C:\sources\mutagenMon
	Connected: Yes
	Synchronizable contents:
		41 directories
		161 files (1.8 MB)
		0 symbolic links
	Scan problems: 1
Beta:
	URL: tparent@pc-ub1:sources/mutagenMon
	Connected: Yes
	Synchronizable contents:
		41 directories
		161 files (2.2 MB)
		0 symbolic links
Conflicts: 1
Status: Watching for changes
-------------------------------------------------------------------------------

2026-08-17 16:51:27.302 +02:00 [INF] MutagenMon.Core.Monitoring.SessionMonitorService: Session 'pc-ub1-appman' status: Watching for changes, hasProblem: False, HasConflicts: False
2026-08-17 16:51:27.306 +02:00 [INF] MutagenMon.Core.Monitoring.SessionMonitorService: Session 'pc-ub1-mutagenmon' status: Watching for changes, hasProblem: False, HasConflicts: True
2026-08-17 16:51:27.311 +02:00 [INF] MutagenMon.Core.Monitoring.SessionMonitorService: Poll succeeded: worst=Conflicts, enabled=True, profileUpdated=False
2026-08-17 16:51:28.279 +02:00 [INF] MutagenMon.Core.Monitoring.SessionMonitorService: -------------------------------------------------------------------------------
Name: pc-ub1-appman
Identifier: sync_WpA0olCvqvjQEQWEI4okSZRpusFT7rL8lQ4GYhZtaLh
Alpha:
	URL: C:\sources\appman
	Connected: Yes
	Synchronizable contents:
		904 directories
		2351 files (206 MB)
		0 symbolic links
Beta:
	URL: tparent@pc-ub1:sources/appman
	Connected: Yes
	Synchronizable contents:
		904 directories
		2351 files (206 MB)
		0 symbolic links
Status: Watching for changes
-------------------------------------------------------------------------------
Name: pc-ub1-mutagenmon
Identifier: sync_cqhCMHYAW113J2fcp4bhUwGVWfGtTVQqmgm2tBfy2Q7
Alpha:
	URL: C:\sources\mutagenMon
	Connected: Yes
	Synchronizable contents:
		41 directories
		161 files (1.8 MB)
		0 symbolic links
	Scan problems: 1
Beta:
	URL: tparent@pc-ub1:sources/mutagenMon
	Connected: Yes
	Synchronizable contents:
		41 directories
		161 files (2.2 MB)
		0 symbolic links
Conflicts: 1
Status: Watching for changes
-------------------------------------------------------------------------------

2026-08-17 16:51:28.283 +02:00 [INF] MutagenMon.Core.Monitoring.SessionMonitorService: Session 'pc-ub1-appman' status: Watching for changes, hasProblem: False, HasConflicts: False
2026-08-17 16:51:28.285 +02:00 [INF] MutagenMon.Core.Monitoring.SessionMonitorService: Session 'pc-ub1-mutagenmon' status: Watching for changes, hasProblem: False, HasConflicts: True
2026-08-17 16:51:28.291 +02:00 [INF] MutagenMon.Core.Monitoring.SessionMonitorService: Poll succeeded: worst=Conflicts, enabled=True, profileUpdated=False
2026-08-17 16:51:29.276 +02:00 [INF] MutagenMon.Core.Monitoring.SessionMonitorService: -------------------------------------------------------------------------------
Name: pc-ub1-appman
Identifier: sync_WpA0olCvqvjQEQWEI4okSZRpusFT7rL8lQ4GYhZtaLh
Alpha:
	URL: C:\sources\appman
	Connected: Yes
	Synchronizable contents:
		904 directories
		2351 files (206 MB)
		0 symbolic links
Beta:
	URL: tparent@pc-ub1:sources/appman
	Connected: Yes
	Synchronizable contents:
		904 directories
		2351 files (206 MB)
		0 symbolic links
Status: Watching for changes
-------------------------------------------------------------------------------
Name: pc-ub1-mutagenmon
Identifier: sync_cqhCMHYAW113J2fcp4bhUwGVWfGtTVQqmgm2tBfy2Q7
Alpha:
	URL: C:\sources\mutagenMon
	Connected: Yes
	Synchronizable contents:
		41 directories
		161 files (1.8 MB)
		0 symbolic links
	Scan problems: 1
Beta:
	URL: tparent@pc-ub1:sources/mutagenMon
	Connected: Yes
	Synchronizable contents:
		41 directories
		161 files (2.2 MB)
		0 symbolic links
Conflicts: 1
Status: Watching for changes
-------------------------------------------------------------------------------

2026-08-17 16:51:29.279 +02:00 [INF] MutagenMon.Core.Monitoring.SessionMonitorService: Session 'pc-ub1-appman' status: Watching for changes, hasProblem: False, HasConflicts: False
2026-08-17 16:51:29.281 +02:00 [INF] MutagenMon.Core.Monitoring.SessionMonitorService: Session 'pc-ub1-mutagenmon' status: Watching for changes, hasProblem: False, HasConflicts: True
2026-08-17 16:51:29.285 +02:00 [INF] MutagenMon.Core.Monitoring.SessionMonitorService: Poll succeeded: worst=Conflicts, enabled=True, profileUpdated=False
2026-08-17 16:51:30.298 +02:00 [INF] MutagenMon.Core.Monitoring.SessionMonitorService: -------------------------------------------------------------------------------
Name: pc-ub1-appman
Identifier: sync_WpA0olCvqvjQEQWEI4okSZRpusFT7rL8lQ4GYhZtaLh
Alpha:
	URL: C:\sources\appman
	Connected: Yes
	Synchronizable contents:
		904 directories
		2351 files (206 MB)
		0 symbolic links
Beta:
	URL: tparent@pc-ub1:sources/appman
	Connected: Yes
	Synchronizable contents:
		904 directories
		2351 files (206 MB)
		0 symbolic links
Status: Watching for changes
-------------------------------------------------------------------------------
Name: pc-ub1-mutagenmon
Identifier: sync_cqhCMHYAW113J2fcp4bhUwGVWfGtTVQqmgm2tBfy2Q7
Alpha:
	URL: C:\sources\mutagenMon
	Connected: Yes
	Synchronizable contents:
		41 directories
		161 files (1.8 MB)
		0 symbolic links
	Scan problems: 1
Beta:
	URL: tparent@pc-ub1:sources/mutagenMon
	Connected: Yes
	Synchronizable contents:
		41 directories
		161 files (2.2 MB)
		0 symbolic links
Conflicts: 1
Status: Watching for changes
-------------------------------------------------------------------------------

2026-08-17 16:51:30.301 +02:00 [INF] MutagenMon.Core.Monitoring.SessionMonitorService: Session 'pc-ub1-appman' status: Watching for changes, hasProblem: False, HasConflicts: False
2026-08-17 16:51:30.303 +02:00 [INF] MutagenMon.Core.Monitoring.SessionMonitorService: Session 'pc-ub1-mutagenmon' status: Watching for changes, hasProblem: False, HasConflicts: True
2026-08-17 16:51:30.306 +02:00 [INF] MutagenMon.Core.Monitoring.SessionMonitorService: Poll succeeded: worst=Conflicts, enabled=True, profileUpdated=False
2026-08-17 16:51:31.277 +02:00 [INF] MutagenMon.Core.Monitoring.SessionMonitorService: -------------------------------------------------------------------------------
Name: pc-ub1-appman
Identifier: sync_WpA0olCvqvjQEQWEI4okSZRpusFT7rL8lQ4GYhZtaLh
Alpha:
	URL: C:\sources\appman
	Connected: Yes
	Synchronizable contents:
		904 directories
		2351 files (206 MB)
		0 symbolic links
Beta:
	URL: tparent@pc-ub1:sources/appman
	Connected: Yes
	Synchronizable contents:
		904 directories
		2351 files (206 MB)
		0 symbolic links
Status: Watching for changes
-------------------------------------------------------------------------------
Name: pc-ub1-mutagenmon
Identifier: sync_cqhCMHYAW113J2fcp4bhUwGVWfGtTVQqmgm2tBfy2Q7
Alpha:
	URL: C:\sources\mutagenMon
	Connected: Yes
	Synchronizable contents:
		41 directories
		161 files (1.8 MB)
		0 symbolic links
	Scan problems: 1
Beta:
	URL: tparent@pc-ub1:sources/mutagenMon
	Connected: Yes
	Synchronizable contents:
		41 directories
		161 files (2.2 MB)
		0 symbolic links
Conflicts: 1
Status: Watching for changes
-------------------------------------------------------------------------------

2026-08-17 16:51:31.280 +02:00 [INF] MutagenMon.Core.Monitoring.SessionMonitorService: Session 'pc-ub1-appman' status: Watching for changes, hasProblem: False, HasConflicts: False
2026-08-17 16:51:31.283 +02:00 [INF] MutagenMon.Core.Monitoring.SessionMonitorService: Session 'pc-ub1-mutagenmon' status: Watching for changes, hasProblem: False, HasConflicts: True
2026-08-17 16:51:31.288 +02:00 [INF] MutagenMon.Core.Monitoring.SessionMonitorService: Poll succeeded: worst=Conflicts, enabled=True, profileUpdated=False
2026-08-17 16:51:32.296 +02:00 [INF] MutagenMon.Core.Monitoring.SessionMonitorService: -------------------------------------------------------------------------------
Name: pc-ub1-appman
Identifier: sync_WpA0olCvqvjQEQWEI4okSZRpusFT7rL8lQ4GYhZtaLh
Alpha:
	URL: C:\sources\appman
	Connected: Yes
	Synchronizable contents:
		904 directories
		2351 files (206 MB)
		0 symbolic links
Beta:
	URL: tparent@pc-ub1:sources/appman
	Connected: Yes
	Synchronizable contents:
		904 directories
		2351 files (206 MB)
		0 symbolic links
Status: Watching for changes
-------------------------------------------------------------------------------
Name: pc-ub1-mutagenmon
Identifier: sync_cqhCMHYAW113J2fcp4bhUwGVWfGtTVQqmgm2tBfy2Q7
Alpha:
	URL: C:\sources\mutagenMon
	Connected: Yes
	Synchronizable contents:
		41 directories
		161 files (1.8 MB)
		0 symbolic links
	Scan problems: 1
Beta:
	URL: tparent@pc-ub1:sources/mutagenMon
	Connected: Yes
	Synchronizable contents:
		41 directories
		161 files (2.2 MB)
		0 symbolic links
Conflicts: 1
Status: Watching for changes
-------------------------------------------------------------------------------

2026-08-17 16:51:32.299 +02:00 [INF] MutagenMon.Core.Monitoring.SessionMonitorService: Session 'pc-ub1-appman' status: Watching for changes, hasProblem: False, HasConflicts: False
2026-08-17 16:51:32.301 +02:00 [INF] MutagenMon.Core.Monitoring.SessionMonitorService: Session 'pc-ub1-mutagenmon' status: Watching for changes, hasProblem: False, HasConflicts: True
2026-08-17 16:51:32.304 +02:00 [INF] MutagenMon.Core.Monitoring.SessionMonitorService: Poll succeeded: worst=Conflicts, enabled=True, profileUpdated=False
2026-08-17 16:51:33.320 +02:00 [INF] MutagenMon.Core.Monitoring.SessionMonitorService: -------------------------------------------------------------------------------
Name: pc-ub1-appman
Identifier: sync_WpA0olCvqvjQEQWEI4okSZRpusFT7rL8lQ4GYhZtaLh
Alpha:
	URL: C:\sources\appman
	Connected: Yes
	Synchronizable contents:
		904 directories
		2351 files (206 MB)
		0 symbolic links
Beta:
	URL: tparent@pc-ub1:sources/appman
	Connected: Yes
	Synchronizable contents:
		904 directories
		2351 files (206 MB)
		0 symbolic links
Status: Watching for changes
-------------------------------------------------------------------------------
Name: pc-ub1-mutagenmon
Identifier: sync_cqhCMHYAW113J2fcp4bhUwGVWfGtTVQqmgm2tBfy2Q7
Alpha:
	URL: C:\sources\mutagenMon
	Connected: Yes
	Synchronizable contents:
		41 directories
		161 files (1.8 MB)
		0 symbolic links
	Scan problems: 1
Beta:
	URL: tparent@pc-ub1:sources/mutagenMon
	Connected: Yes
	Synchronizable contents:
		41 directories
		161 files (2.2 MB)
		0 symbolic links
Conflicts: 1
Status: Watching for changes
-------------------------------------------------------------------------------

2026-08-17 16:51:33.323 +02:00 [INF] MutagenMon.Core.Monitoring.SessionMonitorService: Session 'pc-ub1-appman' status: Watching for changes, hasProblem: False, HasConflicts: False
2026-08-17 16:51:33.327 +02:00 [INF] MutagenMon.Core.Monitoring.SessionMonitorService: Session 'pc-ub1-mutagenmon' status: Watching for changes, hasProblem: False, HasConflicts: True
2026-08-17 16:51:33.332 +02:00 [INF] MutagenMon.Core.Monitoring.SessionMonitorService: Poll succeeded: worst=Conflicts, enabled=True, profileUpdated=False
2026-08-17 16:51:34.284 +02:00 [INF] MutagenMon.Core.Monitoring.SessionMonitorService: -------------------------------------------------------------------------------
Name: pc-ub1-appman
Identifier: sync_WpA0olCvqvjQEQWEI4okSZRpusFT7rL8lQ4GYhZtaLh
Alpha:
	URL: C:\sources\appman
	Connected: Yes
	Synchronizable contents:
		904 directories
		2351 files (206 MB)
		0 symbolic links
Beta:
	URL: tparent@pc-ub1:sources/appman
	Connected: Yes
	Synchronizable contents:
		904 directories
		2351 files (206 MB)
		0 symbolic links
Status: Watching for changes
-------------------------------------------------------------------------------
Name: pc-ub1-mutagenmon
Identifier: sync_cqhCMHYAW113J2fcp4bhUwGVWfGtTVQqmgm2tBfy2Q7
Alpha:
	URL: C:\sources\mutagenMon
	Connected: Yes
	Synchronizable contents:
		41 directories
		161 files (1.8 MB)
		0 symbolic links
	Scan problems: 1
Beta:
	URL: tparent@pc-ub1:sources/mutagenMon
	Connected: Yes
	Synchronizable contents:
		41 directories
		161 files (2.2 MB)
		0 symbolic links
Conflicts: 1
Status: Watching for changes
-------------------------------------------------------------------------------

2026-08-17 16:51:34.287 +02:00 [INF] MutagenMon.Core.Monitoring.SessionMonitorService: Session 'pc-ub1-appman' status: Watching for changes, hasProblem: False, HasConflicts: False
2026-08-17 16:51:34.290 +02:00 [INF] MutagenMon.Core.Monitoring.SessionMonitorService: Session 'pc-ub1-mutagenmon' status: Watching for changes, hasProblem: False, HasConflicts: True
2026-08-17 16:51:34.296 +02:00 [INF] MutagenMon.Core.Monitoring.SessionMonitorService: Poll succeeded: worst=Conflicts, enabled=True, profileUpdated=False
2026-08-17 16:51:35.274 +02:00 [INF] MutagenMon.Core.Monitoring.SessionMonitorService: -------------------------------------------------------------------------------
Name: pc-ub1-appman
Identifier: sync_WpA0olCvqvjQEQWEI4okSZRpusFT7rL8lQ4GYhZtaLh
Alpha:
	URL: C:\sources\appman
	Connected: Yes
	Synchronizable contents:
		904 directories
		2351 files (206 MB)
		0 symbolic links
Beta:
	URL: tparent@pc-ub1:sources/appman
	Connected: Yes
	Synchronizable contents:
		904 directories
		2351 files (206 MB)
		0 symbolic links
Status: Watching for changes
-------------------------------------------------------------------------------
Name: pc-ub1-mutagenmon
Identifier: sync_cqhCMHYAW113J2fcp4bhUwGVWfGtTVQqmgm2tBfy2Q7
Alpha:
	URL: C:\sources\mutagenMon
	Connected: Yes
	Synchronizable contents:
		41 directories
		161 files (1.8 MB)
		0 symbolic links
	Scan problems: 1
Beta:
	URL: tparent@pc-ub1:sources/mutagenMon
	Connected: Yes
	Synchronizable contents:
		41 directories
		161 files (2.2 MB)
		0 symbolic links
Conflicts: 1
Status: Watching for changes
-------------------------------------------------------------------------------

2026-08-17 16:51:35.277 +02:00 [INF] MutagenMon.Core.Monitoring.SessionMonitorService: Session 'pc-ub1-appman' status: Watching for changes, hasProblem: False, HasConflicts: False
2026-08-17 16:51:35.279 +02:00 [INF] MutagenMon.Core.Monitoring.SessionMonitorService: Session 'pc-ub1-mutagenmon' status: Watching for changes, hasProblem: False, HasConflicts: True
2026-08-17 16:51:35.283 +02:00 [INF] MutagenMon.Core.Monitoring.SessionMonitorService: Poll succeeded: worst=Conflicts, enabled=True, profileUpdated=False
2026-08-17 16:51:36.326 +02:00 [INF] MutagenMon.Core.Monitoring.SessionMonitorService: -------------------------------------------------------------------------------
Name: pc-ub1-appman
Identifier: sync_WpA0olCvqvjQEQWEI4okSZRpusFT7rL8lQ4GYhZtaLh
Alpha:
	URL: C:\sources\appman
	Connected: Yes
	Synchronizable contents:
		904 directories
		2351 files (206 MB)
		0 symbolic links
Beta:
	URL: tparent@pc-ub1:sources/appman
	Connected: Yes
	Synchronizable contents:
		904 directories
		2351 files (206 MB)
		0 symbolic links
Status: Watching for changes
-------------------------------------------------------------------------------
Name: pc-ub1-mutagenmon
Identifier: sync_cqhCMHYAW113J2fcp4bhUwGVWfGtTVQqmgm2tBfy2Q7
Alpha:
	URL: C:\sources\mutagenMon
	Connected: Yes
	Synchronizable contents:
		41 directories
		161 files (1.8 MB)
		0 symbolic links
	Scan problems: 1
Beta:
	URL: tparent@pc-ub1:sources/mutagenMon
	Connected: Yes
	Synchronizable contents:
		41 directories
		161 files (2.2 MB)
		0 symbolic links
Conflicts: 1
Status: Watching for changes
-------------------------------------------------------------------------------

2026-08-17 16:51:36.329 +02:00 [INF] MutagenMon.Core.Monitoring.SessionMonitorService: Session 'pc-ub1-appman' status: Watching for changes, hasProblem: False, HasConflicts: False
2026-08-17 16:51:36.332 +02:00 [INF] MutagenMon.Core.Monitoring.SessionMonitorService: Session 'pc-ub1-mutagenmon' status: Watching for changes, hasProblem: False, HasConflicts: True
2026-08-17 16:51:36.335 +02:00 [INF] MutagenMon.Core.Monitoring.SessionMonitorService: Poll succeeded: worst=Conflicts, enabled=True, profileUpdated=False
2026-08-17 16:51:37.370 +02:00 [INF] MutagenMon.Core.Monitoring.SessionMonitorService: -------------------------------------------------------------------------------
Name: pc-ub1-appman
Identifier: sync_WpA0olCvqvjQEQWEI4okSZRpusFT7rL8lQ4GYhZtaLh
Alpha:
	URL: C:\sources\appman
	Connected: Yes
	Synchronizable contents:
		904 directories
		2351 files (206 MB)
		0 symbolic links
Beta:
	URL: tparent@pc-ub1:sources/appman
	Connected: Yes
	Synchronizable contents:
		904 directories
		2351 files (206 MB)
		0 symbolic links
Status: Watching for changes
-------------------------------------------------------------------------------
Name: pc-ub1-mutagenmon
Identifier: sync_cqhCMHYAW113J2fcp4bhUwGVWfGtTVQqmgm2tBfy2Q7
Alpha:
	URL: C:\sources\mutagenMon
	Connected: Yes
	Synchronizable contents:
		41 directories
		161 files (1.8 MB)
		0 symbolic links
	Scan problems: 1
Beta:
	URL: tparent@pc-ub1:sources/mutagenMon
	Connected: Yes
	Synchronizable contents:
		41 directories
		161 files (2.2 MB)
		0 symbolic links
Conflicts: 1
Status: Watching for changes
-------------------------------------------------------------------------------

2026-08-17 16:51:37.377 +02:00 [INF] MutagenMon.Core.Monitoring.SessionMonitorService: Session 'pc-ub1-appman' status: Watching for changes, hasProblem: False, HasConflicts: False
2026-08-17 16:51:37.381 +02:00 [INF] MutagenMon.Core.Monitoring.SessionMonitorService: Session 'pc-ub1-mutagenmon' status: Watching for changes, hasProblem: False, HasConflicts: True
2026-08-17 16:51:37.387 +02:00 [INF] MutagenMon.Core.Monitoring.SessionMonitorService: Poll succeeded: worst=Conflicts, enabled=True, profileUpdated=False
2026-08-17 16:51:38.310 +02:00 [INF] MutagenMon.Core.Monitoring.SessionMonitorService: -------------------------------------------------------------------------------
Name: pc-ub1-appman
Identifier: sync_WpA0olCvqvjQEQWEI4okSZRpusFT7rL8lQ4GYhZtaLh
Alpha:
	URL: C:\sources\appman
	Connected: Yes
	Synchronizable contents:
		904 directories
		2351 files (206 MB)
		0 symbolic links
Beta:
	URL: tparent@pc-ub1:sources/appman
	Connected: Yes
	Synchronizable contents:
		904 directories
		2351 files (206 MB)
		0 symbolic links
Status: Watching for changes
-------------------------------------------------------------------------------
Name: pc-ub1-mutagenmon
Identifier: sync_cqhCMHYAW113J2fcp4bhUwGVWfGtTVQqmgm2tBfy2Q7
Alpha:
	URL: C:\sources\mutagenMon
	Connected: Yes
	Synchronizable contents:
		41 directories
		161 files (1.8 MB)
		0 symbolic links
	Scan problems: 1
Beta:
	URL: tparent@pc-ub1:sources/mutagenMon
	Connected: Yes
	Synchronizable contents:
		41 directories
		161 files (2.2 MB)
		0 symbolic links
Conflicts: 1
Status: Watching for changes
-------------------------------------------------------------------------------

2026-08-17 16:51:38.316 +02:00 [INF] MutagenMon.Core.Monitoring.SessionMonitorService: Session 'pc-ub1-appman' status: Watching for changes, hasProblem: False, HasConflicts: False
2026-08-17 16:51:38.320 +02:00 [INF] MutagenMon.Core.Monitoring.SessionMonitorService: Session 'pc-ub1-mutagenmon' status: Watching for changes, hasProblem: False, HasConflicts: True
2026-08-17 16:51:38.322 +02:00 [INF] MutagenMon.Core.Monitoring.SessionMonitorService: Poll succeeded: worst=Conflicts, enabled=True, profileUpdated=False
2026-08-17 16:51:39.283 +02:00 [INF] MutagenMon.Core.Monitoring.SessionMonitorService: -------------------------------------------------------------------------------
Name: pc-ub1-appman
Identifier: sync_WpA0olCvqvjQEQWEI4okSZRpusFT7rL8lQ4GYhZtaLh
Alpha:
	URL: C:\sources\appman
	Connected: Yes
	Synchronizable contents:
		904 directories
		2351 files (206 MB)
		0 symbolic links
Beta:
	URL: tparent@pc-ub1:sources/appman
	Connected: Yes
	Synchronizable contents:
		904 directories
		2351 files (206 MB)
		0 symbolic links
Status: Watching for changes
-------------------------------------------------------------------------------
Name: pc-ub1-mutagenmon
Identifier: sync_cqhCMHYAW113J2fcp4bhUwGVWfGtTVQqmgm2tBfy2Q7
Alpha:
	URL: C:\sources\mutagenMon
	Connected: Yes
	Synchronizable contents:
		41 directories
		161 files (1.8 MB)
		0 symbolic links
	Scan problems: 1
Beta:
	URL: tparent@pc-ub1:sources/mutagenMon
	Connected: Yes
	Synchronizable contents:
		41 directories
		161 files (2.2 MB)
		0 symbolic links
Conflicts: 1
Status: Watching for changes
-------------------------------------------------------------------------------

2026-08-17 16:51:39.286 +02:00 [INF] MutagenMon.Core.Monitoring.SessionMonitorService: Session 'pc-ub1-appman' status: Watching for changes, hasProblem: False, HasConflicts: False
2026-08-17 16:51:39.288 +02:00 [INF] MutagenMon.Core.Monitoring.SessionMonitorService: Session 'pc-ub1-mutagenmon' status: Watching for changes, hasProblem: False, HasConflicts: True
2026-08-17 16:51:39.291 +02:00 [INF] MutagenMon.Core.Monitoring.SessionMonitorService: Poll succeeded: worst=Conflicts, enabled=True, profileUpdated=False
2026-08-17 16:51:40.249 +02:00 [INF] MutagenMon.Core.Monitoring.SessionMonitorService: -------------------------------------------------------------------------------
Name: pc-ub1-appman
Identifier: sync_WpA0olCvqvjQEQWEI4okSZRpusFT7rL8lQ4GYhZtaLh
Alpha:
	URL: C:\sources\appman
	Connected: Yes
	Synchronizable contents:
		904 directories
		2351 files (206 MB)
		0 symbolic links
Beta:
	URL: tparent@pc-ub1:sources/appman
	Connected: Yes
	Synchronizable contents:
		904 directories
		2351 files (206 MB)
		0 symbolic links
Status: Watching for changes
-------------------------------------------------------------------------------
Name: pc-ub1-mutagenmon
Identifier: sync_cqhCMHYAW113J2fcp4bhUwGVWfGtTVQqmgm2tBfy2Q7
Alpha:
	URL: C:\sources\mutagenMon
	Connected: Yes
	Synchronizable contents:
		41 directories
		161 files (1.8 MB)
		0 symbolic links
	Scan problems: 1
Beta:
	URL: tparent@pc-ub1:sources/mutagenMon
	Connected: Yes
	Synchronizable contents:
		41 directories
		161 files (2.2 MB)
		0 symbolic links
Conflicts: 1
Status: Watching for changes
-------------------------------------------------------------------------------

2026-08-17 16:51:40.251 +02:00 [INF] MutagenMon.Core.Monitoring.SessionMonitorService: Session 'pc-ub1-appman' status: Watching for changes, hasProblem: False, HasConflicts: False
2026-08-17 16:51:40.253 +02:00 [INF] MutagenMon.Core.Monitoring.SessionMonitorService: Session 'pc-ub1-mutagenmon' status: Watching for changes, hasProblem: False, HasConflicts: True
2026-08-17 16:51:40.256 +02:00 [INF] MutagenMon.Core.Monitoring.SessionMonitorService: Poll succeeded: worst=Conflicts, enabled=True, profileUpdated=False
2026-08-17 16:51:41.288 +02:00 [INF] MutagenMon.Core.Monitoring.SessionMonitorService: -------------------------------------------------------------------------------
Name: pc-ub1-appman
Identifier: sync_WpA0olCvqvjQEQWEI4okSZRpusFT7rL8lQ4GYhZtaLh
Alpha:
	URL: C:\sources\appman
	Connected: Yes
	Synchronizable contents:
		904 directories
		2351 files (206 MB)
		0 symbolic links
Beta:
	URL: tparent@pc-ub1:sources/appman
	Connected: Yes
	Synchronizable contents:
		904 directories
		2351 files (206 MB)
		0 symbolic links
Status: Watching for changes
-------------------------------------------------------------------------------
Name: pc-ub1-mutagenmon
Identifier: sync_cqhCMHYAW113J2fcp4bhUwGVWfGtTVQqmgm2tBfy2Q7
Alpha:
	URL: C:\sources\mutagenMon
	Connected: Yes
	Synchronizable contents:
		41 directories
		161 files (1.8 MB)
		0 symbolic links
	Scan problems: 1
Beta:
	URL: tparent@pc-ub1:sources/mutagenMon
	Connected: Yes
	Synchronizable contents:
		41 directories
		161 files (2.2 MB)
		0 symbolic links
Conflicts: 1
Status: Watching for changes
-------------------------------------------------------------------------------

2026-08-17 16:51:41.291 +02:00 [INF] MutagenMon.Core.Monitoring.SessionMonitorService: Session 'pc-ub1-appman' status: Watching for changes, hasProblem: False, HasConflicts: False
2026-08-17 16:51:41.294 +02:00 [INF] MutagenMon.Core.Monitoring.SessionMonitorService: Session 'pc-ub1-mutagenmon' status: Watching for changes, hasProblem: False, HasConflicts: True
2026-08-17 16:51:41.297 +02:00 [INF] MutagenMon.Core.Monitoring.SessionMonitorService: Poll succeeded: worst=Conflicts, enabled=True, profileUpdated=False
2026-08-17 16:51:42.289 +02:00 [INF] MutagenMon.Core.Monitoring.SessionMonitorService: -------------------------------------------------------------------------------
Name: pc-ub1-appman
Identifier: sync_WpA0olCvqvjQEQWEI4okSZRpusFT7rL8lQ4GYhZtaLh
Alpha:
	URL: C:\sources\appman
	Connected: Yes
	Synchronizable contents:
		904 directories
		2351 files (206 MB)
		0 symbolic links
Beta:
	URL: tparent@pc-ub1:sources/appman
	Connected: Yes
	Synchronizable contents:
		904 directories
		2351 files (206 MB)
		0 symbolic links
Status: Watching for changes
-------------------------------------------------------------------------------
Name: pc-ub1-mutagenmon
Identifier: sync_cqhCMHYAW113J2fcp4bhUwGVWfGtTVQqmgm2tBfy2Q7
Alpha:
	URL: C:\sources\mutagenMon
	Connected: Yes
	Synchronizable contents:
		41 directories
		161 files (1.8 MB)
		0 symbolic links
	Scan problems: 1
Beta:
	URL: tparent@pc-ub1:sources/mutagenMon
	Connected: Yes
	Synchronizable contents:
		41 directories
		161 files (2.2 MB)
		0 symbolic links
Conflicts: 1
Status: Watching for changes
-------------------------------------------------------------------------------

2026-08-17 16:51:42.292 +02:00 [INF] MutagenMon.Core.Monitoring.SessionMonitorService: Session 'pc-ub1-appman' status: Watching for changes, hasProblem: False, HasConflicts: False
2026-08-17 16:51:42.294 +02:00 [INF] MutagenMon.Core.Monitoring.SessionMonitorService: Session 'pc-ub1-mutagenmon' status: Watching for changes, hasProblem: False, HasConflicts: True
2026-08-17 16:51:42.298 +02:00 [INF] MutagenMon.Core.Monitoring.SessionMonitorService: Poll succeeded: worst=Conflicts, enabled=True, profileUpdated=False
2026-08-17 16:51:43.314 +02:00 [INF] MutagenMon.Core.Monitoring.SessionMonitorService: -------------------------------------------------------------------------------
Name: pc-ub1-appman
Identifier: sync_WpA0olCvqvjQEQWEI4okSZRpusFT7rL8lQ4GYhZtaLh
Alpha:
	URL: C:\sources\appman
	Connected: Yes
	Synchronizable contents:
		904 directories
		2351 files (206 MB)
		0 symbolic links
Beta:
	URL: tparent@pc-ub1:sources/appman
	Connected: Yes
	Synchronizable contents:
		904 directories
		2351 files (206 MB)
		0 symbolic links
Status: Watching for changes
-------------------------------------------------------------------------------
Name: pc-ub1-mutagenmon
Identifier: sync_cqhCMHYAW113J2fcp4bhUwGVWfGtTVQqmgm2tBfy2Q7
Alpha:
	URL: C:\sources\mutagenMon
	Connected: Yes
	Synchronizable contents:
		41 directories
		161 files (1.8 MB)
		0 symbolic links
	Scan problems: 1
Beta:
	URL: tparent@pc-ub1:sources/mutagenMon
	Connected: Yes
	Synchronizable contents:
		41 directories
		161 files (2.2 MB)
		0 symbolic links
Conflicts: 1
Status: Watching for changes
-------------------------------------------------------------------------------

2026-08-17 16:51:43.318 +02:00 [INF] MutagenMon.Core.Monitoring.SessionMonitorService: Session 'pc-ub1-appman' status: Watching for changes, hasProblem: False, HasConflicts: False
2026-08-17 16:51:43.319 +02:00 [INF] MutagenMon.Core.Monitoring.SessionMonitorService: Session 'pc-ub1-mutagenmon' status: Watching for changes, hasProblem: False, HasConflicts: True
2026-08-17 16:51:43.323 +02:00 [INF] MutagenMon.Core.Monitoring.SessionMonitorService: Poll succeeded: worst=Conflicts, enabled=True, profileUpdated=False
2026-08-17 16:51:44.303 +02:00 [INF] MutagenMon.Core.Monitoring.SessionMonitorService: -------------------------------------------------------------------------------
Name: pc-ub1-appman
Identifier: sync_WpA0olCvqvjQEQWEI4okSZRpusFT7rL8lQ4GYhZtaLh
Alpha:
	URL: C:\sources\appman
	Connected: Yes
	Synchronizable contents:
		904 directories
		2351 files (206 MB)
		0 symbolic links
Beta:
	URL: tparent@pc-ub1:sources/appman
	Connected: Yes
	Synchronizable contents:
		904 directories
		2351 files (206 MB)
		0 symbolic links
Status: Watching for changes
-------------------------------------------------------------------------------
Name: pc-ub1-mutagenmon
Identifier: sync_cqhCMHYAW113J2fcp4bhUwGVWfGtTVQqmgm2tBfy2Q7
Alpha:
	URL: C:\sources\mutagenMon
	Connected: Yes
	Synchronizable contents:
		41 directories
		161 files (1.8 MB)
		0 symbolic links
	Scan problems: 1
Beta:
	URL: tparent@pc-ub1:sources/mutagenMon
	Connected: Yes
	Synchronizable contents:
		41 directories
		161 files (2.2 MB)
		0 symbolic links
Conflicts: 1
Status: Watching for changes
-------------------------------------------------------------------------------

2026-08-17 16:51:44.305 +02:00 [INF] MutagenMon.Core.Monitoring.SessionMonitorService: Session 'pc-ub1-appman' status: Watching for changes, hasProblem: False, HasConflicts: False
2026-08-17 16:51:44.307 +02:00 [INF] MutagenMon.Core.Monitoring.SessionMonitorService: Session 'pc-ub1-mutagenmon' status: Watching for changes, hasProblem: False, HasConflicts: True
2026-08-17 16:51:44.311 +02:00 [INF] MutagenMon.Core.Monitoring.SessionMonitorService: Poll succeeded: worst=Conflicts, enabled=True, profileUpdated=False
2026-08-17 16:51:45.316 +02:00 [INF] MutagenMon.Core.Monitoring.SessionMonitorService: -------------------------------------------------------------------------------
Name: pc-ub1-appman
Identifier: sync_WpA0olCvqvjQEQWEI4okSZRpusFT7rL8lQ4GYhZtaLh
Alpha:
	URL: C:\sources\appman
	Connected: Yes
	Synchronizable contents:
		904 directories
		2351 files (206 MB)
		0 symbolic links
Beta:
	URL: tparent@pc-ub1:sources/appman
	Connected: Yes
	Synchronizable contents:
		904 directories
		2351 files (206 MB)
		0 symbolic links
Status: Watching for changes
-------------------------------------------------------------------------------
Name: pc-ub1-mutagenmon
Identifier: sync_cqhCMHYAW113J2fcp4bhUwGVWfGtTVQqmgm2tBfy2Q7
Alpha:
	URL: C:\sources\mutagenMon
	Connected: Yes
	Synchronizable contents:
		41 directories
		161 files (1.8 MB)
		0 symbolic links
	Scan problems: 1
Beta:
	URL: tparent@pc-ub1:sources/mutagenMon
	Connected: Yes
	Synchronizable contents:
		41 directories
		161 files (2.2 MB)
		0 symbolic links
Conflicts: 1
Status: Watching for changes
-------------------------------------------------------------------------------

2026-08-17 16:51:45.318 +02:00 [INF] MutagenMon.Core.Monitoring.SessionMonitorService: Session 'pc-ub1-appman' status: Watching for changes, hasProblem: False, HasConflicts: False
2026-08-17 16:51:45.320 +02:00 [INF] MutagenMon.Core.Monitoring.SessionMonitorService: Session 'pc-ub1-mutagenmon' status: Watching for changes, hasProblem: False, HasConflicts: True
2026-08-17 16:51:45.325 +02:00 [INF] MutagenMon.Core.Monitoring.SessionMonitorService: Poll succeeded: worst=Conflicts, enabled=True, profileUpdated=False
2026-08-17 16:51:46.266 +02:00 [INF] MutagenMon.Core.Monitoring.SessionMonitorService: -------------------------------------------------------------------------------
Name: pc-ub1-appman
Identifier: sync_WpA0olCvqvjQEQWEI4okSZRpusFT7rL8lQ4GYhZtaLh
Alpha:
	URL: C:\sources\appman
	Connected: Yes
	Synchronizable contents:
		904 directories
		2351 files (206 MB)
		0 symbolic links
Beta:
	URL: tparent@pc-ub1:sources/appman
	Connected: Yes
	Synchronizable contents:
		904 directories
		2351 files (206 MB)
		0 symbolic links
Status: Watching for changes
-------------------------------------------------------------------------------
Name: pc-ub1-mutagenmon
Identifier: sync_cqhCMHYAW113J2fcp4bhUwGVWfGtTVQqmgm2tBfy2Q7
Alpha:
	URL: C:\sources\mutagenMon
	Connected: Yes
	Synchronizable contents:
		41 directories
		161 files (1.8 MB)
		0 symbolic links
	Scan problems: 1
Beta:
	URL: tparent@pc-ub1:sources/mutagenMon
	Connected: Yes
	Synchronizable contents:
		41 directories
		161 files (2.2 MB)
		0 symbolic links
Conflicts: 1
Status: Watching for changes
-------------------------------------------------------------------------------

2026-08-17 16:51:46.268 +02:00 [INF] MutagenMon.Core.Monitoring.SessionMonitorService: Session 'pc-ub1-appman' status: Watching for changes, hasProblem: False, HasConflicts: False
2026-08-17 16:51:46.270 +02:00 [INF] MutagenMon.Core.Monitoring.SessionMonitorService: Session 'pc-ub1-mutagenmon' status: Watching for changes, hasProblem: False, HasConflicts: True
2026-08-17 16:51:46.272 +02:00 [INF] MutagenMon.Core.Monitoring.SessionMonitorService: Poll succeeded: worst=Conflicts, enabled=True, profileUpdated=False
2026-08-17 16:51:47.338 +02:00 [INF] MutagenMon.Core.Monitoring.SessionMonitorService: -------------------------------------------------------------------------------
Name: pc-ub1-appman
Identifier: sync_WpA0olCvqvjQEQWEI4okSZRpusFT7rL8lQ4GYhZtaLh
Alpha:
	URL: C:\sources\appman
	Connected: Yes
	Synchronizable contents:
		904 directories
		2351 files (206 MB)
		0 symbolic links
Beta:
	URL: tparent@pc-ub1:sources/appman
	Connected: Yes
	Synchronizable contents:
		904 directories
		2351 files (206 MB)
		0 symbolic links
Status: Watching for changes
-------------------------------------------------------------------------------
Name: pc-ub1-mutagenmon
Identifier: sync_cqhCMHYAW113J2fcp4bhUwGVWfGtTVQqmgm2tBfy2Q7
Alpha:
	URL: C:\sources\mutagenMon
	Connected: Yes
	Synchronizable contents:
		41 directories
		161 files (1.8 MB)
		0 symbolic links
	Scan problems: 1
Beta:
	URL: tparent@pc-ub1:sources/mutagenMon
	Connected: Yes
	Synchronizable contents:
		41 directories
		161 files (2.2 MB)
		0 symbolic links
Conflicts: 1
Status: Watching for changes
-------------------------------------------------------------------------------

2026-08-17 16:51:47.341 +02:00 [INF] MutagenMon.Core.Monitoring.SessionMonitorService: Session 'pc-ub1-appman' status: Watching for changes, hasProblem: False, HasConflicts: False
2026-08-17 16:51:47.342 +02:00 [INF] MutagenMon.Core.Monitoring.SessionMonitorService: Session 'pc-ub1-mutagenmon' status: Watching for changes, hasProblem: False, HasConflicts: True
2026-08-17 16:51:47.345 +02:00 [INF] MutagenMon.Core.Monitoring.SessionMonitorService: Poll succeeded: worst=Conflicts, enabled=True, profileUpdated=False
2026-08-17 16:51:48.298 +02:00 [INF] MutagenMon.Core.Monitoring.SessionMonitorService: -------------------------------------------------------------------------------
Name: pc-ub1-appman
Identifier: sync_WpA0olCvqvjQEQWEI4okSZRpusFT7rL8lQ4GYhZtaLh
Alpha:
	URL: C:\sources\appman
	Connected: Yes
	Synchronizable contents:
		904 directories
		2351 files (206 MB)
		0 symbolic links
Beta:
	URL: tparent@pc-ub1:sources/appman
	Connected: Yes
	Synchronizable contents:
		904 directories
		2351 files (206 MB)
		0 symbolic links
Status: Watching for changes
-------------------------------------------------------------------------------
Name: pc-ub1-mutagenmon
Identifier: sync_cqhCMHYAW113J2fcp4bhUwGVWfGtTVQqmgm2tBfy2Q7
Alpha:
	URL: C:\sources\mutagenMon
	Connected: Yes
	Synchronizable contents:
		41 directories
		161 files (1.8 MB)
		0 symbolic links
	Scan problems: 1
Beta:
	URL: tparent@pc-ub1:sources/mutagenMon
	Connected: Yes
	Synchronizable contents:
		41 directories
		161 files (2.2 MB)
		0 symbolic links
Conflicts: 1
Status: Watching for changes
-------------------------------------------------------------------------------

2026-08-17 16:51:48.300 +02:00 [INF] MutagenMon.Core.Monitoring.SessionMonitorService: Session 'pc-ub1-appman' status: Watching for changes, hasProblem: False, HasConflicts: False
2026-08-17 16:51:48.302 +02:00 [INF] MutagenMon.Core.Monitoring.SessionMonitorService: Session 'pc-ub1-mutagenmon' status: Watching for changes, hasProblem: False, HasConflicts: True
2026-08-17 16:51:48.305 +02:00 [INF] MutagenMon.Core.Monitoring.SessionMonitorService: Poll succeeded: worst=Conflicts, enabled=True, profileUpdated=False
2026-08-17 16:51:49.330 +02:00 [INF] MutagenMon.Core.Monitoring.SessionMonitorService: -------------------------------------------------------------------------------
Name: pc-ub1-appman
Identifier: sync_WpA0olCvqvjQEQWEI4okSZRpusFT7rL8lQ4GYhZtaLh
Alpha:
	URL: C:\sources\appman
	Connected: Yes
	Synchronizable contents:
		904 directories
		2351 files (206 MB)
		0 symbolic links
Beta:
	URL: tparent@pc-ub1:sources/appman
	Connected: Yes
	Synchronizable contents:
		904 directories
		2351 files (206 MB)
		0 symbolic links
Status: Watching for changes
-------------------------------------------------------------------------------
Name: pc-ub1-mutagenmon
Identifier: sync_cqhCMHYAW113J2fcp4bhUwGVWfGtTVQqmgm2tBfy2Q7
Alpha:
	URL: C:\sources\mutagenMon
	Connected: Yes
	Synchronizable contents:
		41 directories
		161 files (1.8 MB)
		0 symbolic links
	Scan problems: 1
Beta:
	URL: tparent@pc-ub1:sources/mutagenMon
	Connected: Yes
	Synchronizable contents:
		41 directories
		161 files (2.2 MB)
		0 symbolic links
Conflicts: 1
Status: Watching for changes
-------------------------------------------------------------------------------

2026-08-17 16:51:49.333 +02:00 [INF] MutagenMon.Core.Monitoring.SessionMonitorService: Session 'pc-ub1-appman' status: Watching for changes, hasProblem: False, HasConflicts: False
2026-08-17 16:51:49.336 +02:00 [INF] MutagenMon.Core.Monitoring.SessionMonitorService: Session 'pc-ub1-mutagenmon' status: Watching for changes, hasProblem: False, HasConflicts: True
2026-08-17 16:51:49.340 +02:00 [INF] MutagenMon.Core.Monitoring.SessionMonitorService: Poll succeeded: worst=Conflicts, enabled=True, profileUpdated=False
2026-08-17 16:51:50.289 +02:00 [INF] MutagenMon.Core.Monitoring.SessionMonitorService: -------------------------------------------------------------------------------
Name: pc-ub1-appman
Identifier: sync_WpA0olCvqvjQEQWEI4okSZRpusFT7rL8lQ4GYhZtaLh
Alpha:
	URL: C:\sources\appman
	Connected: Yes
	Synchronizable contents:
		904 directories
		2351 files (206 MB)
		0 symbolic links
Beta:
	URL: tparent@pc-ub1:sources/appman
	Connected: Yes
	Synchronizable contents:
		904 directories
		2351 files (206 MB)
		0 symbolic links
Status: Watching for changes
-------------------------------------------------------------------------------
Name: pc-ub1-mutagenmon
Identifier: sync_cqhCMHYAW113J2fcp4bhUwGVWfGtTVQqmgm2tBfy2Q7
Alpha:
	URL: C:\sources\mutagenMon
	Connected: Yes
	Synchronizable contents:
		41 directories
		161 files (1.8 MB)
		0 symbolic links
	Scan problems: 1
Beta:
	URL: tparent@pc-ub1:sources/mutagenMon
	Connected: Yes
	Synchronizable contents:
		41 directories
		161 files (2.2 MB)
		0 symbolic links
Conflicts: 1
Status: Watching for changes
-------------------------------------------------------------------------------

2026-08-17 16:51:50.291 +02:00 [INF] MutagenMon.Core.Monitoring.SessionMonitorService: Session 'pc-ub1-appman' status: Watching for changes, hasProblem: False, HasConflicts: False
2026-08-17 16:51:50.293 +02:00 [INF] MutagenMon.Core.Monitoring.SessionMonitorService: Session 'pc-ub1-mutagenmon' status: Watching for changes, hasProblem: False, HasConflicts: True
2026-08-17 16:51:50.296 +02:00 [INF] MutagenMon.Core.Monitoring.SessionMonitorService: Poll succeeded: worst=Conflicts, enabled=True, profileUpdated=False
2026-08-17 16:51:51.293 +02:00 [INF] MutagenMon.Core.Monitoring.SessionMonitorService: -------------------------------------------------------------------------------
Name: pc-ub1-appman
Identifier: sync_WpA0olCvqvjQEQWEI4okSZRpusFT7rL8lQ4GYhZtaLh
Alpha:
	URL: C:\sources\appman
	Connected: Yes
	Synchronizable contents:
		904 directories
		2351 files (206 MB)
		0 symbolic links
Beta:
	URL: tparent@pc-ub1:sources/appman
	Connected: Yes
	Synchronizable contents:
		904 directories
		2351 files (206 MB)
		0 symbolic links
Status: Watching for changes
-------------------------------------------------------------------------------
Name: pc-ub1-mutagenmon
Identifier: sync_cqhCMHYAW113J2fcp4bhUwGVWfGtTVQqmgm2tBfy2Q7
Alpha:
	URL: C:\sources\mutagenMon
	Connected: Yes
	Synchronizable contents:
		41 directories
		161 files (1.8 MB)
		0 symbolic links
	Scan problems: 1
Beta:
	URL: tparent@pc-ub1:sources/mutagenMon
	Connected: Yes
	Synchronizable contents:
		41 directories
		161 files (2.2 MB)
		0 symbolic links
Conflicts: 1
Status: Watching for changes
-------------------------------------------------------------------------------

2026-08-17 16:51:51.296 +02:00 [INF] MutagenMon.Core.Monitoring.SessionMonitorService: Session 'pc-ub1-appman' status: Watching for changes, hasProblem: False, HasConflicts: False
2026-08-17 16:51:51.299 +02:00 [INF] MutagenMon.Core.Monitoring.SessionMonitorService: Session 'pc-ub1-mutagenmon' status: Watching for changes, hasProblem: False, HasConflicts: True
2026-08-17 16:51:51.303 +02:00 [INF] MutagenMon.Core.Monitoring.SessionMonitorService: Poll succeeded: worst=Conflicts, enabled=True, profileUpdated=False
2026-08-17 16:51:52.286 +02:00 [INF] MutagenMon.Core.Monitoring.SessionMonitorService: -------------------------------------------------------------------------------
Name: pc-ub1-appman
Identifier: sync_WpA0olCvqvjQEQWEI4okSZRpusFT7rL8lQ4GYhZtaLh
Alpha:
	URL: C:\sources\appman
	Connected: Yes
	Synchronizable contents:
		904 directories
		2351 files (206 MB)
		0 symbolic links
Beta:
	URL: tparent@pc-ub1:sources/appman
	Connected: Yes
	Synchronizable contents:
		904 directories
		2351 files (206 MB)
		0 symbolic links
Status: Watching for changes
-------------------------------------------------------------------------------
Name: pc-ub1-mutagenmon
Identifier: sync_cqhCMHYAW113J2fcp4bhUwGVWfGtTVQqmgm2tBfy2Q7
Alpha:
	URL: C:\sources\mutagenMon
	Connected: Yes
	Synchronizable contents:
		41 directories
		161 files (1.8 MB)
		0 symbolic links
	Scan problems: 1
Beta:
	URL: tparent@pc-ub1:sources/mutagenMon
	Connected: Yes
	Synchronizable contents:
		41 directories
		161 files (2.2 MB)
		0 symbolic links
Conflicts: 1
Status: Watching for changes
-------------------------------------------------------------------------------

2026-08-17 16:51:52.287 +02:00 [INF] MutagenMon.Core.Monitoring.SessionMonitorService: Session 'pc-ub1-appman' status: Watching for changes, hasProblem: False, HasConflicts: False
2026-08-17 16:51:52.289 +02:00 [INF] MutagenMon.Core.Monitoring.SessionMonitorService: Session 'pc-ub1-mutagenmon' status: Watching for changes, hasProblem: False, HasConflicts: True
2026-08-17 16:51:52.293 +02:00 [INF] MutagenMon.Core.Monitoring.SessionMonitorService: Poll succeeded: worst=Conflicts, enabled=True, profileUpdated=False
2026-08-17 16:51:53.315 +02:00 [INF] MutagenMon.Core.Monitoring.SessionMonitorService: -------------------------------------------------------------------------------
Name: pc-ub1-appman
Identifier: sync_WpA0olCvqvjQEQWEI4okSZRpusFT7rL8lQ4GYhZtaLh
Alpha:
	URL: C:\sources\appman
	Connected: Yes
	Synchronizable contents:
		904 directories
		2351 files (206 MB)
		0 symbolic links
Beta:
	URL: tparent@pc-ub1:sources/appman
	Connected: Yes
	Synchronizable contents:
		904 directories
		2351 files (206 MB)
		0 symbolic links
Status: Watching for changes
-------------------------------------------------------------------------------
Name: pc-ub1-mutagenmon
Identifier: sync_cqhCMHYAW113J2fcp4bhUwGVWfGtTVQqmgm2tBfy2Q7
Alpha:
	URL: C:\sources\mutagenMon
	Connected: Yes
	Synchronizable contents:
		41 directories
		161 files (1.8 MB)
		0 symbolic links
	Scan problems: 1
Beta:
	URL: tparent@pc-ub1:sources/mutagenMon
	Connected: Yes
	Synchronizable contents:
		41 directories
		161 files (2.2 MB)
		0 symbolic links
Conflicts: 1
Status: Watching for changes
-------------------------------------------------------------------------------

2026-08-17 16:51:53.318 +02:00 [INF] MutagenMon.Core.Monitoring.SessionMonitorService: Session 'pc-ub1-appman' status: Watching for changes, hasProblem: False, HasConflicts: False
2026-08-17 16:51:53.319 +02:00 [INF] MutagenMon.Core.Monitoring.SessionMonitorService: Session 'pc-ub1-mutagenmon' status: Watching for changes, hasProblem: False, HasConflicts: True
2026-08-17 16:51:53.322 +02:00 [INF] MutagenMon.Core.Monitoring.SessionMonitorService: Poll succeeded: worst=Conflicts, enabled=True, profileUpdated=False
2026-08-17 16:51:54.323 +02:00 [INF] MutagenMon.Core.Monitoring.SessionMonitorService: -------------------------------------------------------------------------------
Name: pc-ub1-appman
Identifier: sync_WpA0olCvqvjQEQWEI4okSZRpusFT7rL8lQ4GYhZtaLh
Alpha:
	URL: C:\sources\appman
	Connected: Yes
	Synchronizable contents:
		904 directories
		2351 files (206 MB)
		0 symbolic links
Beta:
	URL: tparent@pc-ub1:sources/appman
	Connected: Yes
	Synchronizable contents:
		904 directories
		2351 files (206 MB)
		0 symbolic links
Status: Watching for changes
-------------------------------------------------------------------------------
Name: pc-ub1-mutagenmon
Identifier: sync_cqhCMHYAW113J2fcp4bhUwGVWfGtTVQqmgm2tBfy2Q7
Alpha:
	URL: C:\sources\mutagenMon
	Connected: Yes
	Synchronizable contents:
		41 directories
		161 files (1.8 MB)
		0 symbolic links
	Scan problems: 1
Beta:
	URL: tparent@pc-ub1:sources/mutagenMon
	Connected: Yes
	Synchronizable contents:
		41 directories
		161 files (2.2 MB)
		0 symbolic links
Conflicts: 1
Status: Watching for changes
-------------------------------------------------------------------------------

2026-08-17 16:51:54.326 +02:00 [INF] MutagenMon.Core.Monitoring.SessionMonitorService: Session 'pc-ub1-appman' status: Watching for changes, hasProblem: False, HasConflicts: False
2026-08-17 16:51:54.328 +02:00 [INF] MutagenMon.Core.Monitoring.SessionMonitorService: Session 'pc-ub1-mutagenmon' status: Watching for changes, hasProblem: False, HasConflicts: True
2026-08-17 16:51:54.330 +02:00 [INF] MutagenMon.Core.Monitoring.SessionMonitorService: Poll succeeded: worst=Conflicts, enabled=True, profileUpdated=False
2026-08-17 16:51:55.320 +02:00 [INF] MutagenMon.Core.Monitoring.SessionMonitorService: -------------------------------------------------------------------------------
Name: pc-ub1-appman
Identifier: sync_WpA0olCvqvjQEQWEI4okSZRpusFT7rL8lQ4GYhZtaLh
Alpha:
	URL: C:\sources\appman
	Connected: Yes
	Synchronizable contents:
		904 directories
		2351 files (206 MB)
		0 symbolic links
Beta:
	URL: tparent@pc-ub1:sources/appman
	Connected: Yes
	Synchronizable contents:
		904 directories
		2351 files (206 MB)
		0 symbolic links
Status: Watching for changes
-------------------------------------------------------------------------------
Name: pc-ub1-mutagenmon
Identifier: sync_cqhCMHYAW113J2fcp4bhUwGVWfGtTVQqmgm2tBfy2Q7
Alpha:
	URL: C:\sources\mutagenMon
	Connected: Yes
	Synchronizable contents:
		41 directories
		161 files (1.8 MB)
		0 symbolic links
	Scan problems: 1
Beta:
	URL: tparent@pc-ub1:sources/mutagenMon
	Connected: Yes
	Synchronizable contents:
		41 directories
		161 files (2.2 MB)
		0 symbolic links
Conflicts: 1
Status: Watching for changes
-------------------------------------------------------------------------------

2026-08-17 16:51:55.324 +02:00 [INF] MutagenMon.Core.Monitoring.SessionMonitorService: Session 'pc-ub1-appman' status: Watching for changes, hasProblem: False, HasConflicts: False
2026-08-17 16:51:55.327 +02:00 [INF] MutagenMon.Core.Monitoring.SessionMonitorService: Session 'pc-ub1-mutagenmon' status: Watching for changes, hasProblem: False, HasConflicts: True
2026-08-17 16:51:55.333 +02:00 [INF] MutagenMon.Core.Monitoring.SessionMonitorService: Poll succeeded: worst=Conflicts, enabled=True, profileUpdated=False
2026-08-17 16:51:56.315 +02:00 [INF] MutagenMon.Core.Monitoring.SessionMonitorService: -------------------------------------------------------------------------------
Name: pc-ub1-appman
Identifier: sync_WpA0olCvqvjQEQWEI4okSZRpusFT7rL8lQ4GYhZtaLh
Alpha:
	URL: C:\sources\appman
	Connected: Yes
	Synchronizable contents:
		904 directories
		2351 files (206 MB)
		0 symbolic links
Beta:
	URL: tparent@pc-ub1:sources/appman
	Connected: Yes
	Synchronizable contents:
		904 directories
		2351 files (206 MB)
		0 symbolic links
Status: Watching for changes
-------------------------------------------------------------------------------
Name: pc-ub1-mutagenmon
Identifier: sync_cqhCMHYAW113J2fcp4bhUwGVWfGtTVQqmgm2tBfy2Q7
Alpha:
	URL: C:\sources\mutagenMon
	Connected: Yes
	Synchronizable contents:
		41 directories
		161 files (1.8 MB)
		0 symbolic links
	Scan problems: 1
Beta:
	URL: tparent@pc-ub1:sources/mutagenMon
	Connected: Yes
	Synchronizable contents:
		41 directories
		161 files (2.2 MB)
		0 symbolic links
Conflicts: 1
Status: Watching for changes
-------------------------------------------------------------------------------

2026-08-17 16:51:56.318 +02:00 [INF] MutagenMon.Core.Monitoring.SessionMonitorService: Session 'pc-ub1-appman' status: Watching for changes, hasProblem: False, HasConflicts: False
2026-08-17 16:51:56.320 +02:00 [INF] MutagenMon.Core.Monitoring.SessionMonitorService: Session 'pc-ub1-mutagenmon' status: Watching for changes, hasProblem: False, HasConflicts: True
2026-08-17 16:51:56.323 +02:00 [INF] MutagenMon.Core.Monitoring.SessionMonitorService: Poll succeeded: worst=Conflicts, enabled=True, profileUpdated=False
2026-08-17 16:51:57.274 +02:00 [INF] MutagenMon.Core.Monitoring.SessionMonitorService: -------------------------------------------------------------------------------
Name: pc-ub1-appman
Identifier: sync_WpA0olCvqvjQEQWEI4okSZRpusFT7rL8lQ4GYhZtaLh
Alpha:
	URL: C:\sources\appman
	Connected: Yes
	Synchronizable contents:
		904 directories
		2351 files (206 MB)
		0 symbolic links
Beta:
	URL: tparent@pc-ub1:sources/appman
	Connected: Yes
	Synchronizable contents:
		904 directories
		2351 files (206 MB)
		0 symbolic links
Status: Watching for changes
-------------------------------------------------------------------------------
Name: pc-ub1-mutagenmon
Identifier: sync_cqhCMHYAW113J2fcp4bhUwGVWfGtTVQqmgm2tBfy2Q7
Alpha:
	URL: C:\sources\mutagenMon
	Connected: Yes
	Synchronizable contents:
		41 directories
		161 files (1.8 MB)
		0 symbolic links
	Scan problems: 1
Beta:
	URL: tparent@pc-ub1:sources/mutagenMon
	Connected: Yes
	Synchronizable contents:
		41 directories
		161 files (2.2 MB)
		0 symbolic links
Conflicts: 1
Status: Watching for changes
-------------------------------------------------------------------------------

2026-08-17 16:51:57.276 +02:00 [INF] MutagenMon.Core.Monitoring.SessionMonitorService: Session 'pc-ub1-appman' status: Watching for changes, hasProblem: False, HasConflicts: False
2026-08-17 16:51:57.278 +02:00 [INF] MutagenMon.Core.Monitoring.SessionMonitorService: Session 'pc-ub1-mutagenmon' status: Watching for changes, hasProblem: False, HasConflicts: True
2026-08-17 16:51:57.281 +02:00 [INF] MutagenMon.Core.Monitoring.SessionMonitorService: Poll succeeded: worst=Conflicts, enabled=True, profileUpdated=False
2026-08-17 16:51:58.336 +02:00 [INF] MutagenMon.Core.Monitoring.SessionMonitorService: -------------------------------------------------------------------------------
Name: pc-ub1-appman
Identifier: sync_WpA0olCvqvjQEQWEI4okSZRpusFT7rL8lQ4GYhZtaLh
Alpha:
	URL: C:\sources\appman
	Connected: Yes
	Synchronizable contents:
		904 directories
		2351 files (206 MB)
		0 symbolic links
Beta:
	URL: tparent@pc-ub1:sources/appman
	Connected: Yes
	Synchronizable contents:
		904 directories
		2351 files (206 MB)
		0 symbolic links
Status: Watching for changes
-------------------------------------------------------------------------------
Name: pc-ub1-mutagenmon
Identifier: sync_cqhCMHYAW113J2fcp4bhUwGVWfGtTVQqmgm2tBfy2Q7
Alpha:
	URL: C:\sources\mutagenMon
	Connected: Yes
	Synchronizable contents:
		41 directories
		161 files (1.8 MB)
		0 symbolic links
	Scan problems: 1
Beta:
	URL: tparent@pc-ub1:sources/mutagenMon
	Connected: Yes
	Synchronizable contents:
		41 directories
		161 files (2.2 MB)
		0 symbolic links
Conflicts: 1
Status: Watching for changes
-------------------------------------------------------------------------------

2026-08-17 16:51:58.339 +02:00 [INF] MutagenMon.Core.Monitoring.SessionMonitorService: Session 'pc-ub1-appman' status: Watching for changes, hasProblem: False, HasConflicts: False
2026-08-17 16:51:58.341 +02:00 [INF] MutagenMon.Core.Monitoring.SessionMonitorService: Session 'pc-ub1-mutagenmon' status: Watching for changes, hasProblem: False, HasConflicts: True
2026-08-17 16:51:58.343 +02:00 [INF] MutagenMon.Core.Monitoring.SessionMonitorService: Poll succeeded: worst=Conflicts, enabled=True, profileUpdated=False
2026-08-17 16:51:59.297 +02:00 [INF] MutagenMon.Core.Monitoring.SessionMonitorService: -------------------------------------------------------------------------------
Name: pc-ub1-appman
Identifier: sync_WpA0olCvqvjQEQWEI4okSZRpusFT7rL8lQ4GYhZtaLh
Alpha:
	URL: C:\sources\appman
	Connected: Yes
	Synchronizable contents:
		904 directories
		2351 files (206 MB)
		0 symbolic links
Beta:
	URL: tparent@pc-ub1:sources/appman
	Connected: Yes
	Synchronizable contents:
		904 directories
		2351 files (206 MB)
		0 symbolic links
Status: Watching for changes
-------------------------------------------------------------------------------
Name: pc-ub1-mutagenmon
Identifier: sync_cqhCMHYAW113J2fcp4bhUwGVWfGtTVQqmgm2tBfy2Q7
Alpha:
	URL: C:\sources\mutagenMon
	Connected: Yes
	Synchronizable contents:
		41 directories
		161 files (1.8 MB)
		0 symbolic links
	Scan problems: 1
Beta:
	URL: tparent@pc-ub1:sources/mutagenMon
	Connected: Yes
	Synchronizable contents:
		41 directories
		161 files (2.2 MB)
		0 symbolic links
Conflicts: 1
Status: Watching for changes
-------------------------------------------------------------------------------

2026-08-17 16:51:59.300 +02:00 [INF] MutagenMon.Core.Monitoring.SessionMonitorService: Session 'pc-ub1-appman' status: Watching for changes, hasProblem: False, HasConflicts: False
2026-08-17 16:51:59.301 +02:00 [INF] MutagenMon.Core.Monitoring.SessionMonitorService: Session 'pc-ub1-mutagenmon' status: Watching for changes, hasProblem: False, HasConflicts: True
2026-08-17 16:51:59.304 +02:00 [INF] MutagenMon.Core.Monitoring.SessionMonitorService: Poll succeeded: worst=Conflicts, enabled=True, profileUpdated=False
2026-08-17 16:52:00.306 +02:00 [INF] MutagenMon.Core.Monitoring.SessionMonitorService: -------------------------------------------------------------------------------
Name: pc-ub1-appman
Identifier: sync_WpA0olCvqvjQEQWEI4okSZRpusFT7rL8lQ4GYhZtaLh
Alpha:
	URL: C:\sources\appman
	Connected: Yes
	Synchronizable contents:
		904 directories
		2351 files (206 MB)
		0 symbolic links
Beta:
	URL: tparent@pc-ub1:sources/appman
	Connected: Yes
	Synchronizable contents:
		904 directories
		2351 files (206 MB)
		0 symbolic links
Status: Watching for changes
-------------------------------------------------------------------------------
Name: pc-ub1-mutagenmon
Identifier: sync_cqhCMHYAW113J2fcp4bhUwGVWfGtTVQqmgm2tBfy2Q7
Alpha:
	URL: C:\sources\mutagenMon
	Connected: Yes
	Synchronizable contents:
		41 directories
		161 files (1.8 MB)
		0 symbolic links
	Scan problems: 1
Beta:
	URL: tparent@pc-ub1:sources/mutagenMon
	Connected: Yes
	Synchronizable contents:
		41 directories
		161 files (2.2 MB)
		0 symbolic links
Conflicts: 1
Status: Watching for changes
-------------------------------------------------------------------------------

2026-08-17 16:52:00.308 +02:00 [INF] MutagenMon.Core.Monitoring.SessionMonitorService: Session 'pc-ub1-appman' status: Watching for changes, hasProblem: False, HasConflicts: False
2026-08-17 16:52:00.310 +02:00 [INF] MutagenMon.Core.Monitoring.SessionMonitorService: Session 'pc-ub1-mutagenmon' status: Watching for changes, hasProblem: False, HasConflicts: True
2026-08-17 16:52:00.315 +02:00 [INF] MutagenMon.Core.Monitoring.SessionMonitorService: Poll succeeded: worst=Conflicts, enabled=True, profileUpdated=False
2026-08-17 16:52:01.322 +02:00 [INF] MutagenMon.Core.Monitoring.SessionMonitorService: -------------------------------------------------------------------------------
Name: pc-ub1-appman
Identifier: sync_WpA0olCvqvjQEQWEI4okSZRpusFT7rL8lQ4GYhZtaLh
Alpha:
	URL: C:\sources\appman
	Connected: Yes
	Synchronizable contents:
		904 directories
		2351 files (206 MB)
		0 symbolic links
Beta:
	URL: tparent@pc-ub1:sources/appman
	Connected: Yes
	Synchronizable contents:
		904 directories
		2351 files (206 MB)
		0 symbolic links
Status: Watching for changes
-------------------------------------------------------------------------------
Name: pc-ub1-mutagenmon
Identifier: sync_cqhCMHYAW113J2fcp4bhUwGVWfGtTVQqmgm2tBfy2Q7
Alpha:
	URL: C:\sources\mutagenMon
	Connected: Yes
	Synchronizable contents:
		41 directories
		161 files (1.9 MB)
		0 symbolic links
	Scan problems: 1
Beta:
	URL: tparent@pc-ub1:sources/mutagenMon
	Connected: Yes
	Synchronizable contents:
		41 directories
		161 files (2.2 MB)
		0 symbolic links
Conflicts: 1
Status: Watching for changes
-------------------------------------------------------------------------------

2026-08-17 16:52:01.325 +02:00 [INF] MutagenMon.Core.Monitoring.SessionMonitorService: Session 'pc-ub1-appman' status: Watching for changes, hasProblem: False, HasConflicts: False
2026-08-17 16:52:01.328 +02:00 [INF] MutagenMon.Core.Monitoring.SessionMonitorService: Session 'pc-ub1-mutagenmon' status: Watching for changes, hasProblem: False, HasConflicts: True
2026-08-17 16:52:01.332 +02:00 [INF] MutagenMon.Core.Monitoring.SessionMonitorService: Poll succeeded: worst=Conflicts, enabled=True, profileUpdated=False
2026-08-17 16:52:02.250 +02:00 [INF] MutagenMon.Core.Monitoring.SessionMonitorService: -------------------------------------------------------------------------------
Name: pc-ub1-appman
Identifier: sync_WpA0olCvqvjQEQWEI4okSZRpusFT7rL8lQ4GYhZtaLh
Alpha:
	URL: C:\sources\appman
	Connected: Yes
	Synchronizable contents:
		904 directories
		2351 files (206 MB)
		0 symbolic links
Beta:
	URL: tparent@pc-ub1:sources/appman
	Connected: Yes
	Synchronizable contents:
		904 directories
		2351 files (206 MB)
		0 symbolic links
Status: Watching for changes
-------------------------------------------------------------------------------
Name: pc-ub1-mutagenmon
Identifier: sync_cqhCMHYAW113J2fcp4bhUwGVWfGtTVQqmgm2tBfy2Q7
Alpha:
	URL: C:\sources\mutagenMon
	Connected: Yes
	Synchronizable contents:
		41 directories
		161 files (1.9 MB)
		0 symbolic links
	Scan problems: 1
Beta:
	URL: tparent@pc-ub1:sources/mutagenMon
	Connected: Yes
	Synchronizable contents:
		41 directories
		161 files (2.2 MB)
		0 symbolic links
Conflicts: 1
Status: Watching for changes
-------------------------------------------------------------------------------

2026-08-17 16:52:02.253 +02:00 [INF] MutagenMon.Core.Monitoring.SessionMonitorService: Session 'pc-ub1-appman' status: Watching for changes, hasProblem: False, HasConflicts: False
2026-08-17 16:52:02.256 +02:00 [INF] MutagenMon.Core.Monitoring.SessionMonitorService: Session 'pc-ub1-mutagenmon' status: Watching for changes, hasProblem: False, HasConflicts: True
2026-08-17 16:52:02.259 +02:00 [INF] MutagenMon.Core.Monitoring.SessionMonitorService: Poll succeeded: worst=Conflicts, enabled=True, profileUpdated=False
2026-08-17 16:52:03.326 +02:00 [INF] MutagenMon.Core.Monitoring.SessionMonitorService: -------------------------------------------------------------------------------
Name: pc-ub1-appman
Identifier: sync_WpA0olCvqvjQEQWEI4okSZRpusFT7rL8lQ4GYhZtaLh
Alpha:
	URL: C:\sources\appman
	Connected: Yes
	Synchronizable contents:
		904 directories
		2351 files (206 MB)
		0 symbolic links
Beta:
	URL: tparent@pc-ub1:sources/appman
	Connected: Yes
	Synchronizable contents:
		904 directories
		2351 files (206 MB)
		0 symbolic links
Status: Watching for changes
-------------------------------------------------------------------------------
Name: pc-ub1-mutagenmon
Identifier: sync_cqhCMHYAW113J2fcp4bhUwGVWfGtTVQqmgm2tBfy2Q7
Alpha:
	URL: C:\sources\mutagenMon
	Connected: Yes
	Synchronizable contents:
		41 directories
		161 files (1.9 MB)
		0 symbolic links
	Scan problems: 1
Beta:
	URL: tparent@pc-ub1:sources/mutagenMon
	Connected: Yes
	Synchronizable contents:
		41 directories
		161 files (2.2 MB)
		0 symbolic links
Conflicts: 1
Status: Watching for changes
-------------------------------------------------------------------------------

2026-08-17 16:52:03.344 +02:00 [INF] MutagenMon.Core.Monitoring.SessionMonitorService: Session 'pc-ub1-appman' status: Watching for changes, hasProblem: False, HasConflicts: False
2026-08-17 16:52:03.346 +02:00 [INF] MutagenMon.Core.Monitoring.SessionMonitorService: Session 'pc-ub1-mutagenmon' status: Watching for changes, hasProblem: False, HasConflicts: True
2026-08-17 16:52:03.350 +02:00 [INF] MutagenMon.Core.Monitoring.SessionMonitorService: Poll succeeded: worst=Conflicts, enabled=True, profileUpdated=False
2026-08-17 16:52:04.339 +02:00 [INF] MutagenMon.Core.Monitoring.SessionMonitorService: -------------------------------------------------------------------------------
Name: pc-ub1-appman
Identifier: sync_WpA0olCvqvjQEQWEI4okSZRpusFT7rL8lQ4GYhZtaLh
Alpha:
	URL: C:\sources\appman
	Connected: Yes
	Synchronizable contents:
		904 directories
		2351 files (206 MB)
		0 symbolic links
Beta:
	URL: tparent@pc-ub1:sources/appman
	Connected: Yes
	Synchronizable contents:
		904 directories
		2351 files (206 MB)
		0 symbolic links
Status: Watching for changes
-------------------------------------------------------------------------------
Name: pc-ub1-mutagenmon
Identifier: sync_cqhCMHYAW113J2fcp4bhUwGVWfGtTVQqmgm2tBfy2Q7
Alpha:
	URL: C:\sources\mutagenMon
	Connected: Yes
	Synchronizable contents:
		41 directories
		161 files (1.9 MB)
		0 symbolic links
	Scan problems: 1
Beta:
	URL: tparent@pc-ub1:sources/mutagenMon
	Connected: Yes
	Synchronizable contents:
		41 directories
		161 files (2.2 MB)
		0 symbolic links
Conflicts: 1
Status: Watching for changes
-------------------------------------------------------------------------------

2026-08-17 16:52:04.342 +02:00 [INF] MutagenMon.Core.Monitoring.SessionMonitorService: Session 'pc-ub1-appman' status: Watching for changes, hasProblem: False, HasConflicts: False
2026-08-17 16:52:04.347 +02:00 [INF] MutagenMon.Core.Monitoring.SessionMonitorService: Session 'pc-ub1-mutagenmon' status: Watching for changes, hasProblem: False, HasConflicts: True
2026-08-17 16:52:04.354 +02:00 [INF] MutagenMon.Core.Monitoring.SessionMonitorService: Poll succeeded: worst=Conflicts, enabled=True, profileUpdated=False
2026-08-17 16:52:05.280 +02:00 [INF] MutagenMon.Core.Monitoring.SessionMonitorService: -------------------------------------------------------------------------------
Name: pc-ub1-appman
Identifier: sync_WpA0olCvqvjQEQWEI4okSZRpusFT7rL8lQ4GYhZtaLh
Alpha:
	URL: C:\sources\appman
	Connected: Yes
	Synchronizable contents:
		904 directories
		2351 files (206 MB)
		0 symbolic links
Beta:
	URL: tparent@pc-ub1:sources/appman
	Connected: Yes
	Synchronizable contents:
		904 directories
		2351 files (206 MB)
		0 symbolic links
Status: Watching for changes
-------------------------------------------------------------------------------
Name: pc-ub1-mutagenmon
Identifier: sync_cqhCMHYAW113J2fcp4bhUwGVWfGtTVQqmgm2tBfy2Q7
Alpha:
	URL: C:\sources\mutagenMon
	Connected: Yes
	Synchronizable contents:
		41 directories
		161 files (1.9 MB)
		0 symbolic links
	Scan problems: 1
Beta:
	URL: tparent@pc-ub1:sources/mutagenMon
	Connected: Yes
	Synchronizable contents:
		41 directories
		161 files (2.2 MB)
		0 symbolic links
Conflicts: 1
Status: Watching for changes
-------------------------------------------------------------------------------

2026-08-17 16:52:05.284 +02:00 [INF] MutagenMon.Core.Monitoring.SessionMonitorService: Session 'pc-ub1-appman' status: Watching for changes, hasProblem: False, HasConflicts: False
2026-08-17 16:52:05.287 +02:00 [INF] MutagenMon.Core.Monitoring.SessionMonitorService: Session 'pc-ub1-mutagenmon' status: Watching for changes, hasProblem: False, HasConflicts: True
2026-08-17 16:52:05.291 +02:00 [INF] MutagenMon.Core.Monitoring.SessionMonitorService: Poll succeeded: worst=Conflicts, enabled=True, profileUpdated=False
2026-08-17 16:52:06.289 +02:00 [INF] MutagenMon.Core.Monitoring.SessionMonitorService: -------------------------------------------------------------------------------
Name: pc-ub1-appman
Identifier: sync_WpA0olCvqvjQEQWEI4okSZRpusFT7rL8lQ4GYhZtaLh
Alpha:
	URL: C:\sources\appman
	Connected: Yes
	Synchronizable contents:
		904 directories
		2351 files (206 MB)
		0 symbolic links
Beta:
	URL: tparent@pc-ub1:sources/appman
	Connected: Yes
	Synchronizable contents:
		904 directories
		2351 files (206 MB)
		0 symbolic links
Status: Watching for changes
-------------------------------------------------------------------------------
Name: pc-ub1-mutagenmon
Identifier: sync_cqhCMHYAW113J2fcp4bhUwGVWfGtTVQqmgm2tBfy2Q7
Alpha:
	URL: C:\sources\mutagenMon
	Connected: Yes
	Synchronizable contents:
		41 directories
		161 files (1.9 MB)
		0 symbolic links
	Scan problems: 1
Beta:
	URL: tparent@pc-ub1:sources/mutagenMon
	Connected: Yes
	Synchronizable contents:
		41 directories
		161 files (2.2 MB)
		0 symbolic links
Conflicts: 1
Status: Watching for changes
-------------------------------------------------------------------------------

2026-08-17 16:52:06.293 +02:00 [INF] MutagenMon.Core.Monitoring.SessionMonitorService: Session 'pc-ub1-appman' status: Watching for changes, hasProblem: False, HasConflicts: False
2026-08-17 16:52:06.296 +02:00 [INF] MutagenMon.Core.Monitoring.SessionMonitorService: Session 'pc-ub1-mutagenmon' status: Watching for changes, hasProblem: False, HasConflicts: True
2026-08-17 16:52:06.300 +02:00 [INF] MutagenMon.Core.Monitoring.SessionMonitorService: Poll succeeded: worst=Conflicts, enabled=True, profileUpdated=False
2026-08-17 16:52:07.277 +02:00 [INF] MutagenMon.Core.Monitoring.SessionMonitorService: -------------------------------------------------------------------------------
Name: pc-ub1-appman
Identifier: sync_WpA0olCvqvjQEQWEI4okSZRpusFT7rL8lQ4GYhZtaLh
Alpha:
	URL: C:\sources\appman
	Connected: Yes
	Synchronizable contents:
		904 directories
		2351 files (206 MB)
		0 symbolic links
Beta:
	URL: tparent@pc-ub1:sources/appman
	Connected: Yes
	Synchronizable contents:
		904 directories
		2351 files (206 MB)
		0 symbolic links
Status: Watching for changes
-------------------------------------------------------------------------------
Name: pc-ub1-mutagenmon
Identifier: sync_cqhCMHYAW113J2fcp4bhUwGVWfGtTVQqmgm2tBfy2Q7
Alpha:
	URL: C:\sources\mutagenMon
	Connected: Yes
	Synchronizable contents:
		41 directories
		161 files (1.9 MB)
		0 symbolic links
	Scan problems: 1
Beta:
	URL: tparent@pc-ub1:sources/mutagenMon
	Connected: Yes
	Synchronizable contents:
		41 directories
		161 files (2.2 MB)
		0 symbolic links
Conflicts: 1
Status: Watching for changes
-------------------------------------------------------------------------------

2026-08-17 16:52:07.279 +02:00 [INF] MutagenMon.Core.Monitoring.SessionMonitorService: Session 'pc-ub1-appman' status: Watching for changes, hasProblem: False, HasConflicts: False
2026-08-17 16:52:07.282 +02:00 [INF] MutagenMon.Core.Monitoring.SessionMonitorService: Session 'pc-ub1-mutagenmon' status: Watching for changes, hasProblem: False, HasConflicts: True
2026-08-17 16:52:07.286 +02:00 [INF] MutagenMon.Core.Monitoring.SessionMonitorService: Poll succeeded: worst=Conflicts, enabled=True, profileUpdated=False
2026-08-17 16:52:08.349 +02:00 [INF] MutagenMon.Core.Monitoring.SessionMonitorService: -------------------------------------------------------------------------------
Name: pc-ub1-appman
Identifier: sync_WpA0olCvqvjQEQWEI4okSZRpusFT7rL8lQ4GYhZtaLh
Alpha:
	URL: C:\sources\appman
	Connected: Yes
	Synchronizable contents:
		904 directories
		2351 files (206 MB)
		0 symbolic links
Beta:
	URL: tparent@pc-ub1:sources/appman
	Connected: Yes
	Synchronizable contents:
		904 directories
		2351 files (206 MB)
		0 symbolic links
Status: Watching for changes
-------------------------------------------------------------------------------
Name: pc-ub1-mutagenmon
Identifier: sync_cqhCMHYAW113J2fcp4bhUwGVWfGtTVQqmgm2tBfy2Q7
Alpha:
	URL: C:\sources\mutagenMon
	Connected: Yes
	Synchronizable contents:
		41 directories
		161 files (1.9 MB)
		0 symbolic links
	Scan problems: 1
Beta:
	URL: tparent@pc-ub1:sources/mutagenMon
	Connected: Yes
	Synchronizable contents:
		41 directories
		161 files (2.2 MB)
		0 symbolic links
Conflicts: 1
Status: Watching for changes
-------------------------------------------------------------------------------

2026-08-17 16:52:08.352 +02:00 [INF] MutagenMon.Core.Monitoring.SessionMonitorService: Session 'pc-ub1-appman' status: Watching for changes, hasProblem: False, HasConflicts: False
2026-08-17 16:52:08.354 +02:00 [INF] MutagenMon.Core.Monitoring.SessionMonitorService: Session 'pc-ub1-mutagenmon' status: Watching for changes, hasProblem: False, HasConflicts: True
2026-08-17 16:52:08.357 +02:00 [INF] MutagenMon.Core.Monitoring.SessionMonitorService: Poll succeeded: worst=Conflicts, enabled=True, profileUpdated=False
2026-08-17 16:52:09.278 +02:00 [INF] MutagenMon.Core.Monitoring.SessionMonitorService: -------------------------------------------------------------------------------
Name: pc-ub1-appman
Identifier: sync_WpA0olCvqvjQEQWEI4okSZRpusFT7rL8lQ4GYhZtaLh
Alpha:
	URL: C:\sources\appman
	Connected: Yes
	Synchronizable contents:
		904 directories
		2351 files (206 MB)
		0 symbolic links
Beta:
	URL: tparent@pc-ub1:sources/appman
	Connected: Yes
	Synchronizable contents:
		904 directories
		2351 files (206 MB)
		0 symbolic links
Status: Watching for changes
-------------------------------------------------------------------------------
Name: pc-ub1-mutagenmon
Identifier: sync_cqhCMHYAW113J2fcp4bhUwGVWfGtTVQqmgm2tBfy2Q7
Alpha:
	URL: C:\sources\mutagenMon
	Connected: Yes
	Synchronizable contents:
		41 directories
		161 files (1.9 MB)
		0 symbolic links
	Scan problems: 1
Beta:
	URL: tparent@pc-ub1:sources/mutagenMon
	Connected: Yes
	Synchronizable contents:
		41 directories
		161 files (2.2 MB)
		0 symbolic links
Conflicts: 1
Status: Watching for changes
-------------------------------------------------------------------------------

2026-08-17 16:52:09.282 +02:00 [INF] MutagenMon.Core.Monitoring.SessionMonitorService: Session 'pc-ub1-appman' status: Watching for changes, hasProblem: False, HasConflicts: False
2026-08-17 16:52:09.286 +02:00 [INF] MutagenMon.Core.Monitoring.SessionMonitorService: Session 'pc-ub1-mutagenmon' status: Watching for changes, hasProblem: False, HasConflicts: True
2026-08-17 16:52:09.290 +02:00 [INF] MutagenMon.Core.Monitoring.SessionMonitorService: Poll succeeded: worst=Conflicts, enabled=True, profileUpdated=False
2026-08-17 16:52:10.279 +02:00 [INF] MutagenMon.Core.Monitoring.SessionMonitorService: -------------------------------------------------------------------------------
Name: pc-ub1-appman
Identifier: sync_WpA0olCvqvjQEQWEI4okSZRpusFT7rL8lQ4GYhZtaLh
Alpha:
	URL: C:\sources\appman
	Connected: Yes
	Synchronizable contents:
		904 directories
		2351 files (206 MB)
		0 symbolic links
Beta:
	URL: tparent@pc-ub1:sources/appman
	Connected: Yes
	Synchronizable contents:
		904 directories
		2351 files (206 MB)
		0 symbolic links
Status: Watching for changes
-------------------------------------------------------------------------------
Name: pc-ub1-mutagenmon
Identifier: sync_cqhCMHYAW113J2fcp4bhUwGVWfGtTVQqmgm2tBfy2Q7
Alpha:
	URL: C:\sources\mutagenMon
	Connected: Yes
	Synchronizable contents:
		41 directories
		161 files (1.9 MB)
		0 symbolic links
	Scan problems: 1
Beta:
	URL: tparent@pc-ub1:sources/mutagenMon
	Connected: Yes
	Synchronizable contents:
		41 directories
		161 files (2.2 MB)
		0 symbolic links
Conflicts: 1
Status: Watching for changes
-------------------------------------------------------------------------------

2026-08-17 16:52:10.283 +02:00 [INF] MutagenMon.Core.Monitoring.SessionMonitorService: Session 'pc-ub1-appman' status: Watching for changes, hasProblem: False, HasConflicts: False
2026-08-17 16:52:10.286 +02:00 [INF] MutagenMon.Core.Monitoring.SessionMonitorService: Session 'pc-ub1-mutagenmon' status: Watching for changes, hasProblem: False, HasConflicts: True
2026-08-17 16:52:10.289 +02:00 [INF] MutagenMon.Core.Monitoring.SessionMonitorService: Poll succeeded: worst=Conflicts, enabled=True, profileUpdated=False
2026-08-17 16:52:11.272 +02:00 [INF] MutagenMon.Core.Monitoring.SessionMonitorService: -------------------------------------------------------------------------------
Name: pc-ub1-appman
Identifier: sync_WpA0olCvqvjQEQWEI4okSZRpusFT7rL8lQ4GYhZtaLh
Alpha:
	URL: C:\sources\appman
	Connected: Yes
	Synchronizable contents:
		904 directories
		2351 files (206 MB)
		0 symbolic links
Beta:
	URL: tparent@pc-ub1:sources/appman
	Connected: Yes
	Synchronizable contents:
		904 directories
		2351 files (206 MB)
		0 symbolic links
Status: Watching for changes
-------------------------------------------------------------------------------
Name: pc-ub1-mutagenmon
Identifier: sync_cqhCMHYAW113J2fcp4bhUwGVWfGtTVQqmgm2tBfy2Q7
Alpha:
	URL: C:\sources\mutagenMon
	Connected: Yes
	Synchronizable contents:
		41 directories
		161 files (1.9 MB)
		0 symbolic links
	Scan problems: 1
Beta:
	URL: tparent@pc-ub1:sources/mutagenMon
	Connected: Yes
	Synchronizable contents:
		41 directories
		161 files (2.2 MB)
		0 symbolic links
Conflicts: 1
Status: Watching for changes
-------------------------------------------------------------------------------

2026-08-17 16:52:11.275 +02:00 [INF] MutagenMon.Core.Monitoring.SessionMonitorService: Session 'pc-ub1-appman' status: Watching for changes, hasProblem: False, HasConflicts: False
2026-08-17 16:52:11.278 +02:00 [INF] MutagenMon.Core.Monitoring.SessionMonitorService: Session 'pc-ub1-mutagenmon' status: Watching for changes, hasProblem: False, HasConflicts: True
2026-08-17 16:52:11.281 +02:00 [INF] MutagenMon.Core.Monitoring.SessionMonitorService: Poll succeeded: worst=Conflicts, enabled=True, profileUpdated=False
2026-08-17 16:52:12.292 +02:00 [INF] MutagenMon.Core.Monitoring.SessionMonitorService: -------------------------------------------------------------------------------
Name: pc-ub1-appman
Identifier: sync_WpA0olCvqvjQEQWEI4okSZRpusFT7rL8lQ4GYhZtaLh
Alpha:
	URL: C:\sources\appman
	Connected: Yes
	Synchronizable contents:
		904 directories
		2351 files (206 MB)
		0 symbolic links
Beta:
	URL: tparent@pc-ub1:sources/appman
	Connected: Yes
	Synchronizable contents:
		904 directories
		2351 files (206 MB)
		0 symbolic links
Status: Watching for changes
-------------------------------------------------------------------------------
Name: pc-ub1-mutagenmon
Identifier: sync_cqhCMHYAW113J2fcp4bhUwGVWfGtTVQqmgm2tBfy2Q7
Alpha:
	URL: C:\sources\mutagenMon
	Connected: Yes
	Synchronizable contents:
		41 directories
		161 files (1.9 MB)
		0 symbolic links
	Scan problems: 1
Beta:
	URL: tparent@pc-ub1:sources/mutagenMon
	Connected: Yes
	Synchronizable contents:
		41 directories
		161 files (2.2 MB)
		0 symbolic links
Conflicts: 1
Status: Watching for changes
-------------------------------------------------------------------------------

2026-08-17 16:52:12.294 +02:00 [INF] MutagenMon.Core.Monitoring.SessionMonitorService: Session 'pc-ub1-appman' status: Watching for changes, hasProblem: False, HasConflicts: False
2026-08-17 16:52:12.296 +02:00 [INF] MutagenMon.Core.Monitoring.SessionMonitorService: Session 'pc-ub1-mutagenmon' status: Watching for changes, hasProblem: False, HasConflicts: True
2026-08-17 16:52:12.299 +02:00 [INF] MutagenMon.Core.Monitoring.SessionMonitorService: Poll succeeded: worst=Conflicts, enabled=True, profileUpdated=False
2026-08-17 16:52:13.302 +02:00 [INF] MutagenMon.Core.Monitoring.SessionMonitorService: -------------------------------------------------------------------------------
Name: pc-ub1-appman
Identifier: sync_WpA0olCvqvjQEQWEI4okSZRpusFT7rL8lQ4GYhZtaLh
Alpha:
	URL: C:\sources\appman
	Connected: Yes
	Synchronizable contents:
		904 directories
		2351 files (206 MB)
		0 symbolic links
Beta:
	URL: tparent@pc-ub1:sources/appman
	Connected: Yes
	Synchronizable contents:
		904 directories
		2351 files (206 MB)
		0 symbolic links
Status: Watching for changes
-------------------------------------------------------------------------------
Name: pc-ub1-mutagenmon
Identifier: sync_cqhCMHYAW113J2fcp4bhUwGVWfGtTVQqmgm2tBfy2Q7
Alpha:
	URL: C:\sources\mutagenMon
	Connected: Yes
	Synchronizable contents:
		41 directories
		161 files (1.9 MB)
		0 symbolic links
	Scan problems: 1
Beta:
	URL: tparent@pc-ub1:sources/mutagenMon
	Connected: Yes
	Synchronizable contents:
		41 directories
		161 files (2.2 MB)
		0 symbolic links
Conflicts: 1
Status: Watching for changes
-------------------------------------------------------------------------------

2026-08-17 16:52:13.304 +02:00 [INF] MutagenMon.Core.Monitoring.SessionMonitorService: Session 'pc-ub1-appman' status: Watching for changes, hasProblem: False, HasConflicts: False
2026-08-17 16:52:13.306 +02:00 [INF] MutagenMon.Core.Monitoring.SessionMonitorService: Session 'pc-ub1-mutagenmon' status: Watching for changes, hasProblem: False, HasConflicts: True
2026-08-17 16:52:13.309 +02:00 [INF] MutagenMon.Core.Monitoring.SessionMonitorService: Poll succeeded: worst=Conflicts, enabled=True, profileUpdated=False
2026-08-17 16:52:14.270 +02:00 [INF] MutagenMon.Core.Monitoring.SessionMonitorService: -------------------------------------------------------------------------------
Name: pc-ub1-appman
Identifier: sync_WpA0olCvqvjQEQWEI4okSZRpusFT7rL8lQ4GYhZtaLh
Alpha:
	URL: C:\sources\appman
	Connected: Yes
	Synchronizable contents:
		904 directories
		2351 files (206 MB)
		0 symbolic links
Beta:
	URL: tparent@pc-ub1:sources/appman
	Connected: Yes
	Synchronizable contents:
		904 directories
		2351 files (206 MB)
		0 symbolic links
Status: Watching for changes
-------------------------------------------------------------------------------
Name: pc-ub1-mutagenmon
Identifier: sync_cqhCMHYAW113J2fcp4bhUwGVWfGtTVQqmgm2tBfy2Q7
Alpha:
	URL: C:\sources\mutagenMon
	Connected: Yes
	Synchronizable contents:
		41 directories
		161 files (1.9 MB)
		0 symbolic links
	Scan problems: 1
Beta:
	URL: tparent@pc-ub1:sources/mutagenMon
	Connected: Yes
	Synchronizable contents:
		41 directories
		161 files (2.2 MB)
		0 symbolic links
Conflicts: 1
Status: Watching for changes
-------------------------------------------------------------------------------

2026-08-17 16:52:14.272 +02:00 [INF] MutagenMon.Core.Monitoring.SessionMonitorService: Session 'pc-ub1-appman' status: Watching for changes, hasProblem: False, HasConflicts: False
2026-08-17 16:52:14.274 +02:00 [INF] MutagenMon.Core.Monitoring.SessionMonitorService: Session 'pc-ub1-mutagenmon' status: Watching for changes, hasProblem: False, HasConflicts: True
2026-08-17 16:52:14.277 +02:00 [INF] MutagenMon.Core.Monitoring.SessionMonitorService: Poll succeeded: worst=Conflicts, enabled=True, profileUpdated=False
2026-08-17 16:52:15.293 +02:00 [INF] MutagenMon.Core.Monitoring.SessionMonitorService: -------------------------------------------------------------------------------
Name: pc-ub1-appman
Identifier: sync_WpA0olCvqvjQEQWEI4okSZRpusFT7rL8lQ4GYhZtaLh
Alpha:
	URL: C:\sources\appman
	Connected: Yes
	Synchronizable contents:
		904 directories
		2351 files (206 MB)
		0 symbolic links
Beta:
	URL: tparent@pc-ub1:sources/appman
	Connected: Yes
	Synchronizable contents:
		904 directories
		2351 files (206 MB)
		0 symbolic links
Status: Watching for changes
-------------------------------------------------------------------------------
Name: pc-ub1-mutagenmon
Identifier: sync_cqhCMHYAW113J2fcp4bhUwGVWfGtTVQqmgm2tBfy2Q7
Alpha:
	URL: C:\sources\mutagenMon
	Connected: Yes
	Synchronizable contents:
		41 directories
		161 files (1.9 MB)
		0 symbolic links
	Scan problems: 1
Beta:
	URL: tparent@pc-ub1:sources/mutagenMon
	Connected: Yes
	Synchronizable contents:
		41 directories
		161 files (2.2 MB)
		0 symbolic links
Conflicts: 1
Status: Watching for changes
-------------------------------------------------------------------------------

2026-08-17 16:52:15.296 +02:00 [INF] MutagenMon.Core.Monitoring.SessionMonitorService: Session 'pc-ub1-appman' status: Watching for changes, hasProblem: False, HasConflicts: False
2026-08-17 16:52:15.299 +02:00 [INF] MutagenMon.Core.Monitoring.SessionMonitorService: Session 'pc-ub1-mutagenmon' status: Watching for changes, hasProblem: False, HasConflicts: True
2026-08-17 16:52:15.303 +02:00 [INF] MutagenMon.Core.Monitoring.SessionMonitorService: Poll succeeded: worst=Conflicts, enabled=True, profileUpdated=False
2026-08-17 16:52:16.348 +02:00 [INF] MutagenMon.Core.Monitoring.SessionMonitorService: -------------------------------------------------------------------------------
Name: pc-ub1-appman
Identifier: sync_WpA0olCvqvjQEQWEI4okSZRpusFT7rL8lQ4GYhZtaLh
Alpha:
	URL: C:\sources\appman
	Connected: Yes
	Synchronizable contents:
		904 directories
		2351 files (206 MB)
		0 symbolic links
Beta:
	URL: tparent@pc-ub1:sources/appman
	Connected: Yes
	Synchronizable contents:
		904 directories
		2351 files (206 MB)
		0 symbolic links
Status: Watching for changes
-------------------------------------------------------------------------------
Name: pc-ub1-mutagenmon
Identifier: sync_cqhCMHYAW113J2fcp4bhUwGVWfGtTVQqmgm2tBfy2Q7
Alpha:
	URL: C:\sources\mutagenMon
	Connected: Yes
	Synchronizable contents:
		41 directories
		161 files (1.9 MB)
		0 symbolic links
	Scan problems: 1
Beta:
	URL: tparent@pc-ub1:sources/mutagenMon
	Connected: Yes
	Synchronizable contents:
		41 directories
		161 files (2.2 MB)
		0 symbolic links
Conflicts: 1
Status: Watching for changes
-------------------------------------------------------------------------------

2026-08-17 16:52:16.355 +02:00 [INF] MutagenMon.Core.Monitoring.SessionMonitorService: Session 'pc-ub1-appman' status: Watching for changes, hasProblem: False, HasConflicts: False
2026-08-17 16:52:16.361 +02:00 [INF] MutagenMon.Core.Monitoring.SessionMonitorService: Session 'pc-ub1-mutagenmon' status: Watching for changes, hasProblem: False, HasConflicts: True
2026-08-17 16:52:16.371 +02:00 [INF] MutagenMon.Core.Monitoring.SessionMonitorService: Poll succeeded: worst=Conflicts, enabled=True, profileUpdated=False
2026-08-17 16:52:17.307 +02:00 [INF] MutagenMon.Core.Monitoring.SessionMonitorService: -------------------------------------------------------------------------------
Name: pc-ub1-appman
Identifier: sync_WpA0olCvqvjQEQWEI4okSZRpusFT7rL8lQ4GYhZtaLh
Alpha:
	URL: C:\sources\appman
	Connected: Yes
	Synchronizable contents:
		904 directories
		2351 files (206 MB)
		0 symbolic links
Beta:
	URL: tparent@pc-ub1:sources/appman
	Connected: Yes
	Synchronizable contents:
		904 directories
		2351 files (206 MB)
		0 symbolic links
Status: Watching for changes
-------------------------------------------------------------------------------
Name: pc-ub1-mutagenmon
Identifier: sync_cqhCMHYAW113J2fcp4bhUwGVWfGtTVQqmgm2tBfy2Q7
Alpha:
	URL: C:\sources\mutagenMon
	Connected: Yes
	Synchronizable contents:
		41 directories
		161 files (1.9 MB)
		0 symbolic links
	Scan problems: 1
Beta:
	URL: tparent@pc-ub1:sources/mutagenMon
	Connected: Yes
	Synchronizable contents:
		41 directories
		161 files (2.2 MB)
		0 symbolic links
Conflicts: 1
Status: Watching for changes
-------------------------------------------------------------------------------

2026-08-17 16:52:17.310 +02:00 [INF] MutagenMon.Core.Monitoring.SessionMonitorService: Session 'pc-ub1-appman' status: Watching for changes, hasProblem: False, HasConflicts: False
2026-08-17 16:52:17.313 +02:00 [INF] MutagenMon.Core.Monitoring.SessionMonitorService: Session 'pc-ub1-mutagenmon' status: Watching for changes, hasProblem: False, HasConflicts: True
2026-08-17 16:52:17.317 +02:00 [INF] MutagenMon.Core.Monitoring.SessionMonitorService: Poll succeeded: worst=Conflicts, enabled=True, profileUpdated=False
2026-08-17 16:52:18.297 +02:00 [INF] MutagenMon.Core.Monitoring.SessionMonitorService: -------------------------------------------------------------------------------
Name: pc-ub1-appman
Identifier: sync_WpA0olCvqvjQEQWEI4okSZRpusFT7rL8lQ4GYhZtaLh
Alpha:
	URL: C:\sources\appman
	Connected: Yes
	Synchronizable contents:
		904 directories
		2351 files (206 MB)
		0 symbolic links
Beta:
	URL: tparent@pc-ub1:sources/appman
	Connected: Yes
	Synchronizable contents:
		904 directories
		2351 files (206 MB)
		0 symbolic links
Status: Watching for changes
-------------------------------------------------------------------------------
Name: pc-ub1-mutagenmon
Identifier: sync_cqhCMHYAW113J2fcp4bhUwGVWfGtTVQqmgm2tBfy2Q7
Alpha:
	URL: C:\sources\mutagenMon
	Connected: Yes
	Synchronizable contents:
		41 directories
		161 files (1.9 MB)
		0 symbolic links
	Scan problems: 1
Beta:
	URL: tparent@pc-ub1:sources/mutagenMon
	Connected: Yes
	Synchronizable contents:
		41 directories
		161 files (2.2 MB)
		0 symbolic links
Conflicts: 1
Status: Watching for changes
-------------------------------------------------------------------------------

2026-08-17 16:52:18.299 +02:00 [INF] MutagenMon.Core.Monitoring.SessionMonitorService: Session 'pc-ub1-appman' status: Watching for changes, hasProblem: False, HasConflicts: False
2026-08-17 16:52:18.300 +02:00 [INF] MutagenMon.Core.Monitoring.SessionMonitorService: Session 'pc-ub1-mutagenmon' status: Watching for changes, hasProblem: False, HasConflicts: True
2026-08-17 16:52:18.303 +02:00 [INF] MutagenMon.Core.Monitoring.SessionMonitorService: Poll succeeded: worst=Conflicts, enabled=True, profileUpdated=False
2026-08-17 16:52:19.272 +02:00 [INF] MutagenMon.Core.Monitoring.SessionMonitorService: -------------------------------------------------------------------------------
Name: pc-ub1-appman
Identifier: sync_WpA0olCvqvjQEQWEI4okSZRpusFT7rL8lQ4GYhZtaLh
Alpha:
	URL: C:\sources\appman
	Connected: Yes
	Synchronizable contents:
		904 directories
		2351 files (206 MB)
		0 symbolic links
Beta:
	URL: tparent@pc-ub1:sources/appman
	Connected: Yes
	Synchronizable contents:
		904 directories
		2351 files (206 MB)
		0 symbolic links
Status: Watching for changes
-------------------------------------------------------------------------------
Name: pc-ub1-mutagenmon
Identifier: sync_cqhCMHYAW113J2fcp4bhUwGVWfGtTVQqmgm2tBfy2Q7
Alpha:
	URL: C:\sources\mutagenMon
	Connected: Yes
	Synchronizable contents:
		41 directories
		161 files (1.9 MB)
		0 symbolic links
	Scan problems: 1
Beta:
	URL: tparent@pc-ub1:sources/mutagenMon
	Connected: Yes
	Synchronizable contents:
		41 directories
		161 files (2.2 MB)
		0 symbolic links
Conflicts: 1
Status: Watching for changes
-------------------------------------------------------------------------------

2026-08-17 16:52:19.275 +02:00 [INF] MutagenMon.Core.Monitoring.SessionMonitorService: Session 'pc-ub1-appman' status: Watching for changes, hasProblem: False, HasConflicts: False
2026-08-17 16:52:19.277 +02:00 [INF] MutagenMon.Core.Monitoring.SessionMonitorService: Session 'pc-ub1-mutagenmon' status: Watching for changes, hasProblem: False, HasConflicts: True
2026-08-17 16:52:19.280 +02:00 [INF] MutagenMon.Core.Monitoring.SessionMonitorService: Poll succeeded: worst=Conflicts, enabled=True, profileUpdated=False
2026-08-17 16:52:20.247 +02:00 [INF] MutagenMon.Core.Monitoring.SessionMonitorService: -------------------------------------------------------------------------------
Name: pc-ub1-appman
Identifier: sync_WpA0olCvqvjQEQWEI4okSZRpusFT7rL8lQ4GYhZtaLh
Alpha:
	URL: C:\sources\appman
	Connected: Yes
	Synchronizable contents:
		904 directories
		2351 files (206 MB)
		0 symbolic links
Beta:
	URL: tparent@pc-ub1:sources/appman
	Connected: Yes
	Synchronizable contents:
		904 directories
		2351 files (206 MB)
		0 symbolic links
Status: Watching for changes
-------------------------------------------------------------------------------
Name: pc-ub1-mutagenmon
Identifier: sync_cqhCMHYAW113J2fcp4bhUwGVWfGtTVQqmgm2tBfy2Q7
Alpha:
	URL: C:\sources\mutagenMon
	Connected: Yes
	Synchronizable contents:
		41 directories
		161 files (1.9 MB)
		0 symbolic links
	Scan problems: 1
Beta:
	URL: tparent@pc-ub1:sources/mutagenMon
	Connected: Yes
	Synchronizable contents:
		41 directories
		161 files (2.2 MB)
		0 symbolic links
Conflicts: 1
Status: Watching for changes
-------------------------------------------------------------------------------

2026-08-17 16:52:20.250 +02:00 [INF] MutagenMon.Core.Monitoring.SessionMonitorService: Session 'pc-ub1-appman' status: Watching for changes, hasProblem: False, HasConflicts: False
2026-08-17 16:52:20.253 +02:00 [INF] MutagenMon.Core.Monitoring.SessionMonitorService: Session 'pc-ub1-mutagenmon' status: Watching for changes, hasProblem: False, HasConflicts: True
2026-08-17 16:52:20.257 +02:00 [INF] MutagenMon.Core.Monitoring.SessionMonitorService: Poll succeeded: worst=Conflicts, enabled=True, profileUpdated=False
2026-08-17 16:52:21.264 +02:00 [INF] MutagenMon.Core.Monitoring.SessionMonitorService: -------------------------------------------------------------------------------
Name: pc-ub1-appman
Identifier: sync_WpA0olCvqvjQEQWEI4okSZRpusFT7rL8lQ4GYhZtaLh
Alpha:
	URL: C:\sources\appman
	Connected: Yes
	Synchronizable contents:
		904 directories
		2351 files (206 MB)
		0 symbolic links
Beta:
	URL: tparent@pc-ub1:sources/appman
	Connected: Yes
	Synchronizable contents:
		904 directories
		2351 files (206 MB)
		0 symbolic links
Status: Watching for changes
-------------------------------------------------------------------------------
Name: pc-ub1-mutagenmon
Identifier: sync_cqhCMHYAW113J2fcp4bhUwGVWfGtTVQqmgm2tBfy2Q7
Alpha:
	URL: C:\sources\mutagenMon
	Connected: Yes
	Synchronizable contents:
		41 directories
		161 files (1.9 MB)
		0 symbolic links
	Scan problems: 1
Beta:
	URL: tparent@pc-ub1:sources/mutagenMon
	Connected: Yes
	Synchronizable contents:
		41 directories
		161 files (2.2 MB)
		0 symbolic links
Conflicts: 1
Status: Watching for changes
-------------------------------------------------------------------------------

2026-08-17 16:52:21.266 +02:00 [INF] MutagenMon.Core.Monitoring.SessionMonitorService: Session 'pc-ub1-appman' status: Watching for changes, hasProblem: False, HasConflicts: False
2026-08-17 16:52:21.268 +02:00 [INF] MutagenMon.Core.Monitoring.SessionMonitorService: Session 'pc-ub1-mutagenmon' status: Watching for changes, hasProblem: False, HasConflicts: True
2026-08-17 16:52:21.272 +02:00 [INF] MutagenMon.Core.Monitoring.SessionMonitorService: Poll succeeded: worst=Conflicts, enabled=True, profileUpdated=False
2026-08-17 16:52:22.279 +02:00 [INF] MutagenMon.Core.Monitoring.SessionMonitorService: -------------------------------------------------------------------------------
Name: pc-ub1-appman
Identifier: sync_WpA0olCvqvjQEQWEI4okSZRpusFT7rL8lQ4GYhZtaLh
Alpha:
	URL: C:\sources\appman
	Connected: Yes
	Synchronizable contents:
		904 directories
		2351 files (206 MB)
		0 symbolic links
Beta:
	URL: tparent@pc-ub1:sources/appman
	Connected: Yes
	Synchronizable contents:
		904 directories
		2351 files (206 MB)
		0 symbolic links
Status: Watching for changes
-------------------------------------------------------------------------------
Name: pc-ub1-mutagenmon
Identifier: sync_cqhCMHYAW113J2fcp4bhUwGVWfGtTVQqmgm2tBfy2Q7
Alpha:
	URL: C:\sources\mutagenMon
	Connected: Yes
	Synchronizable contents:
		41 directories
		161 files (1.9 MB)
		0 symbolic links
	Scan problems: 1
Beta:
	URL: tparent@pc-ub1:sources/mutagenMon
	Connected: Yes
	Synchronizable contents:
		41 directories
		161 files (2.2 MB)
		0 symbolic links
Conflicts: 1
Status: Watching for changes
-------------------------------------------------------------------------------

2026-08-17 16:52:22.282 +02:00 [INF] MutagenMon.Core.Monitoring.SessionMonitorService: Session 'pc-ub1-appman' status: Watching for changes, hasProblem: False, HasConflicts: False
2026-08-17 16:52:22.284 +02:00 [INF] MutagenMon.Core.Monitoring.SessionMonitorService: Session 'pc-ub1-mutagenmon' status: Watching for changes, hasProblem: False, HasConflicts: True
2026-08-17 16:52:22.287 +02:00 [INF] MutagenMon.Core.Monitoring.SessionMonitorService: Poll succeeded: worst=Conflicts, enabled=True, profileUpdated=False
2026-08-17 16:52:23.316 +02:00 [INF] MutagenMon.Core.Monitoring.SessionMonitorService: -------------------------------------------------------------------------------
Name: pc-ub1-appman
Identifier: sync_WpA0olCvqvjQEQWEI4okSZRpusFT7rL8lQ4GYhZtaLh
Alpha:
	URL: C:\sources\appman
	Connected: Yes
	Synchronizable contents:
		904 directories
		2351 files (206 MB)
		0 symbolic links
Beta:
	URL: tparent@pc-ub1:sources/appman
	Connected: Yes
	Synchronizable contents:
		904 directories
		2351 files (206 MB)
		0 symbolic links
Status: Watching for changes
-------------------------------------------------------------------------------
Name: pc-ub1-mutagenmon
Identifier: sync_cqhCMHYAW113J2fcp4bhUwGVWfGtTVQqmgm2tBfy2Q7
Alpha:
	URL: C:\sources\mutagenMon
	Connected: Yes
	Synchronizable contents:
		41 directories
		161 files (1.9 MB)
		0 symbolic links
	Scan problems: 1
Beta:
	URL: tparent@pc-ub1:sources/mutagenMon
	Connected: Yes
	Synchronizable contents:
		41 directories
		161 files (2.2 MB)
		0 symbolic links
Conflicts: 1
Status: Watching for changes
-------------------------------------------------------------------------------

2026-08-17 16:52:23.319 +02:00 [INF] MutagenMon.Core.Monitoring.SessionMonitorService: Session 'pc-ub1-appman' status: Watching for changes, hasProblem: False, HasConflicts: False
2026-08-17 16:52:23.322 +02:00 [INF] MutagenMon.Core.Monitoring.SessionMonitorService: Session 'pc-ub1-mutagenmon' status: Watching for changes, hasProblem: False, HasConflicts: True
2026-08-17 16:52:23.326 +02:00 [INF] MutagenMon.Core.Monitoring.SessionMonitorService: Poll succeeded: worst=Conflicts, enabled=True, profileUpdated=False
2026-08-17 16:52:24.264 +02:00 [INF] MutagenMon.Core.Monitoring.SessionMonitorService: -------------------------------------------------------------------------------
Name: pc-ub1-appman
Identifier: sync_WpA0olCvqvjQEQWEI4okSZRpusFT7rL8lQ4GYhZtaLh
Alpha:
	URL: C:\sources\appman
	Connected: Yes
	Synchronizable contents:
		904 directories
		2351 files (206 MB)
		0 symbolic links
Beta:
	URL: tparent@pc-ub1:sources/appman
	Connected: Yes
	Synchronizable contents:
		904 directories
		2351 files (206 MB)
		0 symbolic links
Status: Watching for changes
-------------------------------------------------------------------------------
Name: pc-ub1-mutagenmon
Identifier: sync_cqhCMHYAW113J2fcp4bhUwGVWfGtTVQqmgm2tBfy2Q7
Alpha:
	URL: C:\sources\mutagenMon
	Connected: Yes
	Synchronizable contents:
		41 directories
		161 files (1.9 MB)
		0 symbolic links
	Scan problems: 1
Beta:
	URL: tparent@pc-ub1:sources/mutagenMon
	Connected: Yes
	Synchronizable contents:
		41 directories
		161 files (2.2 MB)
		0 symbolic links
Conflicts: 1
Status: Watching for changes
-------------------------------------------------------------------------------

2026-08-17 16:52:24.266 +02:00 [INF] MutagenMon.Core.Monitoring.SessionMonitorService: Session 'pc-ub1-appman' status: Watching for changes, hasProblem: False, HasConflicts: False
2026-08-17 16:52:24.269 +02:00 [INF] MutagenMon.Core.Monitoring.SessionMonitorService: Session 'pc-ub1-mutagenmon' status: Watching for changes, hasProblem: False, HasConflicts: True
2026-08-17 16:52:24.272 +02:00 [INF] MutagenMon.Core.Monitoring.SessionMonitorService: Poll succeeded: worst=Conflicts, enabled=True, profileUpdated=False
2026-08-17 16:52:25.293 +02:00 [INF] MutagenMon.Core.Monitoring.SessionMonitorService: -------------------------------------------------------------------------------
Name: pc-ub1-appman
Identifier: sync_WpA0olCvqvjQEQWEI4okSZRpusFT7rL8lQ4GYhZtaLh
Alpha:
	URL: C:\sources\appman
	Connected: Yes
	Synchronizable contents:
		904 directories
		2351 files (206 MB)
		0 symbolic links
Beta:
	URL: tparent@pc-ub1:sources/appman
	Connected: Yes
	Synchronizable contents:
		904 directories
		2351 files (206 MB)
		0 symbolic links
Status: Watching for changes
-------------------------------------------------------------------------------
Name: pc-ub1-mutagenmon
Identifier: sync_cqhCMHYAW113J2fcp4bhUwGVWfGtTVQqmgm2tBfy2Q7
Alpha:
	URL: C:\sources\mutagenMon
	Connected: Yes
	Synchronizable contents:
		41 directories
		161 files (1.9 MB)
		0 symbolic links
	Scan problems: 1
Beta:
	URL: tparent@pc-ub1:sources/mutagenMon
	Connected: Yes
	Synchronizable contents:
		41 directories
		161 files (2.2 MB)
		0 symbolic links
Conflicts: 1
Status: Watching for changes
-------------------------------------------------------------------------------

2026-08-17 16:52:25.295 +02:00 [INF] MutagenMon.Core.Monitoring.SessionMonitorService: Session 'pc-ub1-appman' status: Watching for changes, hasProblem: False, HasConflicts: False
2026-08-17 16:52:25.299 +02:00 [INF] MutagenMon.Core.Monitoring.SessionMonitorService: Session 'pc-ub1-mutagenmon' status: Watching for changes, hasProblem: False, HasConflicts: True
2026-08-17 16:52:25.301 +02:00 [INF] MutagenMon.Core.Monitoring.SessionMonitorService: Poll succeeded: worst=Conflicts, enabled=True, profileUpdated=False
2026-08-17 16:52:26.298 +02:00 [INF] MutagenMon.Core.Monitoring.SessionMonitorService: -------------------------------------------------------------------------------
Name: pc-ub1-appman
Identifier: sync_WpA0olCvqvjQEQWEI4okSZRpusFT7rL8lQ4GYhZtaLh
Alpha:
	URL: C:\sources\appman
	Connected: Yes
	Synchronizable contents:
		904 directories
		2351 files (206 MB)
		0 symbolic links
Beta:
	URL: tparent@pc-ub1:sources/appman
	Connected: Yes
	Synchronizable contents:
		904 directories
		2351 files (206 MB)
		0 symbolic links
Status: Watching for changes
-------------------------------------------------------------------------------
Name: pc-ub1-mutagenmon
Identifier: sync_cqhCMHYAW113J2fcp4bhUwGVWfGtTVQqmgm2tBfy2Q7
Alpha:
	URL: C:\sources\mutagenMon
	Connected: Yes
	Synchronizable contents:
		41 directories
		161 files (1.9 MB)
		0 symbolic links
	Scan problems: 1
Beta:
	URL: tparent@pc-ub1:sources/mutagenMon
	Connected: Yes
	Synchronizable contents:
		41 directories
		161 files (2.2 MB)
		0 symbolic links
Conflicts: 1
Status: Watching for changes
-------------------------------------------------------------------------------

2026-08-17 16:52:26.300 +02:00 [INF] MutagenMon.Core.Monitoring.SessionMonitorService: Session 'pc-ub1-appman' status: Watching for changes, hasProblem: False, HasConflicts: False
2026-08-17 16:52:26.302 +02:00 [INF] MutagenMon.Core.Monitoring.SessionMonitorService: Session 'pc-ub1-mutagenmon' status: Watching for changes, hasProblem: False, HasConflicts: True
2026-08-17 16:52:26.304 +02:00 [INF] MutagenMon.Core.Monitoring.SessionMonitorService: Poll succeeded: worst=Conflicts, enabled=True, profileUpdated=False
2026-08-17 16:52:27.322 +02:00 [INF] MutagenMon.Core.Monitoring.SessionMonitorService: -------------------------------------------------------------------------------
Name: pc-ub1-appman
Identifier: sync_WpA0olCvqvjQEQWEI4okSZRpusFT7rL8lQ4GYhZtaLh
Alpha:
	URL: C:\sources\appman
	Connected: Yes
	Synchronizable contents:
		904 directories
		2351 files (206 MB)
		0 symbolic links
Beta:
	URL: tparent@pc-ub1:sources/appman
	Connected: Yes
	Synchronizable contents:
		904 directories
		2351 files (206 MB)
		0 symbolic links
Status: Watching for changes
-------------------------------------------------------------------------------
Name: pc-ub1-mutagenmon
Identifier: sync_cqhCMHYAW113J2fcp4bhUwGVWfGtTVQqmgm2tBfy2Q7
Alpha:
	URL: C:\sources\mutagenMon
	Connected: Yes
	Synchronizable contents:
		41 directories
		161 files (1.9 MB)
		0 symbolic links
	Scan problems: 1
Beta:
	URL: tparent@pc-ub1:sources/mutagenMon
	Connected: Yes
	Synchronizable contents:
		41 directories
		161 files (2.2 MB)
		0 symbolic links
Conflicts: 1
Status: Watching for changes
-------------------------------------------------------------------------------

2026-08-17 16:52:27.325 +02:00 [INF] MutagenMon.Core.Monitoring.SessionMonitorService: Session 'pc-ub1-appman' status: Watching for changes, hasProblem: False, HasConflicts: False
2026-08-17 16:52:27.328 +02:00 [INF] MutagenMon.Core.Monitoring.SessionMonitorService: Session 'pc-ub1-mutagenmon' status: Watching for changes, hasProblem: False, HasConflicts: True
2026-08-17 16:52:27.332 +02:00 [INF] MutagenMon.Core.Monitoring.SessionMonitorService: Poll succeeded: worst=Conflicts, enabled=True, profileUpdated=False
2026-08-17 16:52:28.307 +02:00 [INF] MutagenMon.Core.Monitoring.SessionMonitorService: -------------------------------------------------------------------------------
Name: pc-ub1-appman
Identifier: sync_WpA0olCvqvjQEQWEI4okSZRpusFT7rL8lQ4GYhZtaLh
Alpha:
	URL: C:\sources\appman
	Connected: Yes
	Synchronizable contents:
		904 directories
		2351 files (206 MB)
		0 symbolic links
Beta:
	URL: tparent@pc-ub1:sources/appman
	Connected: Yes
	Synchronizable contents:
		904 directories
		2351 files (206 MB)
		0 symbolic links
Status: Watching for changes
-------------------------------------------------------------------------------
Name: pc-ub1-mutagenmon
Identifier: sync_cqhCMHYAW113J2fcp4bhUwGVWfGtTVQqmgm2tBfy2Q7
Alpha:
	URL: C:\sources\mutagenMon
	Connected: Yes
	Synchronizable contents:
		41 directories
		161 files (1.9 MB)
		0 symbolic links
	Scan problems: 1
Beta:
	URL: tparent@pc-ub1:sources/mutagenMon
	Connected: Yes
	Synchronizable contents:
		41 directories
		161 files (2.2 MB)
		0 symbolic links
Conflicts: 1
Status: Watching for changes
-------------------------------------------------------------------------------

2026-08-17 16:52:28.311 +02:00 [INF] MutagenMon.Core.Monitoring.SessionMonitorService: Session 'pc-ub1-appman' status: Watching for changes, hasProblem: False, HasConflicts: False
2026-08-17 16:52:28.315 +02:00 [INF] MutagenMon.Core.Monitoring.SessionMonitorService: Session 'pc-ub1-mutagenmon' status: Watching for changes, hasProblem: False, HasConflicts: True
2026-08-17 16:52:28.319 +02:00 [INF] MutagenMon.Core.Monitoring.SessionMonitorService: Poll succeeded: worst=Conflicts, enabled=True, profileUpdated=False
2026-08-17 16:52:29.281 +02:00 [INF] MutagenMon.Core.Monitoring.SessionMonitorService: -------------------------------------------------------------------------------
Name: pc-ub1-appman
Identifier: sync_WpA0olCvqvjQEQWEI4okSZRpusFT7rL8lQ4GYhZtaLh
Alpha:
	URL: C:\sources\appman
	Connected: Yes
	Synchronizable contents:
		904 directories
		2351 files (206 MB)
		0 symbolic links
Beta:
	URL: tparent@pc-ub1:sources/appman
	Connected: Yes
	Synchronizable contents:
		904 directories
		2351 files (206 MB)
		0 symbolic links
Status: Watching for changes
-------------------------------------------------------------------------------
Name: pc-ub1-mutagenmon
Identifier: sync_cqhCMHYAW113J2fcp4bhUwGVWfGtTVQqmgm2tBfy2Q7
Alpha:
	URL: C:\sources\mutagenMon
	Connected: Yes
	Synchronizable contents:
		41 directories
		161 files (1.9 MB)
		0 symbolic links
	Scan problems: 1
Beta:
	URL: tparent@pc-ub1:sources/mutagenMon
	Connected: Yes
	Synchronizable contents:
		41 directories
		161 files (2.2 MB)
		0 symbolic links
Conflicts: 1
Status: Watching for changes
-------------------------------------------------------------------------------

2026-08-17 16:52:29.284 +02:00 [INF] MutagenMon.Core.Monitoring.SessionMonitorService: Session 'pc-ub1-appman' status: Watching for changes, hasProblem: False, HasConflicts: False
2026-08-17 16:52:29.286 +02:00 [INF] MutagenMon.Core.Monitoring.SessionMonitorService: Session 'pc-ub1-mutagenmon' status: Watching for changes, hasProblem: False, HasConflicts: True
2026-08-17 16:52:29.289 +02:00 [INF] MutagenMon.Core.Monitoring.SessionMonitorService: Poll succeeded: worst=Conflicts, enabled=True, profileUpdated=False
2026-08-17 16:52:30.294 +02:00 [INF] MutagenMon.Core.Monitoring.SessionMonitorService: -------------------------------------------------------------------------------
Name: pc-ub1-appman
Identifier: sync_WpA0olCvqvjQEQWEI4okSZRpusFT7rL8lQ4GYhZtaLh
Alpha:
	URL: C:\sources\appman
	Connected: Yes
	Synchronizable contents:
		904 directories
		2351 files (206 MB)
		0 symbolic links
Beta:
	URL: tparent@pc-ub1:sources/appman
	Connected: Yes
	Synchronizable contents:
		904 directories
		2351 files (206 MB)
		0 symbolic links
Status: Watching for changes
-------------------------------------------------------------------------------
Name: pc-ub1-mutagenmon
Identifier: sync_cqhCMHYAW113J2fcp4bhUwGVWfGtTVQqmgm2tBfy2Q7
Alpha:
	URL: C:\sources\mutagenMon
	Connected: Yes
	Synchronizable contents:
		41 directories
		161 files (1.9 MB)
		0 symbolic links
	Scan problems: 1
Beta:
	URL: tparent@pc-ub1:sources/mutagenMon
	Connected: Yes
	Synchronizable contents:
		41 directories
		161 files (2.2 MB)
		0 symbolic links
Conflicts: 1
Status: Watching for changes
-------------------------------------------------------------------------------

2026-08-17 16:52:30.299 +02:00 [INF] MutagenMon.Core.Monitoring.SessionMonitorService: Session 'pc-ub1-appman' status: Watching for changes, hasProblem: False, HasConflicts: False
2026-08-17 16:52:30.302 +02:00 [INF] MutagenMon.Core.Monitoring.SessionMonitorService: Session 'pc-ub1-mutagenmon' status: Watching for changes, hasProblem: False, HasConflicts: True
2026-08-17 16:52:30.308 +02:00 [INF] MutagenMon.Core.Monitoring.SessionMonitorService: Poll succeeded: worst=Conflicts, enabled=True, profileUpdated=False
2026-08-17 16:52:31.297 +02:00 [INF] MutagenMon.Core.Monitoring.SessionMonitorService: -------------------------------------------------------------------------------
Name: pc-ub1-appman
Identifier: sync_WpA0olCvqvjQEQWEI4okSZRpusFT7rL8lQ4GYhZtaLh
Alpha:
	URL: C:\sources\appman
	Connected: Yes
	Synchronizable contents:
		904 directories
		2351 files (206 MB)
		0 symbolic links
Beta:
	URL: tparent@pc-ub1:sources/appman
	Connected: Yes
	Synchronizable contents:
		904 directories
		2351 files (206 MB)
		0 symbolic links
Status: Watching for changes
-------------------------------------------------------------------------------
Name: pc-ub1-mutagenmon
Identifier: sync_cqhCMHYAW113J2fcp4bhUwGVWfGtTVQqmgm2tBfy2Q7
Alpha:
	URL: C:\sources\mutagenMon
	Connected: Yes
	Synchronizable contents:
		41 directories
		161 files (1.9 MB)
		0 symbolic links
	Scan problems: 1
Beta:
	URL: tparent@pc-ub1:sources/mutagenMon
	Connected: Yes
	Synchronizable contents:
		41 directories
		161 files (2.2 MB)
		0 symbolic links
Conflicts: 1
Status: Watching for changes
-------------------------------------------------------------------------------

2026-08-17 16:52:31.299 +02:00 [INF] MutagenMon.Core.Monitoring.SessionMonitorService: Session 'pc-ub1-appman' status: Watching for changes, hasProblem: False, HasConflicts: False
2026-08-17 16:52:31.302 +02:00 [INF] MutagenMon.Core.Monitoring.SessionMonitorService: Session 'pc-ub1-mutagenmon' status: Watching for changes, hasProblem: False, HasConflicts: True
2026-08-17 16:52:31.306 +02:00 [INF] MutagenMon.Core.Monitoring.SessionMonitorService: Poll succeeded: worst=Conflicts, enabled=True, profileUpdated=False
2026-08-17 16:52:32.289 +02:00 [INF] MutagenMon.Core.Monitoring.SessionMonitorService: -------------------------------------------------------------------------------
Name: pc-ub1-appman
Identifier: sync_WpA0olCvqvjQEQWEI4okSZRpusFT7rL8lQ4GYhZtaLh
Alpha:
	URL: C:\sources\appman
	Connected: Yes
	Synchronizable contents:
		904 directories
		2351 files (206 MB)
		0 symbolic links
Beta:
	URL: tparent@pc-ub1:sources/appman
	Connected: Yes
	Synchronizable contents:
		904 directories
		2351 files (206 MB)
		0 symbolic links
Status: Watching for changes
-------------------------------------------------------------------------------
Name: pc-ub1-mutagenmon
Identifier: sync_cqhCMHYAW113J2fcp4bhUwGVWfGtTVQqmgm2tBfy2Q7
Alpha:
	URL: C:\sources\mutagenMon
	Connected: Yes
	Synchronizable contents:
		41 directories
		161 files (1.9 MB)
		0 symbolic links
	Scan problems: 1
Beta:
	URL: tparent@pc-ub1:sources/mutagenMon
	Connected: Yes
	Synchronizable contents:
		41 directories
		161 files (2.2 MB)
		0 symbolic links
Conflicts: 1
Status: Watching for changes
-------------------------------------------------------------------------------

2026-08-17 16:52:32.292 +02:00 [INF] MutagenMon.Core.Monitoring.SessionMonitorService: Session 'pc-ub1-appman' status: Watching for changes, hasProblem: False, HasConflicts: False
2026-08-17 16:52:32.294 +02:00 [INF] MutagenMon.Core.Monitoring.SessionMonitorService: Session 'pc-ub1-mutagenmon' status: Watching for changes, hasProblem: False, HasConflicts: True
2026-08-17 16:52:32.295 +02:00 [INF] MutagenMon.Core.Monitoring.SessionMonitorService: Poll succeeded: worst=Conflicts, enabled=True, profileUpdated=False
2026-08-17 16:52:33.278 +02:00 [INF] MutagenMon.Core.Monitoring.SessionMonitorService: -------------------------------------------------------------------------------
Name: pc-ub1-appman
Identifier: sync_WpA0olCvqvjQEQWEI4okSZRpusFT7rL8lQ4GYhZtaLh
Alpha:
	URL: C:\sources\appman
	Connected: Yes
	Synchronizable contents:
		904 directories
		2351 files (206 MB)
		0 symbolic links
Beta:
	URL: tparent@pc-ub1:sources/appman
	Connected: Yes
	Synchronizable contents:
		904 directories
		2351 files (206 MB)
		0 symbolic links
Status: Watching for changes
-------------------------------------------------------------------------------
Name: pc-ub1-mutagenmon
Identifier: sync_cqhCMHYAW113J2fcp4bhUwGVWfGtTVQqmgm2tBfy2Q7
Alpha:
	URL: C:\sources\mutagenMon
	Connected: Yes
	Synchronizable contents:
		41 directories
		161 files (1.9 MB)
		0 symbolic links
	Scan problems: 1
Beta:
	URL: tparent@pc-ub1:sources/mutagenMon
	Connected: Yes
	Synchronizable contents:
		41 directories
		161 files (2.2 MB)
		0 symbolic links
Conflicts: 1
Status: Watching for changes
-------------------------------------------------------------------------------

2026-08-17 16:52:33.281 +02:00 [INF] MutagenMon.Core.Monitoring.SessionMonitorService: Session 'pc-ub1-appman' status: Watching for changes, hasProblem: False, HasConflicts: False
2026-08-17 16:52:33.283 +02:00 [INF] MutagenMon.Core.Monitoring.SessionMonitorService: Session 'pc-ub1-mutagenmon' status: Watching for changes, hasProblem: False, HasConflicts: True
2026-08-17 16:52:33.288 +02:00 [INF] MutagenMon.Core.Monitoring.SessionMonitorService: Poll succeeded: worst=Conflicts, enabled=True, profileUpdated=False
2026-08-17 16:52:34.349 +02:00 [INF] MutagenMon.Core.Monitoring.SessionMonitorService: -------------------------------------------------------------------------------
Name: pc-ub1-appman
Identifier: sync_WpA0olCvqvjQEQWEI4okSZRpusFT7rL8lQ4GYhZtaLh
Alpha:
	URL: C:\sources\appman
	Connected: Yes
	Synchronizable contents:
		904 directories
		2351 files (206 MB)
		0 symbolic links
Beta:
	URL: tparent@pc-ub1:sources/appman
	Connected: Yes
	Synchronizable contents:
		904 directories
		2351 files (206 MB)
		0 symbolic links
Status: Watching for changes
-------------------------------------------------------------------------------
Name: pc-ub1-mutagenmon
Identifier: sync_cqhCMHYAW113J2fcp4bhUwGVWfGtTVQqmgm2tBfy2Q7
Alpha:
	URL: C:\sources\mutagenMon
	Connected: Yes
	Synchronizable contents:
		41 directories
		161 files (1.9 MB)
		0 symbolic links
	Scan problems: 1
Beta:
	URL: tparent@pc-ub1:sources/mutagenMon
	Connected: Yes
	Synchronizable contents:
		41 directories
		161 files (2.2 MB)
		0 symbolic links
Conflicts: 1
Status: Watching for changes
-------------------------------------------------------------------------------

2026-08-17 16:52:34.352 +02:00 [INF] MutagenMon.Core.Monitoring.SessionMonitorService: Session 'pc-ub1-appman' status: Watching for changes, hasProblem: False, HasConflicts: False
2026-08-17 16:52:34.354 +02:00 [INF] MutagenMon.Core.Monitoring.SessionMonitorService: Session 'pc-ub1-mutagenmon' status: Watching for changes, hasProblem: False, HasConflicts: True
2026-08-17 16:52:34.357 +02:00 [INF] MutagenMon.Core.Monitoring.SessionMonitorService: Poll succeeded: worst=Conflicts, enabled=True, profileUpdated=False
2026-08-17 16:52:35.302 +02:00 [INF] MutagenMon.Core.Monitoring.SessionMonitorService: -------------------------------------------------------------------------------
Name: pc-ub1-appman
Identifier: sync_WpA0olCvqvjQEQWEI4okSZRpusFT7rL8lQ4GYhZtaLh
Alpha:
	URL: C:\sources\appman
	Connected: Yes
	Synchronizable contents:
		904 directories
		2351 files (206 MB)
		0 symbolic links
Beta:
	URL: tparent@pc-ub1:sources/appman
	Connected: Yes
	Synchronizable contents:
		904 directories
		2351 files (206 MB)
		0 symbolic links
Status: Watching for changes
-------------------------------------------------------------------------------
Name: pc-ub1-mutagenmon
Identifier: sync_cqhCMHYAW113J2fcp4bhUwGVWfGtTVQqmgm2tBfy2Q7
Alpha:
	URL: C:\sources\mutagenMon
	Connected: Yes
	Synchronizable contents:
		41 directories
		161 files (1.9 MB)
		0 symbolic links
	Scan problems: 1
Beta:
	URL: tparent@pc-ub1:sources/mutagenMon
	Connected: Yes
	Synchronizable contents:
		41 directories
		161 files (2.2 MB)
		0 symbolic links
Conflicts: 1
Status: Watching for changes
-------------------------------------------------------------------------------

2026-08-17 16:52:35.305 +02:00 [INF] MutagenMon.Core.Monitoring.SessionMonitorService: Session 'pc-ub1-appman' status: Watching for changes, hasProblem: False, HasConflicts: False
2026-08-17 16:52:35.309 +02:00 [INF] MutagenMon.Core.Monitoring.SessionMonitorService: Session 'pc-ub1-mutagenmon' status: Watching for changes, hasProblem: False, HasConflicts: True
2026-08-17 16:52:35.316 +02:00 [INF] MutagenMon.Core.Monitoring.SessionMonitorService: Poll succeeded: worst=Conflicts, enabled=True, profileUpdated=False
2026-08-17 16:52:36.334 +02:00 [INF] MutagenMon.Core.Monitoring.SessionMonitorService: -------------------------------------------------------------------------------
Name: pc-ub1-appman
Identifier: sync_WpA0olCvqvjQEQWEI4okSZRpusFT7rL8lQ4GYhZtaLh
Alpha:
	URL: C:\sources\appman
	Connected: Yes
	Synchronizable contents:
		904 directories
		2351 files (206 MB)
		0 symbolic links
Beta:
	URL: tparent@pc-ub1:sources/appman
	Connected: Yes
	Synchronizable contents:
		904 directories
		2351 files (206 MB)
		0 symbolic links
Status: Watching for changes
-------------------------------------------------------------------------------
Name: pc-ub1-mutagenmon
Identifier: sync_cqhCMHYAW113J2fcp4bhUwGVWfGtTVQqmgm2tBfy2Q7
Alpha:
	URL: C:\sources\mutagenMon
	Connected: Yes
	Synchronizable contents:
		41 directories
		161 files (1.9 MB)
		0 symbolic links
	Scan problems: 1
Beta:
	URL: tparent@pc-ub1:sources/mutagenMon
	Connected: Yes
	Synchronizable contents:
		41 directories
		161 files (2.2 MB)
		0 symbolic links
Conflicts: 1
Status: Watching for changes
-------------------------------------------------------------------------------

2026-08-17 16:52:36.337 +02:00 [INF] MutagenMon.Core.Monitoring.SessionMonitorService: Session 'pc-ub1-appman' status: Watching for changes, hasProblem: False, HasConflicts: False
2026-08-17 16:52:36.338 +02:00 [INF] MutagenMon.Core.Monitoring.SessionMonitorService: Session 'pc-ub1-mutagenmon' status: Watching for changes, hasProblem: False, HasConflicts: True
2026-08-17 16:52:36.341 +02:00 [INF] MutagenMon.Core.Monitoring.SessionMonitorService: Poll succeeded: worst=Conflicts, enabled=True, profileUpdated=False
2026-08-17 16:52:37.280 +02:00 [INF] MutagenMon.Core.Monitoring.SessionMonitorService: -------------------------------------------------------------------------------
Name: pc-ub1-appman
Identifier: sync_WpA0olCvqvjQEQWEI4okSZRpusFT7rL8lQ4GYhZtaLh
Alpha:
	URL: C:\sources\appman
	Connected: Yes
	Synchronizable contents:
		904 directories
		2351 files (206 MB)
		0 symbolic links
Beta:
	URL: tparent@pc-ub1:sources/appman
	Connected: Yes
	Synchronizable contents:
		904 directories
		2351 files (206 MB)
		0 symbolic links
Status: Watching for changes
-------------------------------------------------------------------------------
Name: pc-ub1-mutagenmon
Identifier: sync_cqhCMHYAW113J2fcp4bhUwGVWfGtTVQqmgm2tBfy2Q7
Alpha:
	URL: C:\sources\mutagenMon
	Connected: Yes
	Synchronizable contents:
		41 directories
		161 files (1.9 MB)
		0 symbolic links
	Scan problems: 1
Beta:
	URL: tparent@pc-ub1:sources/mutagenMon
	Connected: Yes
	Synchronizable contents:
		41 directories
		161 files (2.2 MB)
		0 symbolic links
Conflicts: 1
Status: Watching for changes
-------------------------------------------------------------------------------

2026-08-17 16:52:37.284 +02:00 [INF] MutagenMon.Core.Monitoring.SessionMonitorService: Session 'pc-ub1-appman' status: Watching for changes, hasProblem: False, HasConflicts: False
2026-08-17 16:52:37.288 +02:00 [INF] MutagenMon.Core.Monitoring.SessionMonitorService: Session 'pc-ub1-mutagenmon' status: Watching for changes, hasProblem: False, HasConflicts: True
2026-08-17 16:52:37.292 +02:00 [INF] MutagenMon.Core.Monitoring.SessionMonitorService: Poll succeeded: worst=Conflicts, enabled=True, profileUpdated=False
2026-08-17 16:52:38.300 +02:00 [INF] MutagenMon.Core.Monitoring.SessionMonitorService: -------------------------------------------------------------------------------
Name: pc-ub1-appman
Identifier: sync_WpA0olCvqvjQEQWEI4okSZRpusFT7rL8lQ4GYhZtaLh
Alpha:
	URL: C:\sources\appman
	Connected: Yes
	Synchronizable contents:
		904 directories
		2351 files (206 MB)
		0 symbolic links
Beta:
	URL: tparent@pc-ub1:sources/appman
	Connected: Yes
	Synchronizable contents:
		904 directories
		2351 files (206 MB)
		0 symbolic links
Status: Watching for changes
-------------------------------------------------------------------------------
Name: pc-ub1-mutagenmon
Identifier: sync_cqhCMHYAW113J2fcp4bhUwGVWfGtTVQqmgm2tBfy2Q7
Alpha:
	URL: C:\sources\mutagenMon
	Connected: Yes
	Synchronizable contents:
		41 directories
		161 files (1.9 MB)
		0 symbolic links
	Scan problems: 1
Beta:
	URL: tparent@pc-ub1:sources/mutagenMon
	Connected: Yes
	Synchronizable contents:
		41 directories
		161 files (2.2 MB)
		0 symbolic links
Conflicts: 1
Status: Watching for changes
-------------------------------------------------------------------------------

2026-08-17 16:52:38.302 +02:00 [INF] MutagenMon.Core.Monitoring.SessionMonitorService: Session 'pc-ub1-appman' status: Watching for changes, hasProblem: False, HasConflicts: False
2026-08-17 16:52:38.304 +02:00 [INF] MutagenMon.Core.Monitoring.SessionMonitorService: Session 'pc-ub1-mutagenmon' status: Watching for changes, hasProblem: False, HasConflicts: True
2026-08-17 16:52:38.307 +02:00 [INF] MutagenMon.Core.Monitoring.SessionMonitorService: Poll succeeded: worst=Conflicts, enabled=True, profileUpdated=False
2026-08-17 16:52:39.306 +02:00 [INF] MutagenMon.Core.Monitoring.SessionMonitorService: -------------------------------------------------------------------------------
Name: pc-ub1-appman
Identifier: sync_WpA0olCvqvjQEQWEI4okSZRpusFT7rL8lQ4GYhZtaLh
Alpha:
	URL: C:\sources\appman
	Connected: Yes
	Synchronizable contents:
		904 directories
		2351 files (206 MB)
		0 symbolic links
Beta:
	URL: tparent@pc-ub1:sources/appman
	Connected: Yes
	Synchronizable contents:
		904 directories
		2351 files (206 MB)
		0 symbolic links
Status: Watching for changes
-------------------------------------------------------------------------------
Name: pc-ub1-mutagenmon
Identifier: sync_cqhCMHYAW113J2fcp4bhUwGVWfGtTVQqmgm2tBfy2Q7
Alpha:
	URL: C:\sources\mutagenMon
	Connected: Yes
	Synchronizable contents:
		41 directories
		161 files (1.9 MB)
		0 symbolic links
	Scan problems: 1
Beta:
	URL: tparent@pc-ub1:sources/mutagenMon
	Connected: Yes
	Synchronizable contents:
		41 directories
		161 files (2.2 MB)
		0 symbolic links
Conflicts: 1
Status: Watching for changes
-------------------------------------------------------------------------------

2026-08-17 16:52:39.311 +02:00 [INF] MutagenMon.Core.Monitoring.SessionMonitorService: Session 'pc-ub1-appman' status: Watching for changes, hasProblem: False, HasConflicts: False
2026-08-17 16:52:39.315 +02:00 [INF] MutagenMon.Core.Monitoring.SessionMonitorService: Session 'pc-ub1-mutagenmon' status: Watching for changes, hasProblem: False, HasConflicts: True
2026-08-17 16:52:39.319 +02:00 [INF] MutagenMon.Core.Monitoring.SessionMonitorService: Poll succeeded: worst=Conflicts, enabled=True, profileUpdated=False
2026-08-17 16:52:40.285 +02:00 [INF] MutagenMon.Core.Monitoring.SessionMonitorService: -------------------------------------------------------------------------------
Name: pc-ub1-appman
Identifier: sync_WpA0olCvqvjQEQWEI4okSZRpusFT7rL8lQ4GYhZtaLh
Alpha:
	URL: C:\sources\appman
	Connected: Yes
	Synchronizable contents:
		904 directories
		2351 files (206 MB)
		0 symbolic links
Beta:
	URL: tparent@pc-ub1:sources/appman
	Connected: Yes
	Synchronizable contents:
		904 directories
		2351 files (206 MB)
		0 symbolic links
Status: Watching for changes
-------------------------------------------------------------------------------
Name: pc-ub1-mutagenmon
Identifier: sync_cqhCMHYAW113J2fcp4bhUwGVWfGtTVQqmgm2tBfy2Q7
Alpha:
	URL: C:\sources\mutagenMon
	Connected: Yes
	Synchronizable contents:
		41 directories
		161 files (1.9 MB)
		0 symbolic links
	Scan problems: 1
Beta:
	URL: tparent@pc-ub1:sources/mutagenMon
	Connected: Yes
	Synchronizable contents:
		41 directories
		161 files (2.2 MB)
		0 symbolic links
Conflicts: 1
Status: Watching for changes
-------------------------------------------------------------------------------

2026-08-17 16:52:40.287 +02:00 [INF] MutagenMon.Core.Monitoring.SessionMonitorService: Session 'pc-ub1-appman' status: Watching for changes, hasProblem: False, HasConflicts: False
2026-08-17 16:52:40.289 +02:00 [INF] MutagenMon.Core.Monitoring.SessionMonitorService: Session 'pc-ub1-mutagenmon' status: Watching for changes, hasProblem: False, HasConflicts: True
2026-08-17 16:52:40.293 +02:00 [INF] MutagenMon.Core.Monitoring.SessionMonitorService: Poll succeeded: worst=Conflicts, enabled=True, profileUpdated=False
2026-08-17 16:52:41.285 +02:00 [INF] MutagenMon.Core.Monitoring.SessionMonitorService: -------------------------------------------------------------------------------
Name: pc-ub1-appman
Identifier: sync_WpA0olCvqvjQEQWEI4okSZRpusFT7rL8lQ4GYhZtaLh
Alpha:
	URL: C:\sources\appman
	Connected: Yes
	Synchronizable contents:
		904 directories
		2351 files (206 MB)
		0 symbolic links
Beta:
	URL: tparent@pc-ub1:sources/appman
	Connected: Yes
	Synchronizable contents:
		904 directories
		2351 files (206 MB)
		0 symbolic links
Status: Watching for changes
-------------------------------------------------------------------------------
Name: pc-ub1-mutagenmon
Identifier: sync_cqhCMHYAW113J2fcp4bhUwGVWfGtTVQqmgm2tBfy2Q7
Alpha:
	URL: C:\sources\mutagenMon
	Connected: Yes
	Synchronizable contents:
		41 directories
		161 files (1.9 MB)
		0 symbolic links
	Scan problems: 1
Beta:
	URL: tparent@pc-ub1:sources/mutagenMon
	Connected: Yes
	Synchronizable contents:
		41 directories
		161 files (2.2 MB)
		0 symbolic links
Conflicts: 1
Status: Watching for changes
-------------------------------------------------------------------------------

2026-08-17 16:52:41.287 +02:00 [INF] MutagenMon.Core.Monitoring.SessionMonitorService: Session 'pc-ub1-appman' status: Watching for changes, hasProblem: False, HasConflicts: False
2026-08-17 16:52:41.290 +02:00 [INF] MutagenMon.Core.Monitoring.SessionMonitorService: Session 'pc-ub1-mutagenmon' status: Watching for changes, hasProblem: False, HasConflicts: True
2026-08-17 16:52:41.294 +02:00 [INF] MutagenMon.Core.Monitoring.SessionMonitorService: Poll succeeded: worst=Conflicts, enabled=True, profileUpdated=False
2026-08-17 16:52:42.271 +02:00 [INF] MutagenMon.Core.Monitoring.SessionMonitorService: -------------------------------------------------------------------------------
Name: pc-ub1-appman
Identifier: sync_WpA0olCvqvjQEQWEI4okSZRpusFT7rL8lQ4GYhZtaLh
Alpha:
	URL: C:\sources\appman
	Connected: Yes
	Synchronizable contents:
		904 directories
		2351 files (206 MB)
		0 symbolic links
Beta:
	URL: tparent@pc-ub1:sources/appman
	Connected: Yes
	Synchronizable contents:
		904 directories
		2351 files (206 MB)
		0 symbolic links
Status: Watching for changes
-------------------------------------------------------------------------------
Name: pc-ub1-mutagenmon
Identifier: sync_cqhCMHYAW113J2fcp4bhUwGVWfGtTVQqmgm2tBfy2Q7
Alpha:
	URL: C:\sources\mutagenMon
	Connected: Yes
	Synchronizable contents:
		41 directories
		161 files (1.9 MB)
		0 symbolic links
	Scan problems: 1
Beta:
	URL: tparent@pc-ub1:sources/mutagenMon
	Connected: Yes
	Synchronizable contents:
		41 directories
		161 files (2.2 MB)
		0 symbolic links
Conflicts: 1
Status: Watching for changes
-------------------------------------------------------------------------------

2026-08-17 16:52:42.275 +02:00 [INF] MutagenMon.Core.Monitoring.SessionMonitorService: Session 'pc-ub1-appman' status: Watching for changes, hasProblem: False, HasConflicts: False
2026-08-17 16:52:42.278 +02:00 [INF] MutagenMon.Core.Monitoring.SessionMonitorService: Session 'pc-ub1-mutagenmon' status: Watching for changes, hasProblem: False, HasConflicts: True
2026-08-17 16:52:42.281 +02:00 [INF] MutagenMon.Core.Monitoring.SessionMonitorService: Poll succeeded: worst=Conflicts, enabled=True, profileUpdated=False
2026-08-17 16:52:43.279 +02:00 [INF] MutagenMon.Core.Monitoring.SessionMonitorService: -------------------------------------------------------------------------------
Name: pc-ub1-appman
Identifier: sync_WpA0olCvqvjQEQWEI4okSZRpusFT7rL8lQ4GYhZtaLh
Alpha:
	URL: C:\sources\appman
	Connected: Yes
	Synchronizable contents:
		904 directories
		2351 files (206 MB)
		0 symbolic links
Beta:
	URL: tparent@pc-ub1:sources/appman
	Connected: Yes
	Synchronizable contents:
		904 directories
		2351 files (206 MB)
		0 symbolic links
Status: Watching for changes
-------------------------------------------------------------------------------
Name: pc-ub1-mutagenmon
Identifier: sync_cqhCMHYAW113J2fcp4bhUwGVWfGtTVQqmgm2tBfy2Q7
Alpha:
	URL: C:\sources\mutagenMon
	Connected: Yes
	Synchronizable contents:
		41 directories
		161 files (1.9 MB)
		0 symbolic links
	Scan problems: 1
Beta:
	URL: tparent@pc-ub1:sources/mutagenMon
	Connected: Yes
	Synchronizable contents:
		41 directories
		161 files (2.2 MB)
		0 symbolic links
Conflicts: 1
Status: Watching for changes
-------------------------------------------------------------------------------

2026-08-17 16:52:43.283 +02:00 [INF] MutagenMon.Core.Monitoring.SessionMonitorService: Session 'pc-ub1-appman' status: Watching for changes, hasProblem: False, HasConflicts: False
2026-08-17 16:52:43.286 +02:00 [INF] MutagenMon.Core.Monitoring.SessionMonitorService: Session 'pc-ub1-mutagenmon' status: Watching for changes, hasProblem: False, HasConflicts: True
2026-08-17 16:52:43.290 +02:00 [INF] MutagenMon.Core.Monitoring.SessionMonitorService: Poll succeeded: worst=Conflicts, enabled=True, profileUpdated=False
2026-08-17 16:52:44.290 +02:00 [INF] MutagenMon.Core.Monitoring.SessionMonitorService: -------------------------------------------------------------------------------
Name: pc-ub1-appman
Identifier: sync_WpA0olCvqvjQEQWEI4okSZRpusFT7rL8lQ4GYhZtaLh
Alpha:
	URL: C:\sources\appman
	Connected: Yes
	Synchronizable contents:
		904 directories
		2351 files (206 MB)
		0 symbolic links
Beta:
	URL: tparent@pc-ub1:sources/appman
	Connected: Yes
	Synchronizable contents:
		904 directories
		2351 files (206 MB)
		0 symbolic links
Status: Watching for changes
-------------------------------------------------------------------------------
Name: pc-ub1-mutagenmon
Identifier: sync_cqhCMHYAW113J2fcp4bhUwGVWfGtTVQqmgm2tBfy2Q7
Alpha:
	URL: C:\sources\mutagenMon
	Connected: Yes
	Synchronizable contents:
		41 directories
		161 files (1.9 MB)
		0 symbolic links
	Scan problems: 1
Beta:
	URL: tparent@pc-ub1:sources/mutagenMon
	Connected: Yes
	Synchronizable contents:
		41 directories
		161 files (2.2 MB)
		0 symbolic links
Conflicts: 1
Status: Watching for changes
-------------------------------------------------------------------------------

2026-08-17 16:52:44.294 +02:00 [INF] MutagenMon.Core.Monitoring.SessionMonitorService: Session 'pc-ub1-appman' status: Watching for changes, hasProblem: False, HasConflicts: False
2026-08-17 16:52:44.298 +02:00 [INF] MutagenMon.Core.Monitoring.SessionMonitorService: Session 'pc-ub1-mutagenmon' status: Watching for changes, hasProblem: False, HasConflicts: True
2026-08-17 16:52:44.301 +02:00 [INF] MutagenMon.Core.Monitoring.SessionMonitorService: Poll succeeded: worst=Conflicts, enabled=True, profileUpdated=False
2026-08-17 16:52:45.302 +02:00 [INF] MutagenMon.Core.Monitoring.SessionMonitorService: -------------------------------------------------------------------------------
Name: pc-ub1-appman
Identifier: sync_WpA0olCvqvjQEQWEI4okSZRpusFT7rL8lQ4GYhZtaLh
Alpha:
	URL: C:\sources\appman
	Connected: Yes
	Synchronizable contents:
		904 directories
		2351 files (206 MB)
		0 symbolic links
Beta:
	URL: tparent@pc-ub1:sources/appman
	Connected: Yes
	Synchronizable contents:
		904 directories
		2351 files (206 MB)
		0 symbolic links
Status: Watching for changes
-------------------------------------------------------------------------------
Name: pc-ub1-mutagenmon
Identifier: sync_cqhCMHYAW113J2fcp4bhUwGVWfGtTVQqmgm2tBfy2Q7
Alpha:
	URL: C:\sources\mutagenMon
	Connected: Yes
	Synchronizable contents:
		41 directories
		161 files (1.9 MB)
		0 symbolic links
	Scan problems: 1
Beta:
	URL: tparent@pc-ub1:sources/mutagenMon
	Connected: Yes
	Synchronizable contents:
		41 directories
		161 files (2.2 MB)
		0 symbolic links
Conflicts: 1
Status: Watching for changes
-------------------------------------------------------------------------------

2026-08-17 16:52:45.304 +02:00 [INF] MutagenMon.Core.Monitoring.SessionMonitorService: Session 'pc-ub1-appman' status: Watching for changes, hasProblem: False, HasConflicts: False
2026-08-17 16:52:45.306 +02:00 [INF] MutagenMon.Core.Monitoring.SessionMonitorService: Session 'pc-ub1-mutagenmon' status: Watching for changes, hasProblem: False, HasConflicts: True
2026-08-17 16:52:45.308 +02:00 [INF] MutagenMon.Core.Monitoring.SessionMonitorService: Poll succeeded: worst=Conflicts, enabled=True, profileUpdated=False
2026-08-17 16:52:46.375 +02:00 [INF] MutagenMon.Core.Monitoring.SessionMonitorService: -------------------------------------------------------------------------------
Name: pc-ub1-appman
Identifier: sync_WpA0olCvqvjQEQWEI4okSZRpusFT7rL8lQ4GYhZtaLh
Alpha:
	URL: C:\sources\appman
	Connected: Yes
	Synchronizable contents:
		904 directories
		2351 files (206 MB)
		0 symbolic links
Beta:
	URL: tparent@pc-ub1:sources/appman
	Connected: Yes
	Synchronizable contents:
		904 directories
		2351 files (206 MB)
		0 symbolic links
Status: Watching for changes
-------------------------------------------------------------------------------
Name: pc-ub1-mutagenmon
Identifier: sync_cqhCMHYAW113J2fcp4bhUwGVWfGtTVQqmgm2tBfy2Q7
Alpha:
	URL: C:\sources\mutagenMon
	Connected: Yes
	Synchronizable contents:
		41 directories
		161 files (1.9 MB)
		0 symbolic links
	Scan problems: 1
Beta:
	URL: tparent@pc-ub1:sources/mutagenMon
	Connected: Yes
	Synchronizable contents:
		41 directories
		161 files (2.2 MB)
		0 symbolic links
Conflicts: 1
Status: Watching for changes
-------------------------------------------------------------------------------

2026-08-17 16:52:46.377 +02:00 [INF] MutagenMon.Core.Monitoring.SessionMonitorService: Session 'pc-ub1-appman' status: Watching for changes, hasProblem: False, HasConflicts: False
2026-08-17 16:52:46.380 +02:00 [INF] MutagenMon.Core.Monitoring.SessionMonitorService: Session 'pc-ub1-mutagenmon' status: Watching for changes, hasProblem: False, HasConflicts: True
2026-08-17 16:52:46.383 +02:00 [INF] MutagenMon.Core.Monitoring.SessionMonitorService: Poll succeeded: worst=Conflicts, enabled=True, profileUpdated=False
2026-08-17 16:52:47.325 +02:00 [INF] MutagenMon.Core.Monitoring.SessionMonitorService: -------------------------------------------------------------------------------
Name: pc-ub1-appman
Identifier: sync_WpA0olCvqvjQEQWEI4okSZRpusFT7rL8lQ4GYhZtaLh
Alpha:
	URL: C:\sources\appman
	Connected: Yes
	Synchronizable contents:
		904 directories
		2351 files (206 MB)
		0 symbolic links
Beta:
	URL: tparent@pc-ub1:sources/appman
	Connected: Yes
	Synchronizable contents:
		904 directories
		2351 files (206 MB)
		0 symbolic links
Status: Watching for changes
-------------------------------------------------------------------------------
Name: pc-ub1-mutagenmon
Identifier: sync_cqhCMHYAW113J2fcp4bhUwGVWfGtTVQqmgm2tBfy2Q7
Alpha:
	URL: C:\sources\mutagenMon
	Connected: Yes
	Synchronizable contents:
		41 directories
		161 files (1.9 MB)
		0 symbolic links
	Scan problems: 1
Beta:
	URL: tparent@pc-ub1:sources/mutagenMon
	Connected: Yes
	Synchronizable contents:
		41 directories
		161 files (2.2 MB)
		0 symbolic links
Conflicts: 1
Status: Watching for changes
-------------------------------------------------------------------------------

2026-08-17 16:52:47.327 +02:00 [INF] MutagenMon.Core.Monitoring.SessionMonitorService: Session 'pc-ub1-appman' status: Watching for changes, hasProblem: False, HasConflicts: False
2026-08-17 16:52:47.329 +02:00 [INF] MutagenMon.Core.Monitoring.SessionMonitorService: Session 'pc-ub1-mutagenmon' status: Watching for changes, hasProblem: False, HasConflicts: True
2026-08-17 16:52:47.331 +02:00 [INF] MutagenMon.Core.Monitoring.SessionMonitorService: Poll succeeded: worst=Conflicts, enabled=True, profileUpdated=False
2026-08-17 16:52:48.311 +02:00 [INF] MutagenMon.Core.Monitoring.SessionMonitorService: -------------------------------------------------------------------------------
Name: pc-ub1-appman
Identifier: sync_WpA0olCvqvjQEQWEI4okSZRpusFT7rL8lQ4GYhZtaLh
Alpha:
	URL: C:\sources\appman
	Connected: Yes
	Synchronizable contents:
		904 directories
		2351 files (206 MB)
		0 symbolic links
Beta:
	URL: tparent@pc-ub1:sources/appman
	Connected: Yes
	Synchronizable contents:
		904 directories
		2351 files (206 MB)
		0 symbolic links
Status: Watching for changes
-------------------------------------------------------------------------------
Name: pc-ub1-mutagenmon
Identifier: sync_cqhCMHYAW113J2fcp4bhUwGVWfGtTVQqmgm2tBfy2Q7
Alpha:
	URL: C:\sources\mutagenMon
	Connected: Yes
	Synchronizable contents:
		41 directories
		161 files (1.9 MB)
		0 symbolic links
	Scan problems: 1
Beta:
	URL: tparent@pc-ub1:sources/mutagenMon
	Connected: Yes
	Synchronizable contents:
		41 directories
		161 files (2.2 MB)
		0 symbolic links
Conflicts: 1
Status: Watching for changes
-------------------------------------------------------------------------------

2026-08-17 16:52:48.320 +02:00 [INF] MutagenMon.Core.Monitoring.SessionMonitorService: Session 'pc-ub1-appman' status: Watching for changes, hasProblem: False, HasConflicts: False
2026-08-17 16:52:48.324 +02:00 [INF] MutagenMon.Core.Monitoring.SessionMonitorService: Session 'pc-ub1-mutagenmon' status: Watching for changes, hasProblem: False, HasConflicts: True
2026-08-17 16:52:48.327 +02:00 [INF] MutagenMon.Core.Monitoring.SessionMonitorService: Poll succeeded: worst=Conflicts, enabled=True, profileUpdated=False
2026-08-17 16:52:49.302 +02:00 [INF] MutagenMon.Core.Monitoring.SessionMonitorService: -------------------------------------------------------------------------------
Name: pc-ub1-appman
Identifier: sync_WpA0olCvqvjQEQWEI4okSZRpusFT7rL8lQ4GYhZtaLh
Alpha:
	URL: C:\sources\appman
	Connected: Yes
	Synchronizable contents:
		904 directories
		2351 files (206 MB)
		0 symbolic links
Beta:
	URL: tparent@pc-ub1:sources/appman
	Connected: Yes
	Synchronizable contents:
		904 directories
		2351 files (206 MB)
		0 symbolic links
Status: Watching for changes
-------------------------------------------------------------------------------
Name: pc-ub1-mutagenmon
Identifier: sync_cqhCMHYAW113J2fcp4bhUwGVWfGtTVQqmgm2tBfy2Q7
Alpha:
	URL: C:\sources\mutagenMon
	Connected: Yes
	Synchronizable contents:
		41 directories
		161 files (1.9 MB)
		0 symbolic links
	Scan problems: 1
Beta:
	URL: tparent@pc-ub1:sources/mutagenMon
	Connected: Yes
	Synchronizable contents:
		41 directories
		161 files (2.2 MB)
		0 symbolic links
Conflicts: 1
Status: Watching for changes
-------------------------------------------------------------------------------

2026-08-17 16:52:49.304 +02:00 [INF] MutagenMon.Core.Monitoring.SessionMonitorService: Session 'pc-ub1-appman' status: Watching for changes, hasProblem: False, HasConflicts: False
2026-08-17 16:52:49.307 +02:00 [INF] MutagenMon.Core.Monitoring.SessionMonitorService: Session 'pc-ub1-mutagenmon' status: Watching for changes, hasProblem: False, HasConflicts: True
2026-08-17 16:52:49.310 +02:00 [INF] MutagenMon.Core.Monitoring.SessionMonitorService: Poll succeeded: worst=Conflicts, enabled=True, profileUpdated=False
2026-08-17 16:52:50.299 +02:00 [INF] MutagenMon.Core.Monitoring.SessionMonitorService: -------------------------------------------------------------------------------
Name: pc-ub1-appman
Identifier: sync_WpA0olCvqvjQEQWEI4okSZRpusFT7rL8lQ4GYhZtaLh
Alpha:
	URL: C:\sources\appman
	Connected: Yes
	Synchronizable contents:
		904 directories
		2351 files (206 MB)
		0 symbolic links
Beta:
	URL: tparent@pc-ub1:sources/appman
	Connected: Yes
	Synchronizable contents:
		904 directories
		2351 files (206 MB)
		0 symbolic links
Status: Watching for changes
-------------------------------------------------------------------------------
Name: pc-ub1-mutagenmon
Identifier: sync_cqhCMHYAW113J2fcp4bhUwGVWfGtTVQqmgm2tBfy2Q7
Alpha:
	URL: C:\sources\mutagenMon
	Connected: Yes
	Synchronizable contents:
		41 directories
		161 files (1.9 MB)
		0 symbolic links
	Scan problems: 1
Beta:
	URL: tparent@pc-ub1:sources/mutagenMon
	Connected: Yes
	Synchronizable contents:
		41 directories
		161 files (2.2 MB)
		0 symbolic links
Conflicts: 1
Status: Watching for changes
-------------------------------------------------------------------------------

2026-08-17 16:52:50.302 +02:00 [INF] MutagenMon.Core.Monitoring.SessionMonitorService: Session 'pc-ub1-appman' status: Watching for changes, hasProblem: False, HasConflicts: False
2026-08-17 16:52:50.304 +02:00 [INF] MutagenMon.Core.Monitoring.SessionMonitorService: Session 'pc-ub1-mutagenmon' status: Watching for changes, hasProblem: False, HasConflicts: True
2026-08-17 16:52:50.307 +02:00 [INF] MutagenMon.Core.Monitoring.SessionMonitorService: Poll succeeded: worst=Conflicts, enabled=True, profileUpdated=False
2026-08-17 16:52:51.284 +02:00 [INF] MutagenMon.Core.Monitoring.SessionMonitorService: -------------------------------------------------------------------------------
Name: pc-ub1-appman
Identifier: sync_WpA0olCvqvjQEQWEI4okSZRpusFT7rL8lQ4GYhZtaLh
Alpha:
	URL: C:\sources\appman
	Connected: Yes
	Synchronizable contents:
		904 directories
		2351 files (206 MB)
		0 symbolic links
Beta:
	URL: tparent@pc-ub1:sources/appman
	Connected: Yes
	Synchronizable contents:
		904 directories
		2351 files (206 MB)
		0 symbolic links
Status: Watching for changes
-------------------------------------------------------------------------------
Name: pc-ub1-mutagenmon
Identifier: sync_cqhCMHYAW113J2fcp4bhUwGVWfGtTVQqmgm2tBfy2Q7
Alpha:
	URL: C:\sources\mutagenMon
	Connected: Yes
	Synchronizable contents:
		41 directories
		161 files (1.9 MB)
		0 symbolic links
	Scan problems: 1
Beta:
	URL: tparent@pc-ub1:sources/mutagenMon
	Connected: Yes
	Synchronizable contents:
		41 directories
		161 files (2.2 MB)
		0 symbolic links
Conflicts: 1
Status: Watching for changes
-------------------------------------------------------------------------------

2026-08-17 16:52:51.286 +02:00 [INF] MutagenMon.Core.Monitoring.SessionMonitorService: Session 'pc-ub1-appman' status: Watching for changes, hasProblem: False, HasConflicts: False
2026-08-17 16:52:51.290 +02:00 [INF] MutagenMon.Core.Monitoring.SessionMonitorService: Session 'pc-ub1-mutagenmon' status: Watching for changes, hasProblem: False, HasConflicts: True
2026-08-17 16:52:51.294 +02:00 [INF] MutagenMon.Core.Monitoring.SessionMonitorService: Poll succeeded: worst=Conflicts, enabled=True, profileUpdated=False
2026-08-17 16:52:52.281 +02:00 [INF] MutagenMon.Core.Monitoring.SessionMonitorService: -------------------------------------------------------------------------------
Name: pc-ub1-appman
Identifier: sync_WpA0olCvqvjQEQWEI4okSZRpusFT7rL8lQ4GYhZtaLh
Alpha:
	URL: C:\sources\appman
	Connected: Yes
	Synchronizable contents:
		904 directories
		2351 files (206 MB)
		0 symbolic links
Beta:
	URL: tparent@pc-ub1:sources/appman
	Connected: Yes
	Synchronizable contents:
		904 directories
		2351 files (206 MB)
		0 symbolic links
Status: Watching for changes
-------------------------------------------------------------------------------
Name: pc-ub1-mutagenmon
Identifier: sync_cqhCMHYAW113J2fcp4bhUwGVWfGtTVQqmgm2tBfy2Q7
Alpha:
	URL: C:\sources\mutagenMon
	Connected: Yes
	Synchronizable contents:
		41 directories
		161 files (1.9 MB)
		0 symbolic links
	Scan problems: 1
Beta:
	URL: tparent@pc-ub1:sources/mutagenMon
	Connected: Yes
	Synchronizable contents:
		41 directories
		161 files (2.2 MB)
		0 symbolic links
Conflicts: 1
Status: Watching for changes
-------------------------------------------------------------------------------

2026-08-17 16:52:52.284 +02:00 [INF] MutagenMon.Core.Monitoring.SessionMonitorService: Session 'pc-ub1-appman' status: Watching for changes, hasProblem: False, HasConflicts: False
2026-08-17 16:52:52.287 +02:00 [INF] MutagenMon.Core.Monitoring.SessionMonitorService: Session 'pc-ub1-mutagenmon' status: Watching for changes, hasProblem: False, HasConflicts: True
2026-08-17 16:52:52.291 +02:00 [INF] MutagenMon.Core.Monitoring.SessionMonitorService: Poll succeeded: worst=Conflicts, enabled=True, profileUpdated=False
2026-08-17 16:52:53.284 +02:00 [INF] MutagenMon.Core.Monitoring.SessionMonitorService: -------------------------------------------------------------------------------
Name: pc-ub1-appman
Identifier: sync_WpA0olCvqvjQEQWEI4okSZRpusFT7rL8lQ4GYhZtaLh
Alpha:
	URL: C:\sources\appman
	Connected: Yes
	Synchronizable contents:
		904 directories
		2351 files (206 MB)
		0 symbolic links
Beta:
	URL: tparent@pc-ub1:sources/appman
	Connected: Yes
	Synchronizable contents:
		904 directories
		2351 files (206 MB)
		0 symbolic links
Status: Watching for changes
-------------------------------------------------------------------------------
Name: pc-ub1-mutagenmon
Identifier: sync_cqhCMHYAW113J2fcp4bhUwGVWfGtTVQqmgm2tBfy2Q7
Alpha:
	URL: C:\sources\mutagenMon
	Connected: Yes
	Synchronizable contents:
		41 directories
		161 files (1.9 MB)
		0 symbolic links
	Scan problems: 1
Beta:
	URL: tparent@pc-ub1:sources/mutagenMon
	Connected: Yes
	Synchronizable contents:
		41 directories
		161 files (2.2 MB)
		0 symbolic links
Conflicts: 1
Status: Watching for changes
-------------------------------------------------------------------------------

2026-08-17 16:52:53.287 +02:00 [INF] MutagenMon.Core.Monitoring.SessionMonitorService: Session 'pc-ub1-appman' status: Watching for changes, hasProblem: False, HasConflicts: False
2026-08-17 16:52:53.289 +02:00 [INF] MutagenMon.Core.Monitoring.SessionMonitorService: Session 'pc-ub1-mutagenmon' status: Watching for changes, hasProblem: False, HasConflicts: True
2026-08-17 16:52:53.293 +02:00 [INF] MutagenMon.Core.Monitoring.SessionMonitorService: Poll succeeded: worst=Conflicts, enabled=True, profileUpdated=False
2026-08-17 16:52:54.307 +02:00 [INF] MutagenMon.Core.Monitoring.SessionMonitorService: -------------------------------------------------------------------------------
Name: pc-ub1-appman
Identifier: sync_WpA0olCvqvjQEQWEI4okSZRpusFT7rL8lQ4GYhZtaLh
Alpha:
	URL: C:\sources\appman
	Connected: Yes
	Synchronizable contents:
		904 directories
		2351 files (206 MB)
		0 symbolic links
Beta:
	URL: tparent@pc-ub1:sources/appman
	Connected: Yes
	Synchronizable contents:
		904 directories
		2351 files (206 MB)
		0 symbolic links
Status: Watching for changes
-------------------------------------------------------------------------------
Name: pc-ub1-mutagenmon
Identifier: sync_cqhCMHYAW113J2fcp4bhUwGVWfGtTVQqmgm2tBfy2Q7
Alpha:
	URL: C:\sources\mutagenMon
	Connected: Yes
	Synchronizable contents:
		41 directories
		161 files (1.9 MB)
		0 symbolic links
	Scan problems: 1
Beta:
	URL: tparent@pc-ub1:sources/mutagenMon
	Connected: Yes
	Synchronizable contents:
		41 directories
		161 files (2.2 MB)
		0 symbolic links
Conflicts: 1
Status: Watching for changes
-------------------------------------------------------------------------------

2026-08-17 16:52:54.309 +02:00 [INF] MutagenMon.Core.Monitoring.SessionMonitorService: Session 'pc-ub1-appman' status: Watching for changes, hasProblem: False, HasConflicts: False
2026-08-17 16:52:54.310 +02:00 [INF] MutagenMon.Core.Monitoring.SessionMonitorService: Session 'pc-ub1-mutagenmon' status: Watching for changes, hasProblem: False, HasConflicts: True
2026-08-17 16:52:54.312 +02:00 [INF] MutagenMon.Core.Monitoring.SessionMonitorService: Poll succeeded: worst=Conflicts, enabled=True, profileUpdated=False
2026-08-17 16:52:55.288 +02:00 [INF] MutagenMon.Core.Monitoring.SessionMonitorService: -------------------------------------------------------------------------------
Name: pc-ub1-appman
Identifier: sync_WpA0olCvqvjQEQWEI4okSZRpusFT7rL8lQ4GYhZtaLh
Alpha:
	URL: C:\sources\appman
	Connected: Yes
	Synchronizable contents:
		904 directories
		2351 files (206 MB)
		0 symbolic links
Beta:
	URL: tparent@pc-ub1:sources/appman
	Connected: Yes
	Synchronizable contents:
		904 directories
		2351 files (206 MB)
		0 symbolic links
Status: Watching for changes
-------------------------------------------------------------------------------
Name: pc-ub1-mutagenmon
Identifier: sync_cqhCMHYAW113J2fcp4bhUwGVWfGtTVQqmgm2tBfy2Q7
Alpha:
	URL: C:\sources\mutagenMon
	Connected: Yes
	Synchronizable contents:
		41 directories
		161 files (1.9 MB)
		0 symbolic links
	Scan problems: 1
Beta:
	URL: tparent@pc-ub1:sources/mutagenMon
	Connected: Yes
	Synchronizable contents:
		41 directories
		161 files (2.2 MB)
		0 symbolic links
Conflicts: 1
Status: Watching for changes
-------------------------------------------------------------------------------

2026-08-17 16:52:55.290 +02:00 [INF] MutagenMon.Core.Monitoring.SessionMonitorService: Session 'pc-ub1-appman' status: Watching for changes, hasProblem: False, HasConflicts: False
2026-08-17 16:52:55.292 +02:00 [INF] MutagenMon.Core.Monitoring.SessionMonitorService: Session 'pc-ub1-mutagenmon' status: Watching for changes, hasProblem: False, HasConflicts: True
2026-08-17 16:52:55.294 +02:00 [INF] MutagenMon.Core.Monitoring.SessionMonitorService: Poll succeeded: worst=Conflicts, enabled=True, profileUpdated=False
2026-08-17 16:52:56.312 +02:00 [INF] MutagenMon.Core.Monitoring.SessionMonitorService: -------------------------------------------------------------------------------
Name: pc-ub1-appman
Identifier: sync_WpA0olCvqvjQEQWEI4okSZRpusFT7rL8lQ4GYhZtaLh
Alpha:
	URL: C:\sources\appman
	Connected: Yes
	Synchronizable contents:
		904 directories
		2351 files (206 MB)
		0 symbolic links
Beta:
	URL: tparent@pc-ub1:sources/appman
	Connected: Yes
	Synchronizable contents:
		904 directories
		2351 files (206 MB)
		0 symbolic links
Status: Watching for changes
-------------------------------------------------------------------------------
Name: pc-ub1-mutagenmon
Identifier: sync_cqhCMHYAW113J2fcp4bhUwGVWfGtTVQqmgm2tBfy2Q7
Alpha:
	URL: C:\sources\mutagenMon
	Connected: Yes
	Synchronizable contents:
		41 directories
		161 files (1.9 MB)
		0 symbolic links
	Scan problems: 1
Beta:
	URL: tparent@pc-ub1:sources/mutagenMon
	Connected: Yes
	Synchronizable contents:
		41 directories
		161 files (2.2 MB)
		0 symbolic links
Conflicts: 1
Status: Watching for changes
-------------------------------------------------------------------------------

2026-08-17 16:52:56.315 +02:00 [INF] MutagenMon.Core.Monitoring.SessionMonitorService: Session 'pc-ub1-appman' status: Watching for changes, hasProblem: False, HasConflicts: False
2026-08-17 16:52:56.318 +02:00 [INF] MutagenMon.Core.Monitoring.SessionMonitorService: Session 'pc-ub1-mutagenmon' status: Watching for changes, hasProblem: False, HasConflicts: True
2026-08-17 16:52:56.322 +02:00 [INF] MutagenMon.Core.Monitoring.SessionMonitorService: Poll succeeded: worst=Conflicts, enabled=True, profileUpdated=False
2026-08-17 16:52:57.295 +02:00 [INF] MutagenMon.Core.Monitoring.SessionMonitorService: -------------------------------------------------------------------------------
Name: pc-ub1-appman
Identifier: sync_WpA0olCvqvjQEQWEI4okSZRpusFT7rL8lQ4GYhZtaLh
Alpha:
	URL: C:\sources\appman
	Connected: Yes
	Synchronizable contents:
		904 directories
		2351 files (206 MB)
		0 symbolic links
Beta:
	URL: tparent@pc-ub1:sources/appman
	Connected: Yes
	Synchronizable contents:
		904 directories
		2351 files (206 MB)
		0 symbolic links
Status: Watching for changes
-------------------------------------------------------------------------------
Name: pc-ub1-mutagenmon
Identifier: sync_cqhCMHYAW113J2fcp4bhUwGVWfGtTVQqmgm2tBfy2Q7
Alpha:
	URL: C:\sources\mutagenMon
	Connected: Yes
	Synchronizable contents:
		41 directories
		161 files (1.9 MB)
		0 symbolic links
	Scan problems: 1
Beta:
	URL: tparent@pc-ub1:sources/mutagenMon
	Connected: Yes
	Synchronizable contents:
		41 directories
		161 files (2.2 MB)
		0 symbolic links
Conflicts: 1
Status: Watching for changes
-------------------------------------------------------------------------------

2026-08-17 16:52:57.298 +02:00 [INF] MutagenMon.Core.Monitoring.SessionMonitorService: Session 'pc-ub1-appman' status: Watching for changes, hasProblem: False, HasConflicts: False
2026-08-17 16:52:57.301 +02:00 [INF] MutagenMon.Core.Monitoring.SessionMonitorService: Session 'pc-ub1-mutagenmon' status: Watching for changes, hasProblem: False, HasConflicts: True
2026-08-17 16:52:57.304 +02:00 [INF] MutagenMon.Core.Monitoring.SessionMonitorService: Poll succeeded: worst=Conflicts, enabled=True, profileUpdated=False
2026-08-17 16:52:58.306 +02:00 [INF] MutagenMon.Core.Monitoring.SessionMonitorService: -------------------------------------------------------------------------------
Name: pc-ub1-appman
Identifier: sync_WpA0olCvqvjQEQWEI4okSZRpusFT7rL8lQ4GYhZtaLh
Alpha:
	URL: C:\sources\appman
	Connected: Yes
	Synchronizable contents:
		904 directories
		2351 files (206 MB)
		0 symbolic links
Beta:
	URL: tparent@pc-ub1:sources/appman
	Connected: Yes
	Synchronizable contents:
		904 directories
		2351 files (206 MB)
		0 symbolic links
Status: Watching for changes
-------------------------------------------------------------------------------
Name: pc-ub1-mutagenmon
Identifier: sync_cqhCMHYAW113J2fcp4bhUwGVWfGtTVQqmgm2tBfy2Q7
Alpha:
	URL: C:\sources\mutagenMon
	Connected: Yes
	Synchronizable contents:
		41 directories
		161 files (1.9 MB)
		0 symbolic links
	Scan problems: 1
Beta:
	URL: tparent@pc-ub1:sources/mutagenMon
	Connected: Yes
	Synchronizable contents:
		41 directories
		161 files (2.2 MB)
		0 symbolic links
Conflicts: 1
Status: Watching for changes
-------------------------------------------------------------------------------

2026-08-17 16:52:58.307 +02:00 [INF] MutagenMon.Core.Monitoring.SessionMonitorService: Session 'pc-ub1-appman' status: Watching for changes, hasProblem: False, HasConflicts: False
2026-08-17 16:52:58.309 +02:00 [INF] MutagenMon.Core.Monitoring.SessionMonitorService: Session 'pc-ub1-mutagenmon' status: Watching for changes, hasProblem: False, HasConflicts: True
2026-08-17 16:52:58.311 +02:00 [INF] MutagenMon.Core.Monitoring.SessionMonitorService: Poll succeeded: worst=Conflicts, enabled=True, profileUpdated=False
2026-08-17 16:52:59.280 +02:00 [INF] MutagenMon.Core.Monitoring.SessionMonitorService: -------------------------------------------------------------------------------
Name: pc-ub1-appman
Identifier: sync_WpA0olCvqvjQEQWEI4okSZRpusFT7rL8lQ4GYhZtaLh
Alpha:
	URL: C:\sources\appman
	Connected: Yes
	Synchronizable contents:
		904 directories
		2351 files (206 MB)
		0 symbolic links
Beta:
	URL: tparent@pc-ub1:sources/appman
	Connected: Yes
	Synchronizable contents:
		904 directories
		2351 files (206 MB)
		0 symbolic links
Status: Watching for changes
-------------------------------------------------------------------------------
Name: pc-ub1-mutagenmon
Identifier: sync_cqhCMHYAW113J2fcp4bhUwGVWfGtTVQqmgm2tBfy2Q7
Alpha:
	URL: C:\sources\mutagenMon
	Connected: Yes
	Synchronizable contents:
		41 directories
		161 files (1.9 MB)
		0 symbolic links
	Scan problems: 1
Beta:
	URL: tparent@pc-ub1:sources/mutagenMon
	Connected: Yes
	Synchronizable contents:
		41 directories
		161 files (2.2 MB)
		0 symbolic links
Conflicts: 1
Status: Watching for changes
-------------------------------------------------------------------------------

2026-08-17 16:52:59.283 +02:00 [INF] MutagenMon.Core.Monitoring.SessionMonitorService: Session 'pc-ub1-appman' status: Watching for changes, hasProblem: False, HasConflicts: False
2026-08-17 16:52:59.286 +02:00 [INF] MutagenMon.Core.Monitoring.SessionMonitorService: Session 'pc-ub1-mutagenmon' status: Watching for changes, hasProblem: False, HasConflicts: True
2026-08-17 16:52:59.290 +02:00 [INF] MutagenMon.Core.Monitoring.SessionMonitorService: Poll succeeded: worst=Conflicts, enabled=True, profileUpdated=False
2026-08-17 16:53:00.260 +02:00 [INF] MutagenMon.Core.Monitoring.SessionMonitorService: -------------------------------------------------------------------------------
Name: pc-ub1-appman
Identifier: sync_WpA0olCvqvjQEQWEI4okSZRpusFT7rL8lQ4GYhZtaLh
Alpha:
	URL: C:\sources\appman
	Connected: Yes
	Synchronizable contents:
		904 directories
		2351 files (206 MB)
		0 symbolic links
Beta:
	URL: tparent@pc-ub1:sources/appman
	Connected: Yes
	Synchronizable contents:
		904 directories
		2351 files (206 MB)
		0 symbolic links
Status: Watching for changes
-------------------------------------------------------------------------------
Name: pc-ub1-mutagenmon
Identifier: sync_cqhCMHYAW113J2fcp4bhUwGVWfGtTVQqmgm2tBfy2Q7
Alpha:
	URL: C:\sources\mutagenMon
	Connected: Yes
	Synchronizable contents:
		41 directories
		161 files (1.9 MB)
		0 symbolic links
	Scan problems: 1
Beta:
	URL: tparent@pc-ub1:sources/mutagenMon
	Connected: Yes
	Synchronizable contents:
		41 directories
		161 files (2.2 MB)
		0 symbolic links
Conflicts: 1
Status: Watching for changes
-------------------------------------------------------------------------------

2026-08-17 16:53:00.263 +02:00 [INF] MutagenMon.Core.Monitoring.SessionMonitorService: Session 'pc-ub1-appman' status: Watching for changes, hasProblem: False, HasConflicts: False
2026-08-17 16:53:00.265 +02:00 [INF] MutagenMon.Core.Monitoring.SessionMonitorService: Session 'pc-ub1-mutagenmon' status: Watching for changes, hasProblem: False, HasConflicts: True
2026-08-17 16:53:00.269 +02:00 [INF] MutagenMon.Core.Monitoring.SessionMonitorService: Poll succeeded: worst=Conflicts, enabled=True, profileUpdated=False
2026-08-17 16:53:01.299 +02:00 [INF] MutagenMon.Core.Monitoring.SessionMonitorService: -------------------------------------------------------------------------------
Name: pc-ub1-appman
Identifier: sync_WpA0olCvqvjQEQWEI4okSZRpusFT7rL8lQ4GYhZtaLh
Alpha:
	URL: C:\sources\appman
	Connected: Yes
	Synchronizable contents:
		904 directories
		2351 files (206 MB)
		0 symbolic links
Beta:
	URL: tparent@pc-ub1:sources/appman
	Connected: Yes
	Synchronizable contents:
		904 directories
		2351 files (206 MB)
		0 symbolic links
Status: Watching for changes
-------------------------------------------------------------------------------
Name: pc-ub1-mutagenmon
Identifier: sync_cqhCMHYAW113J2fcp4bhUwGVWfGtTVQqmgm2tBfy2Q7
Alpha:
	URL: C:\sources\mutagenMon
	Connected: Yes
	Synchronizable contents:
		41 directories
		161 files (1.9 MB)
		0 symbolic links
	Scan problems: 1
Beta:
	URL: tparent@pc-ub1:sources/mutagenMon
	Connected: Yes
	Synchronizable contents:
		41 directories
		161 files (2.2 MB)
		0 symbolic links
Conflicts: 1
Status: Watching for changes
-------------------------------------------------------------------------------

2026-08-17 16:53:01.302 +02:00 [INF] MutagenMon.Core.Monitoring.SessionMonitorService: Session 'pc-ub1-appman' status: Watching for changes, hasProblem: False, HasConflicts: False
2026-08-17 16:53:01.304 +02:00 [INF] MutagenMon.Core.Monitoring.SessionMonitorService: Session 'pc-ub1-mutagenmon' status: Watching for changes, hasProblem: False, HasConflicts: True
2026-08-17 16:53:01.307 +02:00 [INF] MutagenMon.Core.Monitoring.SessionMonitorService: Poll succeeded: worst=Conflicts, enabled=True, profileUpdated=False
2026-08-17 16:53:02.314 +02:00 [INF] MutagenMon.Core.Monitoring.SessionMonitorService: -------------------------------------------------------------------------------
Name: pc-ub1-appman
Identifier: sync_WpA0olCvqvjQEQWEI4okSZRpusFT7rL8lQ4GYhZtaLh
Alpha:
	URL: C:\sources\appman
	Connected: Yes
	Synchronizable contents:
		904 directories
		2351 files (206 MB)
		0 symbolic links
Beta:
	URL: tparent@pc-ub1:sources/appman
	Connected: Yes
	Synchronizable contents:
		904 directories
		2351 files (206 MB)
		0 symbolic links
Status: Watching for changes
-------------------------------------------------------------------------------
Name: pc-ub1-mutagenmon
Identifier: sync_cqhCMHYAW113J2fcp4bhUwGVWfGtTVQqmgm2tBfy2Q7
Alpha:
	URL: C:\sources\mutagenMon
	Connected: Yes
	Synchronizable contents:
		41 directories
		161 files (2.0 MB)
		0 symbolic links
	Scan problems: 1
Beta:
	URL: tparent@pc-ub1:sources/mutagenMon
	Connected: Yes
	Synchronizable contents:
		41 directories
		161 files (2.2 MB)
		0 symbolic links
Conflicts: 1
Status: Watching for changes
-------------------------------------------------------------------------------

2026-08-17 16:53:02.317 +02:00 [INF] MutagenMon.Core.Monitoring.SessionMonitorService: Session 'pc-ub1-appman' status: Watching for changes, hasProblem: False, HasConflicts: False
2026-08-17 16:53:02.320 +02:00 [INF] MutagenMon.Core.Monitoring.SessionMonitorService: Session 'pc-ub1-mutagenmon' status: Watching for changes, hasProblem: False, HasConflicts: True
2026-08-17 16:53:02.323 +02:00 [INF] MutagenMon.Core.Monitoring.SessionMonitorService: Poll succeeded: worst=Conflicts, enabled=True, profileUpdated=False
2026-08-17 16:53:03.294 +02:00 [INF] MutagenMon.Core.Monitoring.SessionMonitorService: -------------------------------------------------------------------------------
Name: pc-ub1-appman
Identifier: sync_WpA0olCvqvjQEQWEI4okSZRpusFT7rL8lQ4GYhZtaLh
Alpha:
	URL: C:\sources\appman
	Connected: Yes
	Synchronizable contents:
		904 directories
		2351 files (206 MB)
		0 symbolic links
Beta:
	URL: tparent@pc-ub1:sources/appman
	Connected: Yes
	Synchronizable contents:
		904 directories
		2351 files (206 MB)
		0 symbolic links
Status: Watching for changes
-------------------------------------------------------------------------------
Name: pc-ub1-mutagenmon
Identifier: sync_cqhCMHYAW113J2fcp4bhUwGVWfGtTVQqmgm2tBfy2Q7
Alpha:
	URL: C:\sources\mutagenMon
	Connected: Yes
	Synchronizable contents:
		41 directories
		161 files (2.0 MB)
		0 symbolic links
	Scan problems: 1
Beta:
	URL: tparent@pc-ub1:sources/mutagenMon
	Connected: Yes
	Synchronizable contents:
		41 directories
		161 files (2.2 MB)
		0 symbolic links
Conflicts: 1
Status: Watching for changes
-------------------------------------------------------------------------------

2026-08-17 16:53:03.297 +02:00 [INF] MutagenMon.Core.Monitoring.SessionMonitorService: Session 'pc-ub1-appman' status: Watching for changes, hasProblem: False, HasConflicts: False
2026-08-17 16:53:03.300 +02:00 [INF] MutagenMon.Core.Monitoring.SessionMonitorService: Session 'pc-ub1-mutagenmon' status: Watching for changes, hasProblem: False, HasConflicts: True
2026-08-17 16:53:03.304 +02:00 [INF] MutagenMon.Core.Monitoring.SessionMonitorService: Poll succeeded: worst=Conflicts, enabled=True, profileUpdated=False
2026-08-17 16:53:04.305 +02:00 [INF] MutagenMon.Core.Monitoring.SessionMonitorService: -------------------------------------------------------------------------------
Name: pc-ub1-appman
Identifier: sync_WpA0olCvqvjQEQWEI4okSZRpusFT7rL8lQ4GYhZtaLh
Alpha:
	URL: C:\sources\appman
	Connected: Yes
	Synchronizable contents:
		904 directories
		2351 files (206 MB)
		0 symbolic links
Beta:
	URL: tparent@pc-ub1:sources/appman
	Connected: Yes
	Synchronizable contents:
		904 directories
		2351 files (206 MB)
		0 symbolic links
Status: Watching for changes
-------------------------------------------------------------------------------
Name: pc-ub1-mutagenmon
Identifier: sync_cqhCMHYAW113J2fcp4bhUwGVWfGtTVQqmgm2tBfy2Q7
Alpha:
	URL: C:\sources\mutagenMon
	Connected: Yes
	Synchronizable contents:
		41 directories
		161 files (2.0 MB)
		0 symbolic links
	Scan problems: 1
Beta:
	URL: tparent@pc-ub1:sources/mutagenMon
	Connected: Yes
	Synchronizable contents:
		41 directories
		161 files (2.2 MB)
		0 symbolic links
Conflicts: 1
Status: Watching for changes
-------------------------------------------------------------------------------

2026-08-17 16:53:04.308 +02:00 [INF] MutagenMon.Core.Monitoring.SessionMonitorService: Session 'pc-ub1-appman' status: Watching for changes, hasProblem: False, HasConflicts: False
2026-08-17 16:53:04.310 +02:00 [INF] MutagenMon.Core.Monitoring.SessionMonitorService: Session 'pc-ub1-mutagenmon' status: Watching for changes, hasProblem: False, HasConflicts: True
2026-08-17 16:53:04.315 +02:00 [INF] MutagenMon.Core.Monitoring.SessionMonitorService: Poll succeeded: worst=Conflicts, enabled=True, profileUpdated=False
2026-08-17 16:53:05.321 +02:00 [INF] MutagenMon.Core.Monitoring.SessionMonitorService: -------------------------------------------------------------------------------
Name: pc-ub1-appman
Identifier: sync_WpA0olCvqvjQEQWEI4okSZRpusFT7rL8lQ4GYhZtaLh
Alpha:
	URL: C:\sources\appman
	Connected: Yes
	Synchronizable contents:
		904 directories
		2351 files (206 MB)
		0 symbolic links
Beta:
	URL: tparent@pc-ub1:sources/appman
	Connected: Yes
	Synchronizable contents:
		904 directories
		2351 files (206 MB)
		0 symbolic links
Status: Watching for changes
-------------------------------------------------------------------------------
Name: pc-ub1-mutagenmon
Identifier: sync_cqhCMHYAW113J2fcp4bhUwGVWfGtTVQqmgm2tBfy2Q7
Alpha:
	URL: C:\sources\mutagenMon
	Connected: Yes
	Synchronizable contents:
		41 directories
		161 files (2.0 MB)
		0 symbolic links
	Scan problems: 1
Beta:
	URL: tparent@pc-ub1:sources/mutagenMon
	Connected: Yes
	Synchronizable contents:
		41 directories
		161 files (2.2 MB)
		0 symbolic links
Conflicts: 1
Status: Watching for changes
-------------------------------------------------------------------------------

2026-08-17 16:53:05.324 +02:00 [INF] MutagenMon.Core.Monitoring.SessionMonitorService: Session 'pc-ub1-appman' status: Watching for changes, hasProblem: False, HasConflicts: False
2026-08-17 16:53:05.328 +02:00 [INF] MutagenMon.Core.Monitoring.SessionMonitorService: Session 'pc-ub1-mutagenmon' status: Watching for changes, hasProblem: False, HasConflicts: True
2026-08-17 16:53:05.336 +02:00 [INF] MutagenMon.Core.Monitoring.SessionMonitorService: Poll succeeded: worst=Conflicts, enabled=True, profileUpdated=False
2026-08-17 16:53:06.303 +02:00 [INF] MutagenMon.Core.Monitoring.SessionMonitorService: -------------------------------------------------------------------------------
Name: pc-ub1-appman
Identifier: sync_WpA0olCvqvjQEQWEI4okSZRpusFT7rL8lQ4GYhZtaLh
Alpha:
	URL: C:\sources\appman
	Connected: Yes
	Synchronizable contents:
		904 directories
		2351 files (206 MB)
		0 symbolic links
Beta:
	URL: tparent@pc-ub1:sources/appman
	Connected: Yes
	Synchronizable contents:
		904 directories
		2351 files (206 MB)
		0 symbolic links
Status: Watching for changes
-------------------------------------------------------------------------------
Name: pc-ub1-mutagenmon
Identifier: sync_cqhCMHYAW113J2fcp4bhUwGVWfGtTVQqmgm2tBfy2Q7
Alpha:
	URL: C:\sources\mutagenMon
	Connected: Yes
	Synchronizable contents:
		41 directories
		161 files (2.0 MB)
		0 symbolic links
	Scan problems: 1
Beta:
	URL: tparent@pc-ub1:sources/mutagenMon
	Connected: Yes
	Synchronizable contents:
		41 directories
		161 files (2.2 MB)
		0 symbolic links
Conflicts: 1
Status: Watching for changes
-------------------------------------------------------------------------------

2026-08-17 16:53:06.305 +02:00 [INF] MutagenMon.Core.Monitoring.SessionMonitorService: Session 'pc-ub1-appman' status: Watching for changes, hasProblem: False, HasConflicts: False
2026-08-17 16:53:06.306 +02:00 [INF] MutagenMon.Core.Monitoring.SessionMonitorService: Session 'pc-ub1-mutagenmon' status: Watching for changes, hasProblem: False, HasConflicts: True
2026-08-17 16:53:06.308 +02:00 [INF] MutagenMon.Core.Monitoring.SessionMonitorService: Poll succeeded: worst=Conflicts, enabled=True, profileUpdated=False
2026-08-17 16:53:07.306 +02:00 [INF] MutagenMon.Core.Monitoring.SessionMonitorService: -------------------------------------------------------------------------------
Name: pc-ub1-appman
Identifier: sync_WpA0olCvqvjQEQWEI4okSZRpusFT7rL8lQ4GYhZtaLh
Alpha:
	URL: C:\sources\appman
	Connected: Yes
	Synchronizable contents:
		904 directories
		2351 files (206 MB)
		0 symbolic links
Beta:
	URL: tparent@pc-ub1:sources/appman
	Connected: Yes
	Synchronizable contents:
		904 directories
		2351 files (206 MB)
		0 symbolic links
Status: Watching for changes
-------------------------------------------------------------------------------
Name: pc-ub1-mutagenmon
Identifier: sync_cqhCMHYAW113J2fcp4bhUwGVWfGtTVQqmgm2tBfy2Q7
Alpha:
	URL: C:\sources\mutagenMon
	Connected: Yes
	Synchronizable contents:
		41 directories
		161 files (2.0 MB)
		0 symbolic links
	Scan problems: 1
Beta:
	URL: tparent@pc-ub1:sources/mutagenMon
	Connected: Yes
	Synchronizable contents:
		41 directories
		161 files (2.2 MB)
		0 symbolic links
Conflicts: 1
Status: Watching for changes
-------------------------------------------------------------------------------

2026-08-17 16:53:07.309 +02:00 [INF] MutagenMon.Core.Monitoring.SessionMonitorService: Session 'pc-ub1-appman' status: Watching for changes, hasProblem: False, HasConflicts: False
2026-08-17 16:53:07.317 +02:00 [INF] MutagenMon.Core.Monitoring.SessionMonitorService: Session 'pc-ub1-mutagenmon' status: Watching for changes, hasProblem: False, HasConflicts: True
2026-08-17 16:53:07.322 +02:00 [INF] MutagenMon.Core.Monitoring.SessionMonitorService: Poll succeeded: worst=Conflicts, enabled=True, profileUpdated=False
2026-08-17 16:53:08.329 +02:00 [INF] MutagenMon.Core.Monitoring.SessionMonitorService: -------------------------------------------------------------------------------
Name: pc-ub1-appman
Identifier: sync_WpA0olCvqvjQEQWEI4okSZRpusFT7rL8lQ4GYhZtaLh
Alpha:
	URL: C:\sources\appman
	Connected: Yes
	Synchronizable contents:
		904 directories
		2351 files (206 MB)
		0 symbolic links
Beta:
	URL: tparent@pc-ub1:sources/appman
	Connected: Yes
	Synchronizable contents:
		904 directories
		2351 files (206 MB)
		0 symbolic links
Status: Watching for changes
-------------------------------------------------------------------------------
Name: pc-ub1-mutagenmon
Identifier: sync_cqhCMHYAW113J2fcp4bhUwGVWfGtTVQqmgm2tBfy2Q7
Alpha:
	URL: C:\sources\mutagenMon
	Connected: Yes
	Synchronizable contents:
		41 directories
		161 files (2.0 MB)
		0 symbolic links
	Scan problems: 1
Beta:
	URL: tparent@pc-ub1:sources/mutagenMon
	Connected: Yes
	Synchronizable contents:
		41 directories
		161 files (2.2 MB)
		0 symbolic links
Conflicts: 1
Status: Watching for changes
-------------------------------------------------------------------------------

2026-08-17 16:53:08.332 +02:00 [INF] MutagenMon.Core.Monitoring.SessionMonitorService: Session 'pc-ub1-appman' status: Watching for changes, hasProblem: False, HasConflicts: False
2026-08-17 16:53:08.336 +02:00 [INF] MutagenMon.Core.Monitoring.SessionMonitorService: Session 'pc-ub1-mutagenmon' status: Watching for changes, hasProblem: False, HasConflicts: True
2026-08-17 16:53:08.341 +02:00 [INF] MutagenMon.Core.Monitoring.SessionMonitorService: Poll succeeded: worst=Conflicts, enabled=True, profileUpdated=False
2026-08-17 16:53:09.318 +02:00 [INF] MutagenMon.Core.Monitoring.SessionMonitorService: -------------------------------------------------------------------------------
Name: pc-ub1-appman
Identifier: sync_WpA0olCvqvjQEQWEI4okSZRpusFT7rL8lQ4GYhZtaLh
Alpha:
	URL: C:\sources\appman
	Connected: Yes
	Synchronizable contents:
		904 directories
		2351 files (206 MB)
		0 symbolic links
Beta:
	URL: tparent@pc-ub1:sources/appman
	Connected: Yes
	Synchronizable contents:
		904 directories
		2351 files (206 MB)
		0 symbolic links
Status: Watching for changes
-------------------------------------------------------------------------------
Name: pc-ub1-mutagenmon
Identifier: sync_cqhCMHYAW113J2fcp4bhUwGVWfGtTVQqmgm2tBfy2Q7
Alpha:
	URL: C:\sources\mutagenMon
	Connected: Yes
	Synchronizable contents:
		41 directories
		161 files (2.0 MB)
		0 symbolic links
	Scan problems: 1
Beta:
	URL: tparent@pc-ub1:sources/mutagenMon
	Connected: Yes
	Synchronizable contents:
		41 directories
		161 files (2.2 MB)
		0 symbolic links
Conflicts: 1
Status: Watching for changes
-------------------------------------------------------------------------------

2026-08-17 16:53:09.320 +02:00 [INF] MutagenMon.Core.Monitoring.SessionMonitorService: Session 'pc-ub1-appman' status: Watching for changes, hasProblem: False, HasConflicts: False
2026-08-17 16:53:09.322 +02:00 [INF] MutagenMon.Core.Monitoring.SessionMonitorService: Session 'pc-ub1-mutagenmon' status: Watching for changes, hasProblem: False, HasConflicts: True
2026-08-17 16:53:09.324 +02:00 [INF] MutagenMon.Core.Monitoring.SessionMonitorService: Poll succeeded: worst=Conflicts, enabled=True, profileUpdated=False
2026-08-17 16:53:10.329 +02:00 [INF] MutagenMon.Core.Monitoring.SessionMonitorService: -------------------------------------------------------------------------------
Name: pc-ub1-appman
Identifier: sync_WpA0olCvqvjQEQWEI4okSZRpusFT7rL8lQ4GYhZtaLh
Alpha:
	URL: C:\sources\appman
	Connected: Yes
	Synchronizable contents:
		904 directories
		2351 files (206 MB)
		0 symbolic links
Beta:
	URL: tparent@pc-ub1:sources/appman
	Connected: Yes
	Synchronizable contents:
		904 directories
		2351 files (206 MB)
		0 symbolic links
Status: Watching for changes
-------------------------------------------------------------------------------
Name: pc-ub1-mutagenmon
Identifier: sync_cqhCMHYAW113J2fcp4bhUwGVWfGtTVQqmgm2tBfy2Q7
Alpha:
	URL: C:\sources\mutagenMon
	Connected: Yes
	Synchronizable contents:
		41 directories
		161 files (2.0 MB)
		0 symbolic links
	Scan problems: 1
Beta:
	URL: tparent@pc-ub1:sources/mutagenMon
	Connected: Yes
	Synchronizable contents:
		41 directories
		161 files (2.2 MB)
		0 symbolic links
Conflicts: 1
Status: Watching for changes
-------------------------------------------------------------------------------

2026-08-17 16:53:10.331 +02:00 [INF] MutagenMon.Core.Monitoring.SessionMonitorService: Session 'pc-ub1-appman' status: Watching for changes, hasProblem: False, HasConflicts: False
2026-08-17 16:53:10.332 +02:00 [INF] MutagenMon.Core.Monitoring.SessionMonitorService: Session 'pc-ub1-mutagenmon' status: Watching for changes, hasProblem: False, HasConflicts: True
2026-08-17 16:53:10.334 +02:00 [INF] MutagenMon.Core.Monitoring.SessionMonitorService: Poll succeeded: worst=Conflicts, enabled=True, profileUpdated=False
2026-08-17 16:53:11.258 +02:00 [INF] MutagenMon.Core.Monitoring.SessionMonitorService: -------------------------------------------------------------------------------
Name: pc-ub1-appman
Identifier: sync_WpA0olCvqvjQEQWEI4okSZRpusFT7rL8lQ4GYhZtaLh
Alpha:
	URL: C:\sources\appman
	Connected: Yes
	Synchronizable contents:
		904 directories
		2351 files (206 MB)
		0 symbolic links
Beta:
	URL: tparent@pc-ub1:sources/appman
	Connected: Yes
	Synchronizable contents:
		904 directories
		2351 files (206 MB)
		0 symbolic links
Status: Watching for changes
-------------------------------------------------------------------------------
Name: pc-ub1-mutagenmon
Identifier: sync_cqhCMHYAW113J2fcp4bhUwGVWfGtTVQqmgm2tBfy2Q7
Alpha:
	URL: C:\sources\mutagenMon
	Connected: Yes
	Synchronizable contents:
		41 directories
		161 files (2.0 MB)
		0 symbolic links
	Scan problems: 1
Beta:
	URL: tparent@pc-ub1:sources/mutagenMon
	Connected: Yes
	Synchronizable contents:
		41 directories
		161 files (2.2 MB)
		0 symbolic links
Conflicts: 1
Status: Watching for changes
-------------------------------------------------------------------------------

2026-08-17 16:53:11.260 +02:00 [INF] MutagenMon.Core.Monitoring.SessionMonitorService: Session 'pc-ub1-appman' status: Watching for changes, hasProblem: False, HasConflicts: False
2026-08-17 16:53:11.262 +02:00 [INF] MutagenMon.Core.Monitoring.SessionMonitorService: Session 'pc-ub1-mutagenmon' status: Watching for changes, hasProblem: False, HasConflicts: True
2026-08-17 16:53:11.265 +02:00 [INF] MutagenMon.Core.Monitoring.SessionMonitorService: Poll succeeded: worst=Conflicts, enabled=True, profileUpdated=False
2026-08-17 16:53:12.310 +02:00 [INF] MutagenMon.Core.Monitoring.SessionMonitorService: -------------------------------------------------------------------------------
Name: pc-ub1-appman
Identifier: sync_WpA0olCvqvjQEQWEI4okSZRpusFT7rL8lQ4GYhZtaLh
Alpha:
	URL: C:\sources\appman
	Connected: Yes
	Synchronizable contents:
		904 directories
		2351 files (206 MB)
		0 symbolic links
Beta:
	URL: tparent@pc-ub1:sources/appman
	Connected: Yes
	Synchronizable contents:
		904 directories
		2351 files (206 MB)
		0 symbolic links
Status: Watching for changes
-------------------------------------------------------------------------------
Name: pc-ub1-mutagenmon
Identifier: sync_cqhCMHYAW113J2fcp4bhUwGVWfGtTVQqmgm2tBfy2Q7
Alpha:
	URL: C:\sources\mutagenMon
	Connected: Yes
	Synchronizable contents:
		41 directories
		161 files (2.0 MB)
		0 symbolic links
	Scan problems: 1
Beta:
	URL: tparent@pc-ub1:sources/mutagenMon
	Connected: Yes
	Synchronizable contents:
		41 directories
		161 files (2.2 MB)
		0 symbolic links
Conflicts: 1
Status: Watching for changes
-------------------------------------------------------------------------------

2026-08-17 16:53:12.312 +02:00 [INF] MutagenMon.Core.Monitoring.SessionMonitorService: Session 'pc-ub1-appman' status: Watching for changes, hasProblem: False, HasConflicts: False
2026-08-17 16:53:12.313 +02:00 [INF] MutagenMon.Core.Monitoring.SessionMonitorService: Session 'pc-ub1-mutagenmon' status: Watching for changes, hasProblem: False, HasConflicts: True
2026-08-17 16:53:12.315 +02:00 [INF] MutagenMon.Core.Monitoring.SessionMonitorService: Poll succeeded: worst=Conflicts, enabled=True, profileUpdated=False
2026-08-17 16:53:13.285 +02:00 [INF] MutagenMon.Core.Monitoring.SessionMonitorService: -------------------------------------------------------------------------------
Name: pc-ub1-appman
Identifier: sync_WpA0olCvqvjQEQWEI4okSZRpusFT7rL8lQ4GYhZtaLh
Alpha:
	URL: C:\sources\appman
	Connected: Yes
	Synchronizable contents:
		904 directories
		2351 files (206 MB)
		0 symbolic links
Beta:
	URL: tparent@pc-ub1:sources/appman
	Connected: Yes
	Synchronizable contents:
		904 directories
		2351 files (206 MB)
		0 symbolic links
Status: Watching for changes
-------------------------------------------------------------------------------
Name: pc-ub1-mutagenmon
Identifier: sync_cqhCMHYAW113J2fcp4bhUwGVWfGtTVQqmgm2tBfy2Q7
Alpha:
	URL: C:\sources\mutagenMon
	Connected: Yes
	Synchronizable contents:
		41 directories
		161 files (2.0 MB)
		0 symbolic links
	Scan problems: 1
Beta:
	URL: tparent@pc-ub1:sources/mutagenMon
	Connected: Yes
	Synchronizable contents:
		41 directories
		161 files (2.2 MB)
		0 symbolic links
Conflicts: 1
Status: Watching for changes
-------------------------------------------------------------------------------

2026-08-17 16:53:13.290 +02:00 [INF] MutagenMon.Core.Monitoring.SessionMonitorService: Session 'pc-ub1-appman' status: Watching for changes, hasProblem: False, HasConflicts: False
2026-08-17 16:53:13.293 +02:00 [INF] MutagenMon.Core.Monitoring.SessionMonitorService: Session 'pc-ub1-mutagenmon' status: Watching for changes, hasProblem: False, HasConflicts: True
2026-08-17 16:53:13.295 +02:00 [INF] MutagenMon.Core.Monitoring.SessionMonitorService: Poll succeeded: worst=Conflicts, enabled=True, profileUpdated=False
2026-08-17 16:53:14.259 +02:00 [INF] MutagenMon.Core.Monitoring.SessionMonitorService: -------------------------------------------------------------------------------
Name: pc-ub1-appman
Identifier: sync_WpA0olCvqvjQEQWEI4okSZRpusFT7rL8lQ4GYhZtaLh
Alpha:
	URL: C:\sources\appman
	Connected: Yes
	Synchronizable contents:
		904 directories
		2351 files (206 MB)
		0 symbolic links
Beta:
	URL: tparent@pc-ub1:sources/appman
	Connected: Yes
	Synchronizable contents:
		904 directories
		2351 files (206 MB)
		0 symbolic links
Status: Watching for changes
-------------------------------------------------------------------------------
Name: pc-ub1-mutagenmon
Identifier: sync_cqhCMHYAW113J2fcp4bhUwGVWfGtTVQqmgm2tBfy2Q7
Alpha:
	URL: C:\sources\mutagenMon
	Connected: Yes
	Synchronizable contents:
		41 directories
		161 files (2.0 MB)
		0 symbolic links
	Scan problems: 1
Beta:
	URL: tparent@pc-ub1:sources/mutagenMon
	Connected: Yes
	Synchronizable contents:
		41 directories
		161 files (2.2 MB)
		0 symbolic links
Conflicts: 1
Status: Watching for changes
-------------------------------------------------------------------------------

2026-08-17 16:53:14.262 +02:00 [INF] MutagenMon.Core.Monitoring.SessionMonitorService: Session 'pc-ub1-appman' status: Watching for changes, hasProblem: False, HasConflicts: False
2026-08-17 16:53:14.264 +02:00 [INF] MutagenMon.Core.Monitoring.SessionMonitorService: Session 'pc-ub1-mutagenmon' status: Watching for changes, hasProblem: False, HasConflicts: True
2026-08-17 16:53:14.268 +02:00 [INF] MutagenMon.Core.Monitoring.SessionMonitorService: Poll succeeded: worst=Conflicts, enabled=True, profileUpdated=False
2026-08-17 16:53:15.294 +02:00 [INF] MutagenMon.Core.Monitoring.SessionMonitorService: -------------------------------------------------------------------------------
Name: pc-ub1-appman
Identifier: sync_WpA0olCvqvjQEQWEI4okSZRpusFT7rL8lQ4GYhZtaLh
Alpha:
	URL: C:\sources\appman
	Connected: Yes
	Synchronizable contents:
		904 directories
		2351 files (206 MB)
		0 symbolic links
Beta:
	URL: tparent@pc-ub1:sources/appman
	Connected: Yes
	Synchronizable contents:
		904 directories
		2351 files (206 MB)
		0 symbolic links
Status: Watching for changes
-------------------------------------------------------------------------------
Name: pc-ub1-mutagenmon
Identifier: sync_cqhCMHYAW113J2fcp4bhUwGVWfGtTVQqmgm2tBfy2Q7
Alpha:
	URL: C:\sources\mutagenMon
	Connected: Yes
	Synchronizable contents:
		41 directories
		161 files (2.0 MB)
		0 symbolic links
	Scan problems: 1
Beta:
	URL: tparent@pc-ub1:sources/mutagenMon
	Connected: Yes
	Synchronizable contents:
		41 directories
		161 files (2.2 MB)
		0 symbolic links
Conflicts: 1
Status: Watching for changes
-------------------------------------------------------------------------------

2026-08-17 16:53:15.296 +02:00 [INF] MutagenMon.Core.Monitoring.SessionMonitorService: Session 'pc-ub1-appman' status: Watching for changes, hasProblem: False, HasConflicts: False
2026-08-17 16:53:15.298 +02:00 [INF] MutagenMon.Core.Monitoring.SessionMonitorService: Session 'pc-ub1-mutagenmon' status: Watching for changes, hasProblem: False, HasConflicts: True
2026-08-17 16:53:15.301 +02:00 [INF] MutagenMon.Core.Monitoring.SessionMonitorService: Poll succeeded: worst=Conflicts, enabled=True, profileUpdated=False
2026-08-17 16:53:16.283 +02:00 [INF] MutagenMon.Core.Monitoring.SessionMonitorService: -------------------------------------------------------------------------------
Name: pc-ub1-appman
Identifier: sync_WpA0olCvqvjQEQWEI4okSZRpusFT7rL8lQ4GYhZtaLh
Alpha:
	URL: C:\sources\appman
	Connected: Yes
	Synchronizable contents:
		904 directories
		2351 files (206 MB)
		0 symbolic links
Beta:
	URL: tparent@pc-ub1:sources/appman
	Connected: Yes
	Synchronizable contents:
		904 directories
		2351 files (206 MB)
		0 symbolic links
Status: Watching for changes
-------------------------------------------------------------------------------
Name: pc-ub1-mutagenmon
Identifier: sync_cqhCMHYAW113J2fcp4bhUwGVWfGtTVQqmgm2tBfy2Q7
Alpha:
	URL: C:\sources\mutagenMon
	Connected: Yes
	Synchronizable contents:
		41 directories
		161 files (2.0 MB)
		0 symbolic links
	Scan problems: 1
Beta:
	URL: tparent@pc-ub1:sources/mutagenMon
	Connected: Yes
	Synchronizable contents:
		41 directories
		161 files (2.2 MB)
		0 symbolic links
Conflicts: 1
Status: Watching for changes
-------------------------------------------------------------------------------

2026-08-17 16:53:16.285 +02:00 [INF] MutagenMon.Core.Monitoring.SessionMonitorService: Session 'pc-ub1-appman' status: Watching for changes, hasProblem: False, HasConflicts: False
2026-08-17 16:53:16.287 +02:00 [INF] MutagenMon.Core.Monitoring.SessionMonitorService: Session 'pc-ub1-mutagenmon' status: Watching for changes, hasProblem: False, HasConflicts: True
2026-08-17 16:53:16.290 +02:00 [INF] MutagenMon.Core.Monitoring.SessionMonitorService: Poll succeeded: worst=Conflicts, enabled=True, profileUpdated=False
2026-08-17 16:53:17.323 +02:00 [INF] MutagenMon.Core.Monitoring.SessionMonitorService: -------------------------------------------------------------------------------
Name: pc-ub1-appman
Identifier: sync_WpA0olCvqvjQEQWEI4okSZRpusFT7rL8lQ4GYhZtaLh
Alpha:
	URL: C:\sources\appman
	Connected: Yes
	Synchronizable contents:
		904 directories
		2351 files (206 MB)
		0 symbolic links
Beta:
	URL: tparent@pc-ub1:sources/appman
	Connected: Yes
	Synchronizable contents:
		904 directories
		2351 files (206 MB)
		0 symbolic links
Status: Watching for changes
-------------------------------------------------------------------------------
Name: pc-ub1-mutagenmon
Identifier: sync_cqhCMHYAW113J2fcp4bhUwGVWfGtTVQqmgm2tBfy2Q7
Alpha:
	URL: C:\sources\mutagenMon
	Connected: Yes
	Synchronizable contents:
		41 directories
		161 files (2.0 MB)
		0 symbolic links
	Scan problems: 1
Beta:
	URL: tparent@pc-ub1:sources/mutagenMon
	Connected: Yes
	Synchronizable contents:
		41 directories
		161 files (2.2 MB)
		0 symbolic links
Conflicts: 1
Status: Watching for changes
-------------------------------------------------------------------------------

2026-08-17 16:53:17.326 +02:00 [INF] MutagenMon.Core.Monitoring.SessionMonitorService: Session 'pc-ub1-appman' status: Watching for changes, hasProblem: False, HasConflicts: False
2026-08-17 16:53:17.328 +02:00 [INF] MutagenMon.Core.Monitoring.SessionMonitorService: Session 'pc-ub1-mutagenmon' status: Watching for changes, hasProblem: False, HasConflicts: True
2026-08-17 16:53:17.331 +02:00 [INF] MutagenMon.Core.Monitoring.SessionMonitorService: Poll succeeded: worst=Conflicts, enabled=True, profileUpdated=False
2026-08-17 16:53:18.255 +02:00 [INF] MutagenMon.Core.Monitoring.SessionMonitorService: -------------------------------------------------------------------------------
Name: pc-ub1-appman
Identifier: sync_WpA0olCvqvjQEQWEI4okSZRpusFT7rL8lQ4GYhZtaLh
Alpha:
	URL: C:\sources\appman
	Connected: Yes
	Synchronizable contents:
		904 directories
		2351 files (206 MB)
		0 symbolic links
Beta:
	URL: tparent@pc-ub1:sources/appman
	Connected: Yes
	Synchronizable contents:
		904 directories
		2351 files (206 MB)
		0 symbolic links
Status: Watching for changes
-------------------------------------------------------------------------------
Name: pc-ub1-mutagenmon
Identifier: sync_cqhCMHYAW113J2fcp4bhUwGVWfGtTVQqmgm2tBfy2Q7
Alpha:
	URL: C:\sources\mutagenMon
	Connected: Yes
	Synchronizable contents:
		41 directories
		161 files (2.0 MB)
		0 symbolic links
	Scan problems: 1
Beta:
	URL: tparent@pc-ub1:sources/mutagenMon
	Connected: Yes
	Synchronizable contents:
		41 directories
		161 files (2.2 MB)
		0 symbolic links
Conflicts: 1
Status: Watching for changes
-------------------------------------------------------------------------------

2026-08-17 16:53:18.258 +02:00 [INF] MutagenMon.Core.Monitoring.SessionMonitorService: Session 'pc-ub1-appman' status: Watching for changes, hasProblem: False, HasConflicts: False
2026-08-17 16:53:18.260 +02:00 [INF] MutagenMon.Core.Monitoring.SessionMonitorService: Session 'pc-ub1-mutagenmon' status: Watching for changes, hasProblem: False, HasConflicts: True
2026-08-17 16:53:18.264 +02:00 [INF] MutagenMon.Core.Monitoring.SessionMonitorService: Poll succeeded: worst=Conflicts, enabled=True, profileUpdated=False
2026-08-17 16:53:19.276 +02:00 [INF] MutagenMon.Core.Monitoring.SessionMonitorService: -------------------------------------------------------------------------------
Name: pc-ub1-appman
Identifier: sync_WpA0olCvqvjQEQWEI4okSZRpusFT7rL8lQ4GYhZtaLh
Alpha:
	URL: C:\sources\appman
	Connected: Yes
	Synchronizable contents:
		904 directories
		2351 files (206 MB)
		0 symbolic links
Beta:
	URL: tparent@pc-ub1:sources/appman
	Connected: Yes
	Synchronizable contents:
		904 directories
		2351 files (206 MB)
		0 symbolic links
Status: Watching for changes
-------------------------------------------------------------------------------
Name: pc-ub1-mutagenmon
Identifier: sync_cqhCMHYAW113J2fcp4bhUwGVWfGtTVQqmgm2tBfy2Q7
Alpha:
	URL: C:\sources\mutagenMon
	Connected: Yes
	Synchronizable contents:
		41 directories
		161 files (2.0 MB)
		0 symbolic links
	Scan problems: 1
Beta:
	URL: tparent@pc-ub1:sources/mutagenMon
	Connected: Yes
	Synchronizable contents:
		41 directories
		161 files (2.2 MB)
		0 symbolic links
Conflicts: 1
Status: Watching for changes
-------------------------------------------------------------------------------

2026-08-17 16:53:19.278 +02:00 [INF] MutagenMon.Core.Monitoring.SessionMonitorService: Session 'pc-ub1-appman' status: Watching for changes, hasProblem: False, HasConflicts: False
2026-08-17 16:53:19.281 +02:00 [INF] MutagenMon.Core.Monitoring.SessionMonitorService: Session 'pc-ub1-mutagenmon' status: Watching for changes, hasProblem: False, HasConflicts: True
2026-08-17 16:53:19.284 +02:00 [INF] MutagenMon.Core.Monitoring.SessionMonitorService: Poll succeeded: worst=Conflicts, enabled=True, profileUpdated=False
2026-08-17 16:53:20.287 +02:00 [INF] MutagenMon.Core.Monitoring.SessionMonitorService: -------------------------------------------------------------------------------
Name: pc-ub1-appman
Identifier: sync_WpA0olCvqvjQEQWEI4okSZRpusFT7rL8lQ4GYhZtaLh
Alpha:
	URL: C:\sources\appman
	Connected: Yes
	Synchronizable contents:
		904 directories
		2351 files (206 MB)
		0 symbolic links
Beta:
	URL: tparent@pc-ub1:sources/appman
	Connected: Yes
	Synchronizable contents:
		904 directories
		2351 files (206 MB)
		0 symbolic links
Status: Watching for changes
-------------------------------------------------------------------------------
Name: pc-ub1-mutagenmon
Identifier: sync_cqhCMHYAW113J2fcp4bhUwGVWfGtTVQqmgm2tBfy2Q7
Alpha:
	URL: C:\sources\mutagenMon
	Connected: Yes
	Synchronizable contents:
		41 directories
		161 files (2.0 MB)
		0 symbolic links
	Scan problems: 1
Beta:
	URL: tparent@pc-ub1:sources/mutagenMon
	Connected: Yes
	Synchronizable contents:
		41 directories
		161 files (2.2 MB)
		0 symbolic links
Conflicts: 1
Status: Watching for changes
-------------------------------------------------------------------------------

2026-08-17 16:53:20.290 +02:00 [INF] MutagenMon.Core.Monitoring.SessionMonitorService: Session 'pc-ub1-appman' status: Watching for changes, hasProblem: False, HasConflicts: False
2026-08-17 16:53:20.292 +02:00 [INF] MutagenMon.Core.Monitoring.SessionMonitorService: Session 'pc-ub1-mutagenmon' status: Watching for changes, hasProblem: False, HasConflicts: True
2026-08-17 16:53:20.295 +02:00 [INF] MutagenMon.Core.Monitoring.SessionMonitorService: Poll succeeded: worst=Conflicts, enabled=True, profileUpdated=False
2026-08-17 16:53:21.328 +02:00 [INF] MutagenMon.Core.Monitoring.SessionMonitorService: -------------------------------------------------------------------------------
Name: pc-ub1-appman
Identifier: sync_WpA0olCvqvjQEQWEI4okSZRpusFT7rL8lQ4GYhZtaLh
Alpha:
	URL: C:\sources\appman
	Connected: Yes
	Synchronizable contents:
		904 directories
		2351 files (206 MB)
		0 symbolic links
Beta:
	URL: tparent@pc-ub1:sources/appman
	Connected: Yes
	Synchronizable contents:
		904 directories
		2351 files (206 MB)
		0 symbolic links
Status: Watching for changes
-------------------------------------------------------------------------------
Name: pc-ub1-mutagenmon
Identifier: sync_cqhCMHYAW113J2fcp4bhUwGVWfGtTVQqmgm2tBfy2Q7
Alpha:
	URL: C:\sources\mutagenMon
	Connected: Yes
	Synchronizable contents:
		41 directories
		161 files (2.0 MB)
		0 symbolic links
	Scan problems: 1
Beta:
	URL: tparent@pc-ub1:sources/mutagenMon
	Connected: Yes
	Synchronizable contents:
		41 directories
		161 files (2.2 MB)
		0 symbolic links
Conflicts: 1
Status: Watching for changes
-------------------------------------------------------------------------------

2026-08-17 16:53:21.330 +02:00 [INF] MutagenMon.Core.Monitoring.SessionMonitorService: Session 'pc-ub1-appman' status: Watching for changes, hasProblem: False, HasConflicts: False
2026-08-17 16:53:21.332 +02:00 [INF] MutagenMon.Core.Monitoring.SessionMonitorService: Session 'pc-ub1-mutagenmon' status: Watching for changes, hasProblem: False, HasConflicts: True
2026-08-17 16:53:21.334 +02:00 [INF] MutagenMon.Core.Monitoring.SessionMonitorService: Poll succeeded: worst=Conflicts, enabled=True, profileUpdated=False
2026-08-17 16:53:22.301 +02:00 [INF] MutagenMon.Core.Monitoring.SessionMonitorService: -------------------------------------------------------------------------------
Name: pc-ub1-appman
Identifier: sync_WpA0olCvqvjQEQWEI4okSZRpusFT7rL8lQ4GYhZtaLh
Alpha:
	URL: C:\sources\appman
	Connected: Yes
	Synchronizable contents:
		904 directories
		2351 files (206 MB)
		0 symbolic links
Beta:
	URL: tparent@pc-ub1:sources/appman
	Connected: Yes
	Synchronizable contents:
		904 directories
		2351 files (206 MB)
		0 symbolic links
Status: Watching for changes
-------------------------------------------------------------------------------
Name: pc-ub1-mutagenmon
Identifier: sync_cqhCMHYAW113J2fcp4bhUwGVWfGtTVQqmgm2tBfy2Q7
Alpha:
	URL: C:\sources\mutagenMon
	Connected: Yes
	Synchronizable contents:
		41 directories
		161 files (2.0 MB)
		0 symbolic links
	Scan problems: 1
Beta:
	URL: tparent@pc-ub1:sources/mutagenMon
	Connected: Yes
	Synchronizable contents:
		41 directories
		161 files (2.2 MB)
		0 symbolic links
Conflicts: 1
Status: Watching for changes
-------------------------------------------------------------------------------

2026-08-17 16:53:22.303 +02:00 [INF] MutagenMon.Core.Monitoring.SessionMonitorService: Session 'pc-ub1-appman' status: Watching for changes, hasProblem: False, HasConflicts: False
2026-08-17 16:53:22.304 +02:00 [INF] MutagenMon.Core.Monitoring.SessionMonitorService: Session 'pc-ub1-mutagenmon' status: Watching for changes, hasProblem: False, HasConflicts: True
2026-08-17 16:53:22.307 +02:00 [INF] MutagenMon.Core.Monitoring.SessionMonitorService: Poll succeeded: worst=Conflicts, enabled=True, profileUpdated=False
2026-08-17 16:53:23.294 +02:00 [INF] MutagenMon.Core.Monitoring.SessionMonitorService: -------------------------------------------------------------------------------
Name: pc-ub1-appman
Identifier: sync_WpA0olCvqvjQEQWEI4okSZRpusFT7rL8lQ4GYhZtaLh
Alpha:
	URL: C:\sources\appman
	Connected: Yes
	Synchronizable contents:
		904 directories
		2351 files (206 MB)
		0 symbolic links
Beta:
	URL: tparent@pc-ub1:sources/appman
	Connected: Yes
	Synchronizable contents:
		904 directories
		2351 files (206 MB)
		0 symbolic links
Status: Watching for changes
-------------------------------------------------------------------------------
Name: pc-ub1-mutagenmon
Identifier: sync_cqhCMHYAW113J2fcp4bhUwGVWfGtTVQqmgm2tBfy2Q7
Alpha:
	URL: C:\sources\mutagenMon
	Connected: Yes
	Synchronizable contents:
		41 directories
		161 files (2.0 MB)
		0 symbolic links
	Scan problems: 1
Beta:
	URL: tparent@pc-ub1:sources/mutagenMon
	Connected: Yes
	Synchronizable contents:
		41 directories
		161 files (2.2 MB)
		0 symbolic links
Conflicts: 1
Status: Watching for changes
-------------------------------------------------------------------------------

2026-08-17 16:53:23.298 +02:00 [INF] MutagenMon.Core.Monitoring.SessionMonitorService: Session 'pc-ub1-appman' status: Watching for changes, hasProblem: False, HasConflicts: False
2026-08-17 16:53:23.300 +02:00 [INF] MutagenMon.Core.Monitoring.SessionMonitorService: Session 'pc-ub1-mutagenmon' status: Watching for changes, hasProblem: False, HasConflicts: True
2026-08-17 16:53:23.303 +02:00 [INF] MutagenMon.Core.Monitoring.SessionMonitorService: Poll succeeded: worst=Conflicts, enabled=True, profileUpdated=False
2026-08-17 16:53:24.273 +02:00 [INF] MutagenMon.Core.Monitoring.SessionMonitorService: -------------------------------------------------------------------------------
Name: pc-ub1-appman
Identifier: sync_WpA0olCvqvjQEQWEI4okSZRpusFT7rL8lQ4GYhZtaLh
Alpha:
	URL: C:\sources\appman
	Connected: Yes
	Synchronizable contents:
		904 directories
		2351 files (206 MB)
		0 symbolic links
Beta:
	URL: tparent@pc-ub1:sources/appman
	Connected: Yes
	Synchronizable contents:
		904 directories
		2351 files (206 MB)
		0 symbolic links
Status: Watching for changes
-------------------------------------------------------------------------------
Name: pc-ub1-mutagenmon
Identifier: sync_cqhCMHYAW113J2fcp4bhUwGVWfGtTVQqmgm2tBfy2Q7
Alpha:
	URL: C:\sources\mutagenMon
	Connected: Yes
	Synchronizable contents:
		41 directories
		161 files (2.0 MB)
		0 symbolic links
	Scan problems: 1
Beta:
	URL: tparent@pc-ub1:sources/mutagenMon
	Connected: Yes
	Synchronizable contents:
		41 directories
		161 files (2.2 MB)
		0 symbolic links
Conflicts: 1
Status: Watching for changes
-------------------------------------------------------------------------------

2026-08-17 16:53:24.275 +02:00 [INF] MutagenMon.Core.Monitoring.SessionMonitorService: Session 'pc-ub1-appman' status: Watching for changes, hasProblem: False, HasConflicts: False
2026-08-17 16:53:24.278 +02:00 [INF] MutagenMon.Core.Monitoring.SessionMonitorService: Session 'pc-ub1-mutagenmon' status: Watching for changes, hasProblem: False, HasConflicts: True
2026-08-17 16:53:24.283 +02:00 [INF] MutagenMon.Core.Monitoring.SessionMonitorService: Poll succeeded: worst=Conflicts, enabled=True, profileUpdated=False
2026-08-17 16:53:25.276 +02:00 [INF] MutagenMon.Core.Monitoring.SessionMonitorService: -------------------------------------------------------------------------------
Name: pc-ub1-appman
Identifier: sync_WpA0olCvqvjQEQWEI4okSZRpusFT7rL8lQ4GYhZtaLh
Alpha:
	URL: C:\sources\appman
	Connected: Yes
	Synchronizable contents:
		904 directories
		2351 files (206 MB)
		0 symbolic links
Beta:
	URL: tparent@pc-ub1:sources/appman
	Connected: Yes
	Synchronizable contents:
		904 directories
		2351 files (206 MB)
		0 symbolic links
Status: Watching for changes
-------------------------------------------------------------------------------
Name: pc-ub1-mutagenmon
Identifier: sync_cqhCMHYAW113J2fcp4bhUwGVWfGtTVQqmgm2tBfy2Q7
Alpha:
	URL: C:\sources\mutagenMon
	Connected: Yes
	Synchronizable contents:
		41 directories
		161 files (2.0 MB)
		0 symbolic links
	Scan problems: 1
Beta:
	URL: tparent@pc-ub1:sources/mutagenMon
	Connected: Yes
	Synchronizable contents:
		41 directories
		161 files (2.2 MB)
		0 symbolic links
Conflicts: 1
Status: Watching for changes
-------------------------------------------------------------------------------

2026-08-17 16:53:25.279 +02:00 [INF] MutagenMon.Core.Monitoring.SessionMonitorService: Session 'pc-ub1-appman' status: Watching for changes, hasProblem: False, HasConflicts: False
2026-08-17 16:53:25.282 +02:00 [INF] MutagenMon.Core.Monitoring.SessionMonitorService: Session 'pc-ub1-mutagenmon' status: Watching for changes, hasProblem: False, HasConflicts: True
2026-08-17 16:53:25.286 +02:00 [INF] MutagenMon.Core.Monitoring.SessionMonitorService: Poll succeeded: worst=Conflicts, enabled=True, profileUpdated=False
2026-08-17 16:53:26.292 +02:00 [INF] MutagenMon.Core.Monitoring.SessionMonitorService: -------------------------------------------------------------------------------
Name: pc-ub1-appman
Identifier: sync_WpA0olCvqvjQEQWEI4okSZRpusFT7rL8lQ4GYhZtaLh
Alpha:
	URL: C:\sources\appman
	Connected: Yes
	Synchronizable contents:
		904 directories
		2351 files (206 MB)
		0 symbolic links
Beta:
	URL: tparent@pc-ub1:sources/appman
	Connected: Yes
	Synchronizable contents:
		904 directories
		2351 files (206 MB)
		0 symbolic links
Status: Watching for changes
-------------------------------------------------------------------------------
Name: pc-ub1-mutagenmon
Identifier: sync_cqhCMHYAW113J2fcp4bhUwGVWfGtTVQqmgm2tBfy2Q7
Alpha:
	URL: C:\sources\mutagenMon
	Connected: Yes
	Synchronizable contents:
		41 directories
		161 files (2.0 MB)
		0 symbolic links
	Scan problems: 1
Beta:
	URL: tparent@pc-ub1:sources/mutagenMon
	Connected: Yes
	Synchronizable contents:
		41 directories
		161 files (2.2 MB)
		0 symbolic links
Conflicts: 1
Status: Watching for changes
-------------------------------------------------------------------------------

2026-08-17 16:53:26.294 +02:00 [INF] MutagenMon.Core.Monitoring.SessionMonitorService: Session 'pc-ub1-appman' status: Watching for changes, hasProblem: False, HasConflicts: False
2026-08-17 16:53:26.297 +02:00 [INF] MutagenMon.Core.Monitoring.SessionMonitorService: Session 'pc-ub1-mutagenmon' status: Watching for changes, hasProblem: False, HasConflicts: True
2026-08-17 16:53:26.300 +02:00 [INF] MutagenMon.Core.Monitoring.SessionMonitorService: Poll succeeded: worst=Conflicts, enabled=True, profileUpdated=False
2026-08-17 16:53:27.292 +02:00 [INF] MutagenMon.Core.Monitoring.SessionMonitorService: -------------------------------------------------------------------------------
Name: pc-ub1-appman
Identifier: sync_WpA0olCvqvjQEQWEI4okSZRpusFT7rL8lQ4GYhZtaLh
Alpha:
	URL: C:\sources\appman
	Connected: Yes
	Synchronizable contents:
		904 directories
		2351 files (206 MB)
		0 symbolic links
Beta:
	URL: tparent@pc-ub1:sources/appman
	Connected: Yes
	Synchronizable contents:
		904 directories
		2351 files (206 MB)
		0 symbolic links
Status: Watching for changes
-------------------------------------------------------------------------------
Name: pc-ub1-mutagenmon
Identifier: sync_cqhCMHYAW113J2fcp4bhUwGVWfGtTVQqmgm2tBfy2Q7
Alpha:
	URL: C:\sources\mutagenMon
	Connected: Yes
	Synchronizable contents:
		41 directories
		161 files (2.0 MB)
		0 symbolic links
	Scan problems: 1
Beta:
	URL: tparent@pc-ub1:sources/mutagenMon
	Connected: Yes
	Synchronizable contents:
		41 directories
		161 files (2.2 MB)
		0 symbolic links
Conflicts: 1
Status: Watching for changes
-------------------------------------------------------------------------------

2026-08-17 16:53:27.295 +02:00 [INF] MutagenMon.Core.Monitoring.SessionMonitorService: Session 'pc-ub1-appman' status: Watching for changes, hasProblem: False, HasConflicts: False
2026-08-17 16:53:27.298 +02:00 [INF] MutagenMon.Core.Monitoring.SessionMonitorService: Session 'pc-ub1-mutagenmon' status: Watching for changes, hasProblem: False, HasConflicts: True
2026-08-17 16:53:27.301 +02:00 [INF] MutagenMon.Core.Monitoring.SessionMonitorService: Poll succeeded: worst=Conflicts, enabled=True, profileUpdated=False
2026-08-17 16:53:28.319 +02:00 [INF] MutagenMon.Core.Monitoring.SessionMonitorService: -------------------------------------------------------------------------------
Name: pc-ub1-appman
Identifier: sync_WpA0olCvqvjQEQWEI4okSZRpusFT7rL8lQ4GYhZtaLh
Alpha:
	URL: C:\sources\appman
	Connected: Yes
	Synchronizable contents:
		904 directories
		2351 files (206 MB)
		0 symbolic links
Beta:
	URL: tparent@pc-ub1:sources/appman
	Connected: Yes
	Synchronizable contents:
		904 directories
		2351 files (206 MB)
		0 symbolic links
Status: Watching for changes
-------------------------------------------------------------------------------
Name: pc-ub1-mutagenmon
Identifier: sync_cqhCMHYAW113J2fcp4bhUwGVWfGtTVQqmgm2tBfy2Q7
Alpha:
	URL: C:\sources\mutagenMon
	Connected: Yes
	Synchronizable contents:
		41 directories
		161 files (2.0 MB)
		0 symbolic links
	Scan problems: 1
Beta:
	URL: tparent@pc-ub1:sources/mutagenMon
	Connected: Yes
	Synchronizable contents:
		41 directories
		161 files (2.2 MB)
		0 symbolic links
Conflicts: 1
Status: Watching for changes
-------------------------------------------------------------------------------

2026-08-17 16:53:28.321 +02:00 [INF] MutagenMon.Core.Monitoring.SessionMonitorService: Session 'pc-ub1-appman' status: Watching for changes, hasProblem: False, HasConflicts: False
2026-08-17 16:53:28.325 +02:00 [INF] MutagenMon.Core.Monitoring.SessionMonitorService: Session 'pc-ub1-mutagenmon' status: Watching for changes, hasProblem: False, HasConflicts: True
2026-08-17 16:53:28.329 +02:00 [INF] MutagenMon.Core.Monitoring.SessionMonitorService: Poll succeeded: worst=Conflicts, enabled=True, profileUpdated=False
2026-08-17 16:53:29.288 +02:00 [INF] MutagenMon.Core.Monitoring.SessionMonitorService: -------------------------------------------------------------------------------
Name: pc-ub1-appman
Identifier: sync_WpA0olCvqvjQEQWEI4okSZRpusFT7rL8lQ4GYhZtaLh
Alpha:
	URL: C:\sources\appman
	Connected: Yes
	Synchronizable contents:
		904 directories
		2351 files (206 MB)
		0 symbolic links
Beta:
	URL: tparent@pc-ub1:sources/appman
	Connected: Yes
	Synchronizable contents:
		904 directories
		2351 files (206 MB)
		0 symbolic links
Status: Watching for changes
-------------------------------------------------------------------------------
Name: pc-ub1-mutagenmon
Identifier: sync_cqhCMHYAW113J2fcp4bhUwGVWfGtTVQqmgm2tBfy2Q7
Alpha:
	URL: C:\sources\mutagenMon
	Connected: Yes
	Synchronizable contents:
		41 directories
		161 files (2.0 MB)
		0 symbolic links
	Scan problems: 1
Beta:
	URL: tparent@pc-ub1:sources/mutagenMon
	Connected: Yes
	Synchronizable contents:
		41 directories
		161 files (2.2 MB)
		0 symbolic links
Conflicts: 1
Status: Watching for changes
-------------------------------------------------------------------------------

2026-08-17 16:53:29.292 +02:00 [INF] MutagenMon.Core.Monitoring.SessionMonitorService: Session 'pc-ub1-appman' status: Watching for changes, hasProblem: False, HasConflicts: False
2026-08-17 16:53:29.294 +02:00 [INF] MutagenMon.Core.Monitoring.SessionMonitorService: Session 'pc-ub1-mutagenmon' status: Watching for changes, hasProblem: False, HasConflicts: True
2026-08-17 16:53:29.297 +02:00 [INF] MutagenMon.Core.Monitoring.SessionMonitorService: Poll succeeded: worst=Conflicts, enabled=True, profileUpdated=False
2026-08-17 16:53:30.291 +02:00 [INF] MutagenMon.Core.Monitoring.SessionMonitorService: -------------------------------------------------------------------------------
Name: pc-ub1-appman
Identifier: sync_WpA0olCvqvjQEQWEI4okSZRpusFT7rL8lQ4GYhZtaLh
Alpha:
	URL: C:\sources\appman
	Connected: Yes
	Synchronizable contents:
		904 directories
		2351 files (206 MB)
		0 symbolic links
Beta:
	URL: tparent@pc-ub1:sources/appman
	Connected: Yes
	Synchronizable contents:
		904 directories
		2351 files (206 MB)
		0 symbolic links
Status: Watching for changes
-------------------------------------------------------------------------------
Name: pc-ub1-mutagenmon
Identifier: sync_cqhCMHYAW113J2fcp4bhUwGVWfGtTVQqmgm2tBfy2Q7
Alpha:
	URL: C:\sources\mutagenMon
	Connected: Yes
	Synchronizable contents:
		41 directories
		161 files (2.0 MB)
		0 symbolic links
	Scan problems: 1
Beta:
	URL: tparent@pc-ub1:sources/mutagenMon
	Connected: Yes
	Synchronizable contents:
		41 directories
		161 files (2.2 MB)
		0 symbolic links
Conflicts: 1
Status: Watching for changes
-------------------------------------------------------------------------------

2026-08-17 16:53:30.294 +02:00 [INF] MutagenMon.Core.Monitoring.SessionMonitorService: Session 'pc-ub1-appman' status: Watching for changes, hasProblem: False, HasConflicts: False
2026-08-17 16:53:30.296 +02:00 [INF] MutagenMon.Core.Monitoring.SessionMonitorService: Session 'pc-ub1-mutagenmon' status: Watching for changes, hasProblem: False, HasConflicts: True
2026-08-17 16:53:30.298 +02:00 [INF] MutagenMon.Core.Monitoring.SessionMonitorService: Poll succeeded: worst=Conflicts, enabled=True, profileUpdated=False
2026-08-17 16:53:31.312 +02:00 [INF] MutagenMon.Core.Monitoring.SessionMonitorService: -------------------------------------------------------------------------------
Name: pc-ub1-appman
Identifier: sync_WpA0olCvqvjQEQWEI4okSZRpusFT7rL8lQ4GYhZtaLh
Alpha:
	URL: C:\sources\appman
	Connected: Yes
	Synchronizable contents:
		904 directories
		2351 files (206 MB)
		0 symbolic links
Beta:
	URL: tparent@pc-ub1:sources/appman
	Connected: Yes
	Synchronizable contents:
		904 directories
		2351 files (206 MB)
		0 symbolic links
Status: Watching for changes
-------------------------------------------------------------------------------
Name: pc-ub1-mutagenmon
Identifier: sync_cqhCMHYAW113J2fcp4bhUwGVWfGtTVQqmgm2tBfy2Q7
Alpha:
	URL: C:\sources\mutagenMon
	Connected: Yes
	Synchronizable contents:
		41 directories
		161 files (2.0 MB)
		0 symbolic links
	Scan problems: 1
Beta:
	URL: tparent@pc-ub1:sources/mutagenMon
	Connected: Yes
	Synchronizable contents:
		41 directories
		161 files (2.2 MB)
		0 symbolic links
Conflicts: 1
Status: Watching for changes
-------------------------------------------------------------------------------

2026-08-17 16:53:31.314 +02:00 [INF] MutagenMon.Core.Monitoring.SessionMonitorService: Session 'pc-ub1-appman' status: Watching for changes, hasProblem: False, HasConflicts: False
2026-08-17 16:53:31.316 +02:00 [INF] MutagenMon.Core.Monitoring.SessionMonitorService: Session 'pc-ub1-mutagenmon' status: Watching for changes, hasProblem: False, HasConflicts: True
2026-08-17 16:53:31.320 +02:00 [INF] MutagenMon.Core.Monitoring.SessionMonitorService: Poll succeeded: worst=Conflicts, enabled=True, profileUpdated=False
2026-08-17 16:53:32.286 +02:00 [INF] MutagenMon.Core.Monitoring.SessionMonitorService: -------------------------------------------------------------------------------
Name: pc-ub1-appman
Identifier: sync_WpA0olCvqvjQEQWEI4okSZRpusFT7rL8lQ4GYhZtaLh
Alpha:
	URL: C:\sources\appman
	Connected: Yes
	Synchronizable contents:
		904 directories
		2351 files (206 MB)
		0 symbolic links
Beta:
	URL: tparent@pc-ub1:sources/appman
	Connected: Yes
	Synchronizable contents:
		904 directories
		2351 files (206 MB)
		0 symbolic links
Status: Watching for changes
-------------------------------------------------------------------------------
Name: pc-ub1-mutagenmon
Identifier: sync_cqhCMHYAW113J2fcp4bhUwGVWfGtTVQqmgm2tBfy2Q7
Alpha:
	URL: C:\sources\mutagenMon
	Connected: Yes
	Synchronizable contents:
		41 directories
		161 files (2.0 MB)
		0 symbolic links
	Scan problems: 1
Beta:
	URL: tparent@pc-ub1:sources/mutagenMon
	Connected: Yes
	Synchronizable contents:
		41 directories
		161 files (2.2 MB)
		0 symbolic links
Conflicts: 1
Status: Watching for changes
-------------------------------------------------------------------------------

2026-08-17 16:53:32.290 +02:00 [INF] MutagenMon.Core.Monitoring.SessionMonitorService: Session 'pc-ub1-appman' status: Watching for changes, hasProblem: False, HasConflicts: False
2026-08-17 16:53:32.292 +02:00 [INF] MutagenMon.Core.Monitoring.SessionMonitorService: Session 'pc-ub1-mutagenmon' status: Watching for changes, hasProblem: False, HasConflicts: True
2026-08-17 16:53:32.300 +02:00 [INF] MutagenMon.Core.Monitoring.SessionMonitorService: Poll succeeded: worst=Conflicts, enabled=True, profileUpdated=False
2026-08-17 16:53:33.302 +02:00 [INF] MutagenMon.Core.Monitoring.SessionMonitorService: -------------------------------------------------------------------------------
Name: pc-ub1-appman
Identifier: sync_WpA0olCvqvjQEQWEI4okSZRpusFT7rL8lQ4GYhZtaLh
Alpha:
	URL: C:\sources\appman
	Connected: Yes
	Synchronizable contents:
		904 directories
		2351 files (206 MB)
		0 symbolic links
Beta:
	URL: tparent@pc-ub1:sources/appman
	Connected: Yes
	Synchronizable contents:
		904 directories
		2351 files (206 MB)
		0 symbolic links
Status: Watching for changes
-------------------------------------------------------------------------------
Name: pc-ub1-mutagenmon
Identifier: sync_cqhCMHYAW113J2fcp4bhUwGVWfGtTVQqmgm2tBfy2Q7
Alpha:
	URL: C:\sources\mutagenMon
	Connected: Yes
	Synchronizable contents:
		41 directories
		161 files (2.0 MB)
		0 symbolic links
	Scan problems: 1
Beta:
	URL: tparent@pc-ub1:sources/mutagenMon
	Connected: Yes
	Synchronizable contents:
		41 directories
		161 files (2.2 MB)
		0 symbolic links
Conflicts: 1
Status: Watching for changes
-------------------------------------------------------------------------------

2026-08-17 16:53:33.304 +02:00 [INF] MutagenMon.Core.Monitoring.SessionMonitorService: Session 'pc-ub1-appman' status: Watching for changes, hasProblem: False, HasConflicts: False
2026-08-17 16:53:33.307 +02:00 [INF] MutagenMon.Core.Monitoring.SessionMonitorService: Session 'pc-ub1-mutagenmon' status: Watching for changes, hasProblem: False, HasConflicts: True
2026-08-17 16:53:33.310 +02:00 [INF] MutagenMon.Core.Monitoring.SessionMonitorService: Poll succeeded: worst=Conflicts, enabled=True, profileUpdated=False
2026-08-17 16:53:34.304 +02:00 [INF] MutagenMon.Core.Monitoring.SessionMonitorService: -------------------------------------------------------------------------------
Name: pc-ub1-appman
Identifier: sync_WpA0olCvqvjQEQWEI4okSZRpusFT7rL8lQ4GYhZtaLh
Alpha:
	URL: C:\sources\appman
	Connected: Yes
	Synchronizable contents:
		904 directories
		2351 files (206 MB)
		0 symbolic links
Beta:
	URL: tparent@pc-ub1:sources/appman
	Connected: Yes
	Synchronizable contents:
		904 directories
		2351 files (206 MB)
		0 symbolic links
Status: Watching for changes
-------------------------------------------------------------------------------
Name: pc-ub1-mutagenmon
Identifier: sync_cqhCMHYAW113J2fcp4bhUwGVWfGtTVQqmgm2tBfy2Q7
Alpha:
	URL: C:\sources\mutagenMon
	Connected: Yes
	Synchronizable contents:
		41 directories
		161 files (2.0 MB)
		0 symbolic links
	Scan problems: 1
Beta:
	URL: tparent@pc-ub1:sources/mutagenMon
	Connected: Yes
	Synchronizable contents:
		41 directories
		161 files (2.2 MB)
		0 symbolic links
Conflicts: 1
Status: Watching for changes
-------------------------------------------------------------------------------

2026-08-17 16:53:34.307 +02:00 [INF] MutagenMon.Core.Monitoring.SessionMonitorService: Session 'pc-ub1-appman' status: Watching for changes, hasProblem: False, HasConflicts: False
2026-08-17 16:53:34.309 +02:00 [INF] MutagenMon.Core.Monitoring.SessionMonitorService: Session 'pc-ub1-mutagenmon' status: Watching for changes, hasProblem: False, HasConflicts: True
2026-08-17 16:53:34.312 +02:00 [INF] MutagenMon.Core.Monitoring.SessionMonitorService: Poll succeeded: worst=Conflicts, enabled=True, profileUpdated=False
2026-08-17 16:53:35.268 +02:00 [INF] MutagenMon.Core.Monitoring.SessionMonitorService: -------------------------------------------------------------------------------
Name: pc-ub1-appman
Identifier: sync_WpA0olCvqvjQEQWEI4okSZRpusFT7rL8lQ4GYhZtaLh
Alpha:
	URL: C:\sources\appman
	Connected: Yes
	Synchronizable contents:
		904 directories
		2351 files (206 MB)
		0 symbolic links
Beta:
	URL: tparent@pc-ub1:sources/appman
	Connected: Yes
	Synchronizable contents:
		904 directories
		2351 files (206 MB)
		0 symbolic links
Status: Watching for changes
-------------------------------------------------------------------------------
Name: pc-ub1-mutagenmon
Identifier: sync_cqhCMHYAW113J2fcp4bhUwGVWfGtTVQqmgm2tBfy2Q7
Alpha:
	URL: C:\sources\mutagenMon
	Connected: Yes
	Synchronizable contents:
		41 directories
		161 files (2.0 MB)
		0 symbolic links
	Scan problems: 1
Beta:
	URL: tparent@pc-ub1:sources/mutagenMon
	Connected: Yes
	Synchronizable contents:
		41 directories
		161 files (2.2 MB)
		0 symbolic links
Conflicts: 1
Status: Watching for changes
-------------------------------------------------------------------------------

2026-08-17 16:53:35.272 +02:00 [INF] MutagenMon.Core.Monitoring.SessionMonitorService: Session 'pc-ub1-appman' status: Watching for changes, hasProblem: False, HasConflicts: False
2026-08-17 16:53:35.274 +02:00 [INF] MutagenMon.Core.Monitoring.SessionMonitorService: Session 'pc-ub1-mutagenmon' status: Watching for changes, hasProblem: False, HasConflicts: True
2026-08-17 16:53:35.277 +02:00 [INF] MutagenMon.Core.Monitoring.SessionMonitorService: Poll succeeded: worst=Conflicts, enabled=True, profileUpdated=False
2026-08-17 16:53:36.292 +02:00 [INF] MutagenMon.Core.Monitoring.SessionMonitorService: -------------------------------------------------------------------------------
Name: pc-ub1-appman
Identifier: sync_WpA0olCvqvjQEQWEI4okSZRpusFT7rL8lQ4GYhZtaLh
Alpha:
	URL: C:\sources\appman
	Connected: Yes
	Synchronizable contents:
		904 directories
		2351 files (206 MB)
		0 symbolic links
Beta:
	URL: tparent@pc-ub1:sources/appman
	Connected: Yes
	Synchronizable contents:
		904 directories
		2351 files (206 MB)
		0 symbolic links
Status: Watching for changes
-------------------------------------------------------------------------------
Name: pc-ub1-mutagenmon
Identifier: sync_cqhCMHYAW113J2fcp4bhUwGVWfGtTVQqmgm2tBfy2Q7
Alpha:
	URL: C:\sources\mutagenMon
	Connected: Yes
	Synchronizable contents:
		41 directories
		161 files (2.0 MB)
		0 symbolic links
	Scan problems: 1
Beta:
	URL: tparent@pc-ub1:sources/mutagenMon
	Connected: Yes
	Synchronizable contents:
		41 directories
		161 files (2.2 MB)
		0 symbolic links
Conflicts: 1
Status: Watching for changes
-------------------------------------------------------------------------------

2026-08-17 16:53:36.296 +02:00 [INF] MutagenMon.Core.Monitoring.SessionMonitorService: Session 'pc-ub1-appman' status: Watching for changes, hasProblem: False, HasConflicts: False
2026-08-17 16:53:36.299 +02:00 [INF] MutagenMon.Core.Monitoring.SessionMonitorService: Session 'pc-ub1-mutagenmon' status: Watching for changes, hasProblem: False, HasConflicts: True
2026-08-17 16:53:36.303 +02:00 [INF] MutagenMon.Core.Monitoring.SessionMonitorService: Poll succeeded: worst=Conflicts, enabled=True, profileUpdated=False
2026-08-17 16:53:37.306 +02:00 [INF] MutagenMon.Core.Monitoring.SessionMonitorService: -------------------------------------------------------------------------------
Name: pc-ub1-appman
Identifier: sync_WpA0olCvqvjQEQWEI4okSZRpusFT7rL8lQ4GYhZtaLh
Alpha:
	URL: C:\sources\appman
	Connected: Yes
	Synchronizable contents:
		904 directories
		2351 files (206 MB)
		0 symbolic links
Beta:
	URL: tparent@pc-ub1:sources/appman
	Connected: Yes
	Synchronizable contents:
		904 directories
		2351 files (206 MB)
		0 symbolic links
Status: Watching for changes
-------------------------------------------------------------------------------
Name: pc-ub1-mutagenmon
Identifier: sync_cqhCMHYAW113J2fcp4bhUwGVWfGtTVQqmgm2tBfy2Q7
Alpha:
	URL: C:\sources\mutagenMon
	Connected: Yes
	Synchronizable contents:
		41 directories
		161 files (2.0 MB)
		0 symbolic links
	Scan problems: 1
Beta:
	URL: tparent@pc-ub1:sources/mutagenMon
	Connected: Yes
	Synchronizable contents:
		41 directories
		161 files (2.2 MB)
		0 symbolic links
Conflicts: 1
Status: Watching for changes
-------------------------------------------------------------------------------

2026-08-17 16:53:37.309 +02:00 [INF] MutagenMon.Core.Monitoring.SessionMonitorService: Session 'pc-ub1-appman' status: Watching for changes, hasProblem: False, HasConflicts: False
2026-08-17 16:53:37.311 +02:00 [INF] MutagenMon.Core.Monitoring.SessionMonitorService: Session 'pc-ub1-mutagenmon' status: Watching for changes, hasProblem: False, HasConflicts: True
2026-08-17 16:53:37.313 +02:00 [INF] MutagenMon.Core.Monitoring.SessionMonitorService: Poll succeeded: worst=Conflicts, enabled=True, profileUpdated=False
2026-08-17 16:53:38.314 +02:00 [INF] MutagenMon.Core.Monitoring.SessionMonitorService: -------------------------------------------------------------------------------
Name: pc-ub1-appman
Identifier: sync_WpA0olCvqvjQEQWEI4okSZRpusFT7rL8lQ4GYhZtaLh
Alpha:
	URL: C:\sources\appman
	Connected: Yes
	Synchronizable contents:
		904 directories
		2351 files (206 MB)
		0 symbolic links
Beta:
	URL: tparent@pc-ub1:sources/appman
	Connected: Yes
	Synchronizable contents:
		904 directories
		2351 files (206 MB)
		0 symbolic links
Status: Watching for changes
-------------------------------------------------------------------------------
Name: pc-ub1-mutagenmon
Identifier: sync_cqhCMHYAW113J2fcp4bhUwGVWfGtTVQqmgm2tBfy2Q7
Alpha:
	URL: C:\sources\mutagenMon
	Connected: Yes
	Synchronizable contents:
		41 directories
		161 files (2.0 MB)
		0 symbolic links
	Scan problems: 1
Beta:
	URL: tparent@pc-ub1:sources/mutagenMon
	Connected: Yes
	Synchronizable contents:
		41 directories
		161 files (2.2 MB)
		0 symbolic links
Conflicts: 1
Status: Watching for changes
-------------------------------------------------------------------------------

2026-08-17 16:53:38.317 +02:00 [INF] MutagenMon.Core.Monitoring.SessionMonitorService: Session 'pc-ub1-appman' status: Watching for changes, hasProblem: False, HasConflicts: False
2026-08-17 16:53:38.319 +02:00 [INF] MutagenMon.Core.Monitoring.SessionMonitorService: Session 'pc-ub1-mutagenmon' status: Watching for changes, hasProblem: False, HasConflicts: True
2026-08-17 16:53:38.322 +02:00 [INF] MutagenMon.Core.Monitoring.SessionMonitorService: Poll succeeded: worst=Conflicts, enabled=True, profileUpdated=False
2026-08-17 16:53:39.300 +02:00 [INF] MutagenMon.Core.Monitoring.SessionMonitorService: -------------------------------------------------------------------------------
Name: pc-ub1-appman
Identifier: sync_WpA0olCvqvjQEQWEI4okSZRpusFT7rL8lQ4GYhZtaLh
Alpha:
	URL: C:\sources\appman
	Connected: Yes
	Synchronizable contents:
		904 directories
		2351 files (206 MB)
		0 symbolic links
Beta:
	URL: tparent@pc-ub1:sources/appman
	Connected: Yes
	Synchronizable contents:
		904 directories
		2351 files (206 MB)
		0 symbolic links
Status: Watching for changes
-------------------------------------------------------------------------------
Name: pc-ub1-mutagenmon
Identifier: sync_cqhCMHYAW113J2fcp4bhUwGVWfGtTVQqmgm2tBfy2Q7
Alpha:
	URL: C:\sources\mutagenMon
	Connected: Yes
	Synchronizable contents:
		41 directories
		161 files (2.0 MB)
		0 symbolic links
	Scan problems: 1
Beta:
	URL: tparent@pc-ub1:sources/mutagenMon
	Connected: Yes
	Synchronizable contents:
		41 directories
		161 files (2.2 MB)
		0 symbolic links
Conflicts: 1
Status: Watching for changes
-------------------------------------------------------------------------------

2026-08-17 16:53:39.302 +02:00 [INF] MutagenMon.Core.Monitoring.SessionMonitorService: Session 'pc-ub1-appman' status: Watching for changes, hasProblem: False, HasConflicts: False
2026-08-17 16:53:39.303 +02:00 [INF] MutagenMon.Core.Monitoring.SessionMonitorService: Session 'pc-ub1-mutagenmon' status: Watching for changes, hasProblem: False, HasConflicts: True
2026-08-17 16:53:39.306 +02:00 [INF] MutagenMon.Core.Monitoring.SessionMonitorService: Poll succeeded: worst=Conflicts, enabled=True, profileUpdated=False
2026-08-17 16:53:40.290 +02:00 [INF] MutagenMon.Core.Monitoring.SessionMonitorService: -------------------------------------------------------------------------------
Name: pc-ub1-appman
Identifier: sync_WpA0olCvqvjQEQWEI4okSZRpusFT7rL8lQ4GYhZtaLh
Alpha:
	URL: C:\sources\appman
	Connected: Yes
	Synchronizable contents:
		904 directories
		2351 files (206 MB)
		0 symbolic links
Beta:
	URL: tparent@pc-ub1:sources/appman
	Connected: Yes
	Synchronizable contents:
		904 directories
		2351 files (206 MB)
		0 symbolic links
Status: Watching for changes
-------------------------------------------------------------------------------
Name: pc-ub1-mutagenmon
Identifier: sync_cqhCMHYAW113J2fcp4bhUwGVWfGtTVQqmgm2tBfy2Q7
Alpha:
	URL: C:\sources\mutagenMon
	Connected: Yes
	Synchronizable contents:
		41 directories
		161 files (2.0 MB)
		0 symbolic links
	Scan problems: 1
Beta:
	URL: tparent@pc-ub1:sources/mutagenMon
	Connected: Yes
	Synchronizable contents:
		41 directories
		161 files (2.2 MB)
		0 symbolic links
Conflicts: 1
Status: Watching for changes
-------------------------------------------------------------------------------

2026-08-17 16:53:40.294 +02:00 [INF] MutagenMon.Core.Monitoring.SessionMonitorService: Session 'pc-ub1-appman' status: Watching for changes, hasProblem: False, HasConflicts: False
2026-08-17 16:53:40.298 +02:00 [INF] MutagenMon.Core.Monitoring.SessionMonitorService: Session 'pc-ub1-mutagenmon' status: Watching for changes, hasProblem: False, HasConflicts: True
2026-08-17 16:53:40.302 +02:00 [INF] MutagenMon.Core.Monitoring.SessionMonitorService: Poll succeeded: worst=Conflicts, enabled=True, profileUpdated=False
2026-08-17 16:53:41.286 +02:00 [INF] MutagenMon.Core.Monitoring.SessionMonitorService: -------------------------------------------------------------------------------
Name: pc-ub1-appman
Identifier: sync_WpA0olCvqvjQEQWEI4okSZRpusFT7rL8lQ4GYhZtaLh
Alpha:
	URL: C:\sources\appman
	Connected: Yes
	Synchronizable contents:
		904 directories
		2351 files (206 MB)
		0 symbolic links
Beta:
	URL: tparent@pc-ub1:sources/appman
	Connected: Yes
	Synchronizable contents:
		904 directories
		2351 files (206 MB)
		0 symbolic links
Status: Watching for changes
-------------------------------------------------------------------------------
Name: pc-ub1-mutagenmon
Identifier: sync_cqhCMHYAW113J2fcp4bhUwGVWfGtTVQqmgm2tBfy2Q7
Alpha:
	URL: C:\sources\mutagenMon
	Connected: Yes
	Synchronizable contents:
		41 directories
		161 files (2.0 MB)
		0 symbolic links
	Scan problems: 1
Beta:
	URL: tparent@pc-ub1:sources/mutagenMon
	Connected: Yes
	Synchronizable contents:
		41 directories
		161 files (2.2 MB)
		0 symbolic links
Conflicts: 1
Status: Watching for changes
-------------------------------------------------------------------------------

2026-08-17 16:53:41.288 +02:00 [INF] MutagenMon.Core.Monitoring.SessionMonitorService: Session 'pc-ub1-appman' status: Watching for changes, hasProblem: False, HasConflicts: False
2026-08-17 16:53:41.290 +02:00 [INF] MutagenMon.Core.Monitoring.SessionMonitorService: Session 'pc-ub1-mutagenmon' status: Watching for changes, hasProblem: False, HasConflicts: True
2026-08-17 16:53:41.294 +02:00 [INF] MutagenMon.Core.Monitoring.SessionMonitorService: Poll succeeded: worst=Conflicts, enabled=True, profileUpdated=False
2026-08-17 16:53:42.302 +02:00 [INF] MutagenMon.Core.Monitoring.SessionMonitorService: -------------------------------------------------------------------------------
Name: pc-ub1-appman
Identifier: sync_WpA0olCvqvjQEQWEI4okSZRpusFT7rL8lQ4GYhZtaLh
Alpha:
	URL: C:\sources\appman
	Connected: Yes
	Synchronizable contents:
		904 directories
		2351 files (206 MB)
		0 symbolic links
Beta:
	URL: tparent@pc-ub1:sources/appman
	Connected: Yes
	Synchronizable contents:
		904 directories
		2351 files (206 MB)
		0 symbolic links
Status: Watching for changes
-------------------------------------------------------------------------------
Name: pc-ub1-mutagenmon
Identifier: sync_cqhCMHYAW113J2fcp4bhUwGVWfGtTVQqmgm2tBfy2Q7
Alpha:
	URL: C:\sources\mutagenMon
	Connected: Yes
	Synchronizable contents:
		41 directories
		161 files (2.0 MB)
		0 symbolic links
	Scan problems: 1
Beta:
	URL: tparent@pc-ub1:sources/mutagenMon
	Connected: Yes
	Synchronizable contents:
		41 directories
		161 files (2.2 MB)
		0 symbolic links
Conflicts: 1
Status: Watching for changes
-------------------------------------------------------------------------------

2026-08-17 16:53:42.305 +02:00 [INF] MutagenMon.Core.Monitoring.SessionMonitorService: Session 'pc-ub1-appman' status: Watching for changes, hasProblem: False, HasConflicts: False
2026-08-17 16:53:42.308 +02:00 [INF] MutagenMon.Core.Monitoring.SessionMonitorService: Session 'pc-ub1-mutagenmon' status: Watching for changes, hasProblem: False, HasConflicts: True
2026-08-17 16:53:42.311 +02:00 [INF] MutagenMon.Core.Monitoring.SessionMonitorService: Poll succeeded: worst=Conflicts, enabled=True, profileUpdated=False
2026-08-17 16:53:43.321 +02:00 [INF] MutagenMon.Core.Monitoring.SessionMonitorService: -------------------------------------------------------------------------------
Name: pc-ub1-appman
Identifier: sync_WpA0olCvqvjQEQWEI4okSZRpusFT7rL8lQ4GYhZtaLh
Alpha:
	URL: C:\sources\appman
	Connected: Yes
	Synchronizable contents:
		904 directories
		2351 files (206 MB)
		0 symbolic links
Beta:
	URL: tparent@pc-ub1:sources/appman
	Connected: Yes
	Synchronizable contents:
		904 directories
		2351 files (206 MB)
		0 symbolic links
Status: Watching for changes
-------------------------------------------------------------------------------
Name: pc-ub1-mutagenmon
Identifier: sync_cqhCMHYAW113J2fcp4bhUwGVWfGtTVQqmgm2tBfy2Q7
Alpha:
	URL: C:\sources\mutagenMon
	Connected: Yes
	Synchronizable contents:
		41 directories
		161 files (2.0 MB)
		0 symbolic links
	Scan problems: 1
Beta:
	URL: tparent@pc-ub1:sources/mutagenMon
	Connected: Yes
	Synchronizable contents:
		41 directories
		161 files (2.2 MB)
		0 symbolic links
Conflicts: 1
Status: Watching for changes
-------------------------------------------------------------------------------

2026-08-17 16:53:43.324 +02:00 [INF] MutagenMon.Core.Monitoring.SessionMonitorService: Session 'pc-ub1-appman' status: Watching for changes, hasProblem: False, HasConflicts: False
2026-08-17 16:53:43.327 +02:00 [INF] MutagenMon.Core.Monitoring.SessionMonitorService: Session 'pc-ub1-mutagenmon' status: Watching for changes, hasProblem: False, HasConflicts: True
2026-08-17 16:53:43.334 +02:00 [INF] MutagenMon.Core.Monitoring.SessionMonitorService: Poll succeeded: worst=Conflicts, enabled=True, profileUpdated=False
2026-08-17 16:53:44.297 +02:00 [INF] MutagenMon.Core.Monitoring.SessionMonitorService: -------------------------------------------------------------------------------
Name: pc-ub1-appman
Identifier: sync_WpA0olCvqvjQEQWEI4okSZRpusFT7rL8lQ4GYhZtaLh
Alpha:
	URL: C:\sources\appman
	Connected: Yes
	Synchronizable contents:
		904 directories
		2351 files (206 MB)
		0 symbolic links
Beta:
	URL: tparent@pc-ub1:sources/appman
	Connected: Yes
	Synchronizable contents:
		904 directories
		2351 files (206 MB)
		0 symbolic links
Status: Watching for changes
-------------------------------------------------------------------------------
Name: pc-ub1-mutagenmon
Identifier: sync_cqhCMHYAW113J2fcp4bhUwGVWfGtTVQqmgm2tBfy2Q7
Alpha:
	URL: C:\sources\mutagenMon
	Connected: Yes
	Synchronizable contents:
		41 directories
		161 files (2.0 MB)
		0 symbolic links
	Scan problems: 1
Beta:
	URL: tparent@pc-ub1:sources/mutagenMon
	Connected: Yes
	Synchronizable contents:
		41 directories
		161 files (2.2 MB)
		0 symbolic links
Conflicts: 1
Status: Watching for changes
-------------------------------------------------------------------------------

2026-08-17 16:53:44.300 +02:00 [INF] MutagenMon.Core.Monitoring.SessionMonitorService: Session 'pc-ub1-appman' status: Watching for changes, hasProblem: False, HasConflicts: False
2026-08-17 16:53:44.302 +02:00 [INF] MutagenMon.Core.Monitoring.SessionMonitorService: Session 'pc-ub1-mutagenmon' status: Watching for changes, hasProblem: False, HasConflicts: True
2026-08-17 16:53:44.304 +02:00 [INF] MutagenMon.Core.Monitoring.SessionMonitorService: Poll succeeded: worst=Conflicts, enabled=True, profileUpdated=False
2026-08-17 16:53:45.294 +02:00 [INF] MutagenMon.Core.Monitoring.SessionMonitorService: -------------------------------------------------------------------------------
Name: pc-ub1-appman
Identifier: sync_WpA0olCvqvjQEQWEI4okSZRpusFT7rL8lQ4GYhZtaLh
Alpha:
	URL: C:\sources\appman
	Connected: Yes
	Synchronizable contents:
		904 directories
		2351 files (206 MB)
		0 symbolic links
Beta:
	URL: tparent@pc-ub1:sources/appman
	Connected: Yes
	Synchronizable contents:
		904 directories
		2351 files (206 MB)
		0 symbolic links
Status: Watching for changes
-------------------------------------------------------------------------------
Name: pc-ub1-mutagenmon
Identifier: sync_cqhCMHYAW113J2fcp4bhUwGVWfGtTVQqmgm2tBfy2Q7
Alpha:
	URL: C:\sources\mutagenMon
	Connected: Yes
	Synchronizable contents:
		41 directories
		161 files (2.0 MB)
		0 symbolic links
	Scan problems: 1
Beta:
	URL: tparent@pc-ub1:sources/mutagenMon
	Connected: Yes
	Synchronizable contents:
		41 directories
		161 files (2.2 MB)
		0 symbolic links
Conflicts: 1
Status: Watching for changes
-------------------------------------------------------------------------------

2026-08-17 16:53:45.297 +02:00 [INF] MutagenMon.Core.Monitoring.SessionMonitorService: Session 'pc-ub1-appman' status: Watching for changes, hasProblem: False, HasConflicts: False
2026-08-17 16:53:45.300 +02:00 [INF] MutagenMon.Core.Monitoring.SessionMonitorService: Session 'pc-ub1-mutagenmon' status: Watching for changes, hasProblem: False, HasConflicts: True
2026-08-17 16:53:45.302 +02:00 [INF] MutagenMon.Core.Monitoring.SessionMonitorService: Poll succeeded: worst=Conflicts, enabled=True, profileUpdated=False
2026-08-17 16:53:46.311 +02:00 [INF] MutagenMon.Core.Monitoring.SessionMonitorService: -------------------------------------------------------------------------------
Name: pc-ub1-appman
Identifier: sync_WpA0olCvqvjQEQWEI4okSZRpusFT7rL8lQ4GYhZtaLh
Alpha:
	URL: C:\sources\appman
	Connected: Yes
	Synchronizable contents:
		904 directories
		2351 files (206 MB)
		0 symbolic links
Beta:
	URL: tparent@pc-ub1:sources/appman
	Connected: Yes
	Synchronizable contents:
		904 directories
		2351 files (206 MB)
		0 symbolic links
Status: Watching for changes
-------------------------------------------------------------------------------
Name: pc-ub1-mutagenmon
Identifier: sync_cqhCMHYAW113J2fcp4bhUwGVWfGtTVQqmgm2tBfy2Q7
Alpha:
	URL: C:\sources\mutagenMon
	Connected: Yes
	Synchronizable contents:
		41 directories
		161 files (2.0 MB)
		0 symbolic links
	Scan problems: 1
Beta:
	URL: tparent@pc-ub1:sources/mutagenMon
	Connected: Yes
	Synchronizable contents:
		41 directories
		161 files (2.2 MB)
		0 symbolic links
Conflicts: 1
Status: Watching for changes
-------------------------------------------------------------------------------

2026-08-17 16:53:46.314 +02:00 [INF] MutagenMon.Core.Monitoring.SessionMonitorService: Session 'pc-ub1-appman' status: Watching for changes, hasProblem: False, HasConflicts: False
2026-08-17 16:53:46.317 +02:00 [INF] MutagenMon.Core.Monitoring.SessionMonitorService: Session 'pc-ub1-mutagenmon' status: Watching for changes, hasProblem: False, HasConflicts: True
2026-08-17 16:53:46.321 +02:00 [INF] MutagenMon.Core.Monitoring.SessionMonitorService: Poll succeeded: worst=Conflicts, enabled=True, profileUpdated=False
2026-08-17 16:53:47.299 +02:00 [INF] MutagenMon.Core.Monitoring.SessionMonitorService: -------------------------------------------------------------------------------
Name: pc-ub1-appman
Identifier: sync_WpA0olCvqvjQEQWEI4okSZRpusFT7rL8lQ4GYhZtaLh
Alpha:
	URL: C:\sources\appman
	Connected: Yes
	Synchronizable contents:
		904 directories
		2351 files (206 MB)
		0 symbolic links
Beta:
	URL: tparent@pc-ub1:sources/appman
	Connected: Yes
	Synchronizable contents:
		904 directories
		2351 files (206 MB)
		0 symbolic links
Status: Watching for changes
-------------------------------------------------------------------------------
Name: pc-ub1-mutagenmon
Identifier: sync_cqhCMHYAW113J2fcp4bhUwGVWfGtTVQqmgm2tBfy2Q7
Alpha:
	URL: C:\sources\mutagenMon
	Connected: Yes
	Synchronizable contents:
		41 directories
		161 files (2.0 MB)
		0 symbolic links
	Scan problems: 1
Beta:
	URL: tparent@pc-ub1:sources/mutagenMon
	Connected: Yes
	Synchronizable contents:
		41 directories
		161 files (2.2 MB)
		0 symbolic links
Conflicts: 1
Status: Watching for changes
-------------------------------------------------------------------------------

2026-08-17 16:53:47.302 +02:00 [INF] MutagenMon.Core.Monitoring.SessionMonitorService: Session 'pc-ub1-appman' status: Watching for changes, hasProblem: False, HasConflicts: False
2026-08-17 16:53:47.313 +02:00 [INF] MutagenMon.Core.Monitoring.SessionMonitorService: Session 'pc-ub1-mutagenmon' status: Watching for changes, hasProblem: False, HasConflicts: True
2026-08-17 16:53:47.317 +02:00 [INF] MutagenMon.Core.Monitoring.SessionMonitorService: Poll succeeded: worst=Conflicts, enabled=True, profileUpdated=False
2026-08-17 16:53:48.335 +02:00 [INF] MutagenMon.Core.Monitoring.SessionMonitorService: -------------------------------------------------------------------------------
Name: pc-ub1-appman
Identifier: sync_WpA0olCvqvjQEQWEI4okSZRpusFT7rL8lQ4GYhZtaLh
Alpha:
	URL: C:\sources\appman
	Connected: Yes
	Synchronizable contents:
		904 directories
		2351 files (206 MB)
		0 symbolic links
Beta:
	URL: tparent@pc-ub1:sources/appman
	Connected: Yes
	Synchronizable contents:
		904 directories
		2351 files (206 MB)
		0 symbolic links
Status: Watching for changes
-------------------------------------------------------------------------------
Name: pc-ub1-mutagenmon
Identifier: sync_cqhCMHYAW113J2fcp4bhUwGVWfGtTVQqmgm2tBfy2Q7
Alpha:
	URL: C:\sources\mutagenMon
	Connected: Yes
	Synchronizable contents:
		41 directories
		161 files (2.0 MB)
		0 symbolic links
	Scan problems: 1
Beta:
	URL: tparent@pc-ub1:sources/mutagenMon
	Connected: Yes
	Synchronizable contents:
		41 directories
		161 files (2.2 MB)
		0 symbolic links
Conflicts: 1
Status: Watching for changes
-------------------------------------------------------------------------------

2026-08-17 16:53:48.337 +02:00 [INF] MutagenMon.Core.Monitoring.SessionMonitorService: Session 'pc-ub1-appman' status: Watching for changes, hasProblem: False, HasConflicts: False
2026-08-17 16:53:48.339 +02:00 [INF] MutagenMon.Core.Monitoring.SessionMonitorService: Session 'pc-ub1-mutagenmon' status: Watching for changes, hasProblem: False, HasConflicts: True
2026-08-17 16:53:48.342 +02:00 [INF] MutagenMon.Core.Monitoring.SessionMonitorService: Poll succeeded: worst=Conflicts, enabled=True, profileUpdated=False
2026-08-17 16:53:49.295 +02:00 [INF] MutagenMon.Core.Monitoring.SessionMonitorService: -------------------------------------------------------------------------------
Name: pc-ub1-appman
Identifier: sync_WpA0olCvqvjQEQWEI4okSZRpusFT7rL8lQ4GYhZtaLh
Alpha:
	URL: C:\sources\appman
	Connected: Yes
	Synchronizable contents:
		904 directories
		2351 files (206 MB)
		0 symbolic links
Beta:
	URL: tparent@pc-ub1:sources/appman
	Connected: Yes
	Synchronizable contents:
		904 directories
		2351 files (206 MB)
		0 symbolic links
Status: Watching for changes
-------------------------------------------------------------------------------
Name: pc-ub1-mutagenmon
Identifier: sync_cqhCMHYAW113J2fcp4bhUwGVWfGtTVQqmgm2tBfy2Q7
Alpha:
	URL: C:\sources\mutagenMon
	Connected: Yes
	Synchronizable contents:
		41 directories
		161 files (2.0 MB)
		0 symbolic links
	Scan problems: 1
Beta:
	URL: tparent@pc-ub1:sources/mutagenMon
	Connected: Yes
	Synchronizable contents:
		41 directories
		161 files (2.2 MB)
		0 symbolic links
Conflicts: 1
Status: Watching for changes
-------------------------------------------------------------------------------

2026-08-17 16:53:49.299 +02:00 [INF] MutagenMon.Core.Monitoring.SessionMonitorService: Session 'pc-ub1-appman' status: Watching for changes, hasProblem: False, HasConflicts: False
2026-08-17 16:53:49.302 +02:00 [INF] MutagenMon.Core.Monitoring.SessionMonitorService: Session 'pc-ub1-mutagenmon' status: Watching for changes, hasProblem: False, HasConflicts: True
2026-08-17 16:53:49.306 +02:00 [INF] MutagenMon.Core.Monitoring.SessionMonitorService: Poll succeeded: worst=Conflicts, enabled=True, profileUpdated=False
2026-08-17 16:53:50.245 +02:00 [INF] MutagenMon.Core.Monitoring.SessionMonitorService: -------------------------------------------------------------------------------
Name: pc-ub1-appman
Identifier: sync_WpA0olCvqvjQEQWEI4okSZRpusFT7rL8lQ4GYhZtaLh
Alpha:
	URL: C:\sources\appman
	Connected: Yes
	Synchronizable contents:
		904 directories
		2351 files (206 MB)
		0 symbolic links
Beta:
	URL: tparent@pc-ub1:sources/appman
	Connected: Yes
	Synchronizable contents:
		904 directories
		2351 files (206 MB)
		0 symbolic links
Status: Watching for changes
-------------------------------------------------------------------------------
Name: pc-ub1-mutagenmon
Identifier: sync_cqhCMHYAW113J2fcp4bhUwGVWfGtTVQqmgm2tBfy2Q7
Alpha:
	URL: C:\sources\mutagenMon
	Connected: Yes
	Synchronizable contents:
		41 directories
		161 files (2.0 MB)
		0 symbolic links
	Scan problems: 1
Beta:
	URL: tparent@pc-ub1:sources/mutagenMon
	Connected: Yes
	Synchronizable contents:
		41 directories
		161 files (2.2 MB)
		0 symbolic links
Conflicts: 1
Status: Watching for changes
-------------------------------------------------------------------------------

2026-08-17 16:53:50.249 +02:00 [INF] MutagenMon.Core.Monitoring.SessionMonitorService: Session 'pc-ub1-appman' status: Watching for changes, hasProblem: False, HasConflicts: False
2026-08-17 16:53:50.252 +02:00 [INF] MutagenMon.Core.Monitoring.SessionMonitorService: Session 'pc-ub1-mutagenmon' status: Watching for changes, hasProblem: False, HasConflicts: True
2026-08-17 16:53:50.256 +02:00 [INF] MutagenMon.Core.Monitoring.SessionMonitorService: Poll succeeded: worst=Conflicts, enabled=True, profileUpdated=False
2026-08-17 16:53:51.332 +02:00 [INF] MutagenMon.Core.Monitoring.SessionMonitorService: -------------------------------------------------------------------------------
Name: pc-ub1-appman
Identifier: sync_WpA0olCvqvjQEQWEI4okSZRpusFT7rL8lQ4GYhZtaLh
Alpha:
	URL: C:\sources\appman
	Connected: Yes
	Synchronizable contents:
		904 directories
		2351 files (206 MB)
		0 symbolic links
Beta:
	URL: tparent@pc-ub1:sources/appman
	Connected: Yes
	Synchronizable contents:
		904 directories
		2351 files (206 MB)
		0 symbolic links
Status: Watching for changes
-------------------------------------------------------------------------------
Name: pc-ub1-mutagenmon
Identifier: sync_cqhCMHYAW113J2fcp4bhUwGVWfGtTVQqmgm2tBfy2Q7
Alpha:
	URL: C:\sources\mutagenMon
	Connected: Yes
	Synchronizable contents:
		41 directories
		161 files (2.0 MB)
		0 symbolic links
	Scan problems: 1
Beta:
	URL: tparent@pc-ub1:sources/mutagenMon
	Connected: Yes
	Synchronizable contents:
		41 directories
		161 files (2.2 MB)
		0 symbolic links
Conflicts: 1
Status: Watching for changes
-------------------------------------------------------------------------------

2026-08-17 16:53:51.337 +02:00 [INF] MutagenMon.Core.Monitoring.SessionMonitorService: Session 'pc-ub1-appman' status: Watching for changes, hasProblem: False, HasConflicts: False
2026-08-17 16:53:51.345 +02:00 [INF] MutagenMon.Core.Monitoring.SessionMonitorService: Session 'pc-ub1-mutagenmon' status: Watching for changes, hasProblem: False, HasConflicts: True
2026-08-17 16:53:51.355 +02:00 [INF] MutagenMon.Core.Monitoring.SessionMonitorService: Poll succeeded: worst=Conflicts, enabled=True, profileUpdated=False
2026-08-17 16:53:52.329 +02:00 [INF] MutagenMon.Core.Monitoring.SessionMonitorService: -------------------------------------------------------------------------------
Name: pc-ub1-appman
Identifier: sync_WpA0olCvqvjQEQWEI4okSZRpusFT7rL8lQ4GYhZtaLh
Alpha:
	URL: C:\sources\appman
	Connected: Yes
	Synchronizable contents:
		904 directories
		2351 files (206 MB)
		0 symbolic links
Beta:
	URL: tparent@pc-ub1:sources/appman
	Connected: Yes
	Synchronizable contents:
		904 directories
		2351 files (206 MB)
		0 symbolic links
Status: Watching for changes
-------------------------------------------------------------------------------
Name: pc-ub1-mutagenmon
Identifier: sync_cqhCMHYAW113J2fcp4bhUwGVWfGtTVQqmgm2tBfy2Q7
Alpha:
	URL: C:\sources\mutagenMon
	Connected: Yes
	Synchronizable contents:
		41 directories
		161 files (2.0 MB)
		0 symbolic links
	Scan problems: 1
Beta:
	URL: tparent@pc-ub1:sources/mutagenMon
	Connected: Yes
	Synchronizable contents:
		41 directories
		161 files (2.2 MB)
		0 symbolic links
Conflicts: 1
Status: Watching for changes
-------------------------------------------------------------------------------

2026-08-17 16:53:52.332 +02:00 [INF] MutagenMon.Core.Monitoring.SessionMonitorService: Session 'pc-ub1-appman' status: Watching for changes, hasProblem: False, HasConflicts: False
2026-08-17 16:53:52.340 +02:00 [INF] MutagenMon.Core.Monitoring.SessionMonitorService: Session 'pc-ub1-mutagenmon' status: Watching for changes, hasProblem: False, HasConflicts: True
2026-08-17 16:53:52.361 +02:00 [INF] MutagenMon.Core.Monitoring.SessionMonitorService: Poll succeeded: worst=Conflicts, enabled=True, profileUpdated=False
2026-08-17 16:53:53.348 +02:00 [INF] MutagenMon.Core.Monitoring.SessionMonitorService: -------------------------------------------------------------------------------
Name: pc-ub1-appman
Identifier: sync_WpA0olCvqvjQEQWEI4okSZRpusFT7rL8lQ4GYhZtaLh
Alpha:
	URL: C:\sources\appman
	Connected: Yes
	Synchronizable contents:
		904 directories
		2351 files (206 MB)
		0 symbolic links
Beta:
	URL: tparent@pc-ub1:sources/appman
	Connected: Yes
	Synchronizable contents:
		904 directories
		2351 files (206 MB)
		0 symbolic links
Status: Watching for changes
-------------------------------------------------------------------------------
Name: pc-ub1-mutagenmon
Identifier: sync_cqhCMHYAW113J2fcp4bhUwGVWfGtTVQqmgm2tBfy2Q7
Alpha:
	URL: C:\sources\mutagenMon
	Connected: Yes
	Synchronizable contents:
		41 directories
		161 files (2.0 MB)
		0 symbolic links
	Scan problems: 1
Beta:
	URL: tparent@pc-ub1:sources/mutagenMon
	Connected: Yes
	Synchronizable contents:
		41 directories
		161 files (2.2 MB)
		0 symbolic links
Conflicts: 1
Status: Watching for changes
-------------------------------------------------------------------------------

2026-08-17 16:53:53.351 +02:00 [INF] MutagenMon.Core.Monitoring.SessionMonitorService: Session 'pc-ub1-appman' status: Watching for changes, hasProblem: False, HasConflicts: False
2026-08-17 16:53:53.353 +02:00 [INF] MutagenMon.Core.Monitoring.SessionMonitorService: Session 'pc-ub1-mutagenmon' status: Watching for changes, hasProblem: False, HasConflicts: True
2026-08-17 16:53:53.357 +02:00 [INF] MutagenMon.Core.Monitoring.SessionMonitorService: Poll succeeded: worst=Conflicts, enabled=True, profileUpdated=False
2026-08-17 16:53:54.303 +02:00 [INF] MutagenMon.Core.Monitoring.SessionMonitorService: -------------------------------------------------------------------------------
Name: pc-ub1-appman
Identifier: sync_WpA0olCvqvjQEQWEI4okSZRpusFT7rL8lQ4GYhZtaLh
Alpha:
	URL: C:\sources\appman
	Connected: Yes
	Synchronizable contents:
		904 directories
		2351 files (206 MB)
		0 symbolic links
Beta:
	URL: tparent@pc-ub1:sources/appman
	Connected: Yes
	Synchronizable contents:
		904 directories
		2351 files (206 MB)
		0 symbolic links
Status: Watching for changes
-------------------------------------------------------------------------------
Name: pc-ub1-mutagenmon
Identifier: sync_cqhCMHYAW113J2fcp4bhUwGVWfGtTVQqmgm2tBfy2Q7
Alpha:
	URL: C:\sources\mutagenMon
	Connected: Yes
	Synchronizable contents:
		41 directories
		161 files (2.0 MB)
		0 symbolic links
	Scan problems: 1
Beta:
	URL: tparent@pc-ub1:sources/mutagenMon
	Connected: Yes
	Synchronizable contents:
		41 directories
		161 files (2.2 MB)
		0 symbolic links
Conflicts: 1
Status: Watching for changes
-------------------------------------------------------------------------------

2026-08-17 16:53:54.306 +02:00 [INF] MutagenMon.Core.Monitoring.SessionMonitorService: Session 'pc-ub1-appman' status: Watching for changes, hasProblem: False, HasConflicts: False
2026-08-17 16:53:54.308 +02:00 [INF] MutagenMon.Core.Monitoring.SessionMonitorService: Session 'pc-ub1-mutagenmon' status: Watching for changes, hasProblem: False, HasConflicts: True
2026-08-17 16:53:54.311 +02:00 [INF] MutagenMon.Core.Monitoring.SessionMonitorService: Poll succeeded: worst=Conflicts, enabled=True, profileUpdated=False
2026-08-17 16:53:55.305 +02:00 [INF] MutagenMon.Core.Monitoring.SessionMonitorService: -------------------------------------------------------------------------------
Name: pc-ub1-appman
Identifier: sync_WpA0olCvqvjQEQWEI4okSZRpusFT7rL8lQ4GYhZtaLh
Alpha:
	URL: C:\sources\appman
	Connected: Yes
	Synchronizable contents:
		904 directories
		2351 files (206 MB)
		0 symbolic links
Beta:
	URL: tparent@pc-ub1:sources/appman
	Connected: Yes
	Synchronizable contents:
		904 directories
		2351 files (206 MB)
		0 symbolic links
Status: Watching for changes
-------------------------------------------------------------------------------
Name: pc-ub1-mutagenmon
Identifier: sync_cqhCMHYAW113J2fcp4bhUwGVWfGtTVQqmgm2tBfy2Q7
Alpha:
	URL: C:\sources\mutagenMon
	Connected: Yes
	Synchronizable contents:
		41 directories
		161 files (2.0 MB)
		0 symbolic links
	Scan problems: 1
Beta:
	URL: tparent@pc-ub1:sources/mutagenMon
	Connected: Yes
	Synchronizable contents:
		41 directories
		161 files (2.2 MB)
		0 symbolic links
Conflicts: 1
Status: Watching for changes
-------------------------------------------------------------------------------

2026-08-17 16:53:55.308 +02:00 [INF] MutagenMon.Core.Monitoring.SessionMonitorService: Session 'pc-ub1-appman' status: Watching for changes, hasProblem: False, HasConflicts: False
2026-08-17 16:53:55.310 +02:00 [INF] MutagenMon.Core.Monitoring.SessionMonitorService: Session 'pc-ub1-mutagenmon' status: Watching for changes, hasProblem: False, HasConflicts: True
2026-08-17 16:53:55.313 +02:00 [INF] MutagenMon.Core.Monitoring.SessionMonitorService: Poll succeeded: worst=Conflicts, enabled=True, profileUpdated=False
2026-08-17 16:53:56.294 +02:00 [INF] MutagenMon.Core.Monitoring.SessionMonitorService: -------------------------------------------------------------------------------
Name: pc-ub1-appman
Identifier: sync_WpA0olCvqvjQEQWEI4okSZRpusFT7rL8lQ4GYhZtaLh
Alpha:
	URL: C:\sources\appman
	Connected: Yes
	Synchronizable contents:
		904 directories
		2351 files (206 MB)
		0 symbolic links
Beta:
	URL: tparent@pc-ub1:sources/appman
	Connected: Yes
	Synchronizable contents:
		904 directories
		2351 files (206 MB)
		0 symbolic links
Status: Watching for changes
-------------------------------------------------------------------------------
Name: pc-ub1-mutagenmon
Identifier: sync_cqhCMHYAW113J2fcp4bhUwGVWfGtTVQqmgm2tBfy2Q7
Alpha:
	URL: C:\sources\mutagenMon
	Connected: Yes
	Synchronizable contents:
		41 directories
		161 files (2.0 MB)
		0 symbolic links
	Scan problems: 1
Beta:
	URL: tparent@pc-ub1:sources/mutagenMon
	Connected: Yes
	Synchronizable contents:
		41 directories
		161 files (2.2 MB)
		0 symbolic links
Conflicts: 1
Status: Watching for changes
-------------------------------------------------------------------------------

2026-08-17 16:53:56.296 +02:00 [INF] MutagenMon.Core.Monitoring.SessionMonitorService: Session 'pc-ub1-appman' status: Watching for changes, hasProblem: False, HasConflicts: False
2026-08-17 16:53:56.298 +02:00 [INF] MutagenMon.Core.Monitoring.SessionMonitorService: Session 'pc-ub1-mutagenmon' status: Watching for changes, hasProblem: False, HasConflicts: True
2026-08-17 16:53:56.300 +02:00 [INF] MutagenMon.Core.Monitoring.SessionMonitorService: Poll succeeded: worst=Conflicts, enabled=True, profileUpdated=False
2026-08-17 16:53:57.324 +02:00 [INF] MutagenMon.Core.Monitoring.SessionMonitorService: -------------------------------------------------------------------------------
Name: pc-ub1-appman
Identifier: sync_WpA0olCvqvjQEQWEI4okSZRpusFT7rL8lQ4GYhZtaLh
Alpha:
	URL: C:\sources\appman
	Connected: Yes
	Synchronizable contents:
		904 directories
		2351 files (206 MB)
		0 symbolic links
Beta:
	URL: tparent@pc-ub1:sources/appman
	Connected: Yes
	Synchronizable contents:
		904 directories
		2351 files (206 MB)
		0 symbolic links
Status: Watching for changes
-------------------------------------------------------------------------------
Name: pc-ub1-mutagenmon
Identifier: sync_cqhCMHYAW113J2fcp4bhUwGVWfGtTVQqmgm2tBfy2Q7
Alpha:
	URL: C:\sources\mutagenMon
	Connected: Yes
	Synchronizable contents:
		41 directories
		161 files (2.0 MB)
		0 symbolic links
	Scan problems: 1
Beta:
	URL: tparent@pc-ub1:sources/mutagenMon
	Connected: Yes
	Synchronizable contents:
		41 directories
		161 files (2.2 MB)
		0 symbolic links
Conflicts: 1
Status: Watching for changes
-------------------------------------------------------------------------------

2026-08-17 16:53:57.326 +02:00 [INF] MutagenMon.Core.Monitoring.SessionMonitorService: Session 'pc-ub1-appman' status: Watching for changes, hasProblem: False, HasConflicts: False
2026-08-17 16:53:57.327 +02:00 [INF] MutagenMon.Core.Monitoring.SessionMonitorService: Session 'pc-ub1-mutagenmon' status: Watching for changes, hasProblem: False, HasConflicts: True
2026-08-17 16:53:57.329 +02:00 [INF] MutagenMon.Core.Monitoring.SessionMonitorService: Poll succeeded: worst=Conflicts, enabled=True, profileUpdated=False
2026-08-17 16:53:58.283 +02:00 [INF] MutagenMon.Core.Monitoring.SessionMonitorService: -------------------------------------------------------------------------------
Name: pc-ub1-appman
Identifier: sync_WpA0olCvqvjQEQWEI4okSZRpusFT7rL8lQ4GYhZtaLh
Alpha:
	URL: C:\sources\appman
	Connected: Yes
	Synchronizable contents:
		904 directories
		2351 files (206 MB)
		0 symbolic links
Beta:
	URL: tparent@pc-ub1:sources/appman
	Connected: Yes
	Synchronizable contents:
		904 directories
		2351 files (206 MB)
		0 symbolic links
Status: Watching for changes
-------------------------------------------------------------------------------
Name: pc-ub1-mutagenmon
Identifier: sync_cqhCMHYAW113J2fcp4bhUwGVWfGtTVQqmgm2tBfy2Q7
Alpha:
	URL: C:\sources\mutagenMon
	Connected: Yes
	Synchronizable contents:
		41 directories
		161 files (2.0 MB)
		0 symbolic links
	Scan problems: 1
Beta:
	URL: tparent@pc-ub1:sources/mutagenMon
	Connected: Yes
	Synchronizable contents:
		41 directories
		161 files (2.2 MB)
		0 symbolic links
Conflicts: 1
Status: Watching for changes
-------------------------------------------------------------------------------

2026-08-17 16:53:58.284 +02:00 [INF] MutagenMon.Core.Monitoring.SessionMonitorService: Session 'pc-ub1-appman' status: Watching for changes, hasProblem: False, HasConflicts: False
2026-08-17 16:53:58.285 +02:00 [INF] MutagenMon.Core.Monitoring.SessionMonitorService: Session 'pc-ub1-mutagenmon' status: Watching for changes, hasProblem: False, HasConflicts: True
2026-08-17 16:53:58.287 +02:00 [INF] MutagenMon.Core.Monitoring.SessionMonitorService: Poll succeeded: worst=Conflicts, enabled=True, profileUpdated=False
2026-08-17 16:53:59.277 +02:00 [INF] MutagenMon.Core.Monitoring.SessionMonitorService: -------------------------------------------------------------------------------
Name: pc-ub1-appman
Identifier: sync_WpA0olCvqvjQEQWEI4okSZRpusFT7rL8lQ4GYhZtaLh
Alpha:
	URL: C:\sources\appman
	Connected: Yes
	Synchronizable contents:
		904 directories
		2351 files (206 MB)
		0 symbolic links
Beta:
	URL: tparent@pc-ub1:sources/appman
	Connected: Yes
	Synchronizable contents:
		904 directories
		2351 files (206 MB)
		0 symbolic links
Status: Watching for changes
-------------------------------------------------------------------------------
Name: pc-ub1-mutagenmon
Identifier: sync_cqhCMHYAW113J2fcp4bhUwGVWfGtTVQqmgm2tBfy2Q7
Alpha:
	URL: C:\sources\mutagenMon
	Connected: Yes
	Synchronizable contents:
		41 directories
		161 files (2.0 MB)
		0 symbolic links
	Scan problems: 1
Beta:
	URL: tparent@pc-ub1:sources/mutagenMon
	Connected: Yes
	Synchronizable contents:
		41 directories
		161 files (2.2 MB)
		0 symbolic links
Conflicts: 1
Status: Watching for changes
-------------------------------------------------------------------------------

2026-08-17 16:53:59.280 +02:00 [INF] MutagenMon.Core.Monitoring.SessionMonitorService: Session 'pc-ub1-appman' status: Watching for changes, hasProblem: False, HasConflicts: False
2026-08-17 16:53:59.283 +02:00 [INF] MutagenMon.Core.Monitoring.SessionMonitorService: Session 'pc-ub1-mutagenmon' status: Watching for changes, hasProblem: False, HasConflicts: True
2026-08-17 16:53:59.286 +02:00 [INF] MutagenMon.Core.Monitoring.SessionMonitorService: Poll succeeded: worst=Conflicts, enabled=True, profileUpdated=False
2026-08-17 16:54:00.291 +02:00 [INF] MutagenMon.Core.Monitoring.SessionMonitorService: -------------------------------------------------------------------------------
Name: pc-ub1-appman
Identifier: sync_WpA0olCvqvjQEQWEI4okSZRpusFT7rL8lQ4GYhZtaLh
Alpha:
	URL: C:\sources\appman
	Connected: Yes
	Synchronizable contents:
		904 directories
		2351 files (206 MB)
		0 symbolic links
Beta:
	URL: tparent@pc-ub1:sources/appman
	Connected: Yes
	Synchronizable contents:
		904 directories
		2351 files (206 MB)
		0 symbolic links
Status: Watching for changes
-------------------------------------------------------------------------------
Name: pc-ub1-mutagenmon
Identifier: sync_cqhCMHYAW113J2fcp4bhUwGVWfGtTVQqmgm2tBfy2Q7
Alpha:
	URL: C:\sources\mutagenMon
	Connected: Yes
	Synchronizable contents:
		41 directories
		161 files (2.0 MB)
		0 symbolic links
	Scan problems: 1
Beta:
	URL: tparent@pc-ub1:sources/mutagenMon
	Connected: Yes
	Synchronizable contents:
		41 directories
		161 files (2.2 MB)
		0 symbolic links
Conflicts: 1
Status: Watching for changes
-------------------------------------------------------------------------------

2026-08-17 16:54:00.293 +02:00 [INF] MutagenMon.Core.Monitoring.SessionMonitorService: Session 'pc-ub1-appman' status: Watching for changes, hasProblem: False, HasConflicts: False
2026-08-17 16:54:00.295 +02:00 [INF] MutagenMon.Core.Monitoring.SessionMonitorService: Session 'pc-ub1-mutagenmon' status: Watching for changes, hasProblem: False, HasConflicts: True
2026-08-17 16:54:00.298 +02:00 [INF] MutagenMon.Core.Monitoring.SessionMonitorService: Poll succeeded: worst=Conflicts, enabled=True, profileUpdated=False
2026-08-17 16:54:01.300 +02:00 [INF] MutagenMon.Core.Monitoring.SessionMonitorService: -------------------------------------------------------------------------------
Name: pc-ub1-appman
Identifier: sync_WpA0olCvqvjQEQWEI4okSZRpusFT7rL8lQ4GYhZtaLh
Alpha:
	URL: C:\sources\appman
	Connected: Yes
	Synchronizable contents:
		904 directories
		2351 files (206 MB)
		0 symbolic links
Beta:
	URL: tparent@pc-ub1:sources/appman
	Connected: Yes
	Synchronizable contents:
		904 directories
		2351 files (206 MB)
		0 symbolic links
Status: Watching for changes
-------------------------------------------------------------------------------
Name: pc-ub1-mutagenmon
Identifier: sync_cqhCMHYAW113J2fcp4bhUwGVWfGtTVQqmgm2tBfy2Q7
Alpha:
	URL: C:\sources\mutagenMon
	Connected: Yes
	Synchronizable contents:
		41 directories
		161 files (2.0 MB)
		0 symbolic links
	Scan problems: 1
Beta:
	URL: tparent@pc-ub1:sources/mutagenMon
	Connected: Yes
	Synchronizable contents:
		41 directories
		161 files (2.2 MB)
		0 symbolic links
Conflicts: 1
Status: Watching for changes
-------------------------------------------------------------------------------

2026-08-17 16:54:01.303 +02:00 [INF] MutagenMon.Core.Monitoring.SessionMonitorService: Session 'pc-ub1-appman' status: Watching for changes, hasProblem: False, HasConflicts: False
2026-08-17 16:54:01.306 +02:00 [INF] MutagenMon.Core.Monitoring.SessionMonitorService: Session 'pc-ub1-mutagenmon' status: Watching for changes, hasProblem: False, HasConflicts: True
2026-08-17 16:54:01.309 +02:00 [INF] MutagenMon.Core.Monitoring.SessionMonitorService: Poll succeeded: worst=Conflicts, enabled=True, profileUpdated=False
2026-08-17 16:54:02.300 +02:00 [INF] MutagenMon.Core.Monitoring.SessionMonitorService: -------------------------------------------------------------------------------
Name: pc-ub1-appman
Identifier: sync_WpA0olCvqvjQEQWEI4okSZRpusFT7rL8lQ4GYhZtaLh
Alpha:
	URL: C:\sources\appman
	Connected: Yes
	Synchronizable contents:
		904 directories
		2351 files (206 MB)
		0 symbolic links
Beta:
	URL: tparent@pc-ub1:sources/appman
	Connected: Yes
	Synchronizable contents:
		904 directories
		2351 files (206 MB)
		0 symbolic links
Status: Watching for changes
-------------------------------------------------------------------------------
Name: pc-ub1-mutagenmon
Identifier: sync_cqhCMHYAW113J2fcp4bhUwGVWfGtTVQqmgm2tBfy2Q7
Alpha:
	URL: C:\sources\mutagenMon
	Connected: Yes
	Synchronizable contents:
		41 directories
		161 files (2.1 MB)
		0 symbolic links
	Scan problems: 1
Beta:
	URL: tparent@pc-ub1:sources/mutagenMon
	Connected: Yes
	Synchronizable contents:
		41 directories
		161 files (2.2 MB)
		0 symbolic links
Conflicts: 1
Status: Watching for changes
-------------------------------------------------------------------------------

2026-08-17 16:54:02.303 +02:00 [INF] MutagenMon.Core.Monitoring.SessionMonitorService: Session 'pc-ub1-appman' status: Watching for changes, hasProblem: False, HasConflicts: False
2026-08-17 16:54:02.304 +02:00 [INF] MutagenMon.Core.Monitoring.SessionMonitorService: Session 'pc-ub1-mutagenmon' status: Watching for changes, hasProblem: False, HasConflicts: True
2026-08-17 16:54:02.306 +02:00 [INF] MutagenMon.Core.Monitoring.SessionMonitorService: Poll succeeded: worst=Conflicts, enabled=True, profileUpdated=False
2026-08-17 16:54:03.273 +02:00 [INF] MutagenMon.Core.Monitoring.SessionMonitorService: -------------------------------------------------------------------------------
Name: pc-ub1-appman
Identifier: sync_WpA0olCvqvjQEQWEI4okSZRpusFT7rL8lQ4GYhZtaLh
Alpha:
	URL: C:\sources\appman
	Connected: Yes
	Synchronizable contents:
		904 directories
		2351 files (206 MB)
		0 symbolic links
Beta:
	URL: tparent@pc-ub1:sources/appman
	Connected: Yes
	Synchronizable contents:
		904 directories
		2351 files (206 MB)
		0 symbolic links
Status: Watching for changes
-------------------------------------------------------------------------------
Name: pc-ub1-mutagenmon
Identifier: sync_cqhCMHYAW113J2fcp4bhUwGVWfGtTVQqmgm2tBfy2Q7
Alpha:
	URL: C:\sources\mutagenMon
	Connected: Yes
	Synchronizable contents:
		41 directories
		161 files (2.1 MB)
		0 symbolic links
	Scan problems: 1
Beta:
	URL: tparent@pc-ub1:sources/mutagenMon
	Connected: Yes
	Synchronizable contents:
		41 directories
		161 files (2.2 MB)
		0 symbolic links
Conflicts: 1
Status: Watching for changes
-------------------------------------------------------------------------------

2026-08-17 16:54:03.275 +02:00 [INF] MutagenMon.Core.Monitoring.SessionMonitorService: Session 'pc-ub1-appman' status: Watching for changes, hasProblem: False, HasConflicts: False
2026-08-17 16:54:03.277 +02:00 [INF] MutagenMon.Core.Monitoring.SessionMonitorService: Session 'pc-ub1-mutagenmon' status: Watching for changes, hasProblem: False, HasConflicts: True
2026-08-17 16:54:03.280 +02:00 [INF] MutagenMon.Core.Monitoring.SessionMonitorService: Poll succeeded: worst=Conflicts, enabled=True, profileUpdated=False
2026-08-17 16:54:04.324 +02:00 [INF] MutagenMon.Core.Monitoring.SessionMonitorService: -------------------------------------------------------------------------------
Name: pc-ub1-appman
Identifier: sync_WpA0olCvqvjQEQWEI4okSZRpusFT7rL8lQ4GYhZtaLh
Alpha:
	URL: C:\sources\appman
	Connected: Yes
	Synchronizable contents:
		904 directories
		2351 files (206 MB)
		0 symbolic links
Beta:
	URL: tparent@pc-ub1:sources/appman
	Connected: Yes
	Synchronizable contents:
		904 directories
		2351 files (206 MB)
		0 symbolic links
Status: Watching for changes
-------------------------------------------------------------------------------
Name: pc-ub1-mutagenmon
Identifier: sync_cqhCMHYAW113J2fcp4bhUwGVWfGtTVQqmgm2tBfy2Q7
Alpha:
	URL: C:\sources\mutagenMon
	Connected: Yes
	Synchronizable contents:
		41 directories
		161 files (2.1 MB)
		0 symbolic links
	Scan problems: 1
Beta:
	URL: tparent@pc-ub1:sources/mutagenMon
	Connected: Yes
	Synchronizable contents:
		41 directories
		161 files (2.2 MB)
		0 symbolic links
Conflicts: 1
Status: Watching for changes
-------------------------------------------------------------------------------

2026-08-17 16:54:04.327 +02:00 [INF] MutagenMon.Core.Monitoring.SessionMonitorService: Session 'pc-ub1-appman' status: Watching for changes, hasProblem: False, HasConflicts: False
2026-08-17 16:54:04.329 +02:00 [INF] MutagenMon.Core.Monitoring.SessionMonitorService: Session 'pc-ub1-mutagenmon' status: Watching for changes, hasProblem: False, HasConflicts: True
2026-08-17 16:54:04.332 +02:00 [INF] MutagenMon.Core.Monitoring.SessionMonitorService: Poll succeeded: worst=Conflicts, enabled=True, profileUpdated=False
2026-08-17 16:54:05.287 +02:00 [INF] MutagenMon.Core.Monitoring.SessionMonitorService: -------------------------------------------------------------------------------
Name: pc-ub1-appman
Identifier: sync_WpA0olCvqvjQEQWEI4okSZRpusFT7rL8lQ4GYhZtaLh
Alpha:
	URL: C:\sources\appman
	Connected: Yes
	Synchronizable contents:
		904 directories
		2351 files (206 MB)
		0 symbolic links
Beta:
	URL: tparent@pc-ub1:sources/appman
	Connected: Yes
	Synchronizable contents:
		904 directories
		2351 files (206 MB)
		0 symbolic links
Status: Watching for changes
-------------------------------------------------------------------------------
Name: pc-ub1-mutagenmon
Identifier: sync_cqhCMHYAW113J2fcp4bhUwGVWfGtTVQqmgm2tBfy2Q7
Alpha:
	URL: C:\sources\mutagenMon
	Connected: Yes
	Synchronizable contents:
		41 directories
		161 files (2.1 MB)
		0 symbolic links
	Scan problems: 1
Beta:
	URL: tparent@pc-ub1:sources/mutagenMon
	Connected: Yes
	Synchronizable contents:
		41 directories
		161 files (2.2 MB)
		0 symbolic links
Conflicts: 1
Status: Watching for changes
-------------------------------------------------------------------------------

2026-08-17 16:54:05.290 +02:00 [INF] MutagenMon.Core.Monitoring.SessionMonitorService: Session 'pc-ub1-appman' status: Watching for changes, hasProblem: False, HasConflicts: False
2026-08-17 16:54:05.293 +02:00 [INF] MutagenMon.Core.Monitoring.SessionMonitorService: Session 'pc-ub1-mutagenmon' status: Watching for changes, hasProblem: False, HasConflicts: True
2026-08-17 16:54:05.296 +02:00 [INF] MutagenMon.Core.Monitoring.SessionMonitorService: Poll succeeded: worst=Conflicts, enabled=True, profileUpdated=False
2026-08-17 16:54:06.292 +02:00 [INF] MutagenMon.Core.Monitoring.SessionMonitorService: -------------------------------------------------------------------------------
Name: pc-ub1-appman
Identifier: sync_WpA0olCvqvjQEQWEI4okSZRpusFT7rL8lQ4GYhZtaLh
Alpha:
	URL: C:\sources\appman
	Connected: Yes
	Synchronizable contents:
		904 directories
		2351 files (206 MB)
		0 symbolic links
Beta:
	URL: tparent@pc-ub1:sources/appman
	Connected: Yes
	Synchronizable contents:
		904 directories
		2351 files (206 MB)
		0 symbolic links
Status: Watching for changes
-------------------------------------------------------------------------------
Name: pc-ub1-mutagenmon
Identifier: sync_cqhCMHYAW113J2fcp4bhUwGVWfGtTVQqmgm2tBfy2Q7
Alpha:
	URL: C:\sources\mutagenMon
	Connected: Yes
	Synchronizable contents:
		41 directories
		161 files (2.1 MB)
		0 symbolic links
	Scan problems: 1
Beta:
	URL: tparent@pc-ub1:sources/mutagenMon
	Connected: Yes
	Synchronizable contents:
		41 directories
		161 files (2.2 MB)
		0 symbolic links
Conflicts: 1
Status: Watching for changes
-------------------------------------------------------------------------------

2026-08-17 16:54:06.295 +02:00 [INF] MutagenMon.Core.Monitoring.SessionMonitorService: Session 'pc-ub1-appman' status: Watching for changes, hasProblem: False, HasConflicts: False
2026-08-17 16:54:06.297 +02:00 [INF] MutagenMon.Core.Monitoring.SessionMonitorService: Session 'pc-ub1-mutagenmon' status: Watching for changes, hasProblem: False, HasConflicts: True
2026-08-17 16:54:06.301 +02:00 [INF] MutagenMon.Core.Monitoring.SessionMonitorService: Poll succeeded: worst=Conflicts, enabled=True, profileUpdated=False
2026-08-17 16:54:07.291 +02:00 [INF] MutagenMon.Core.Monitoring.SessionMonitorService: -------------------------------------------------------------------------------
Name: pc-ub1-appman
Identifier: sync_WpA0olCvqvjQEQWEI4okSZRpusFT7rL8lQ4GYhZtaLh
Alpha:
	URL: C:\sources\appman
	Connected: Yes
	Synchronizable contents:
		904 directories
		2351 files (206 MB)
		0 symbolic links
Beta:
	URL: tparent@pc-ub1:sources/appman
	Connected: Yes
	Synchronizable contents:
		904 directories
		2351 files (206 MB)
		0 symbolic links
Status: Watching for changes
-------------------------------------------------------------------------------
Name: pc-ub1-mutagenmon
Identifier: sync_cqhCMHYAW113J2fcp4bhUwGVWfGtTVQqmgm2tBfy2Q7
Alpha:
	URL: C:\sources\mutagenMon
	Connected: Yes
	Synchronizable contents:
		41 directories
		161 files (2.1 MB)
		0 symbolic links
	Scan problems: 1
Beta:
	URL: tparent@pc-ub1:sources/mutagenMon
	Connected: Yes
	Synchronizable contents:
		41 directories
		161 files (2.2 MB)
		0 symbolic links
Conflicts: 1
Status: Watching for changes
-------------------------------------------------------------------------------

2026-08-17 16:54:07.294 +02:00 [INF] MutagenMon.Core.Monitoring.SessionMonitorService: Session 'pc-ub1-appman' status: Watching for changes, hasProblem: False, HasConflicts: False
2026-08-17 16:54:07.295 +02:00 [INF] MutagenMon.Core.Monitoring.SessionMonitorService: Session 'pc-ub1-mutagenmon' status: Watching for changes, hasProblem: False, HasConflicts: True
2026-08-17 16:54:07.299 +02:00 [INF] MutagenMon.Core.Monitoring.SessionMonitorService: Poll succeeded: worst=Conflicts, enabled=True, profileUpdated=False
2026-08-17 16:54:08.287 +02:00 [INF] MutagenMon.Core.Monitoring.SessionMonitorService: -------------------------------------------------------------------------------
Name: pc-ub1-appman
Identifier: sync_WpA0olCvqvjQEQWEI4okSZRpusFT7rL8lQ4GYhZtaLh
Alpha:
	URL: C:\sources\appman
	Connected: Yes
	Synchronizable contents:
		904 directories
		2351 files (206 MB)
		0 symbolic links
Beta:
	URL: tparent@pc-ub1:sources/appman
	Connected: Yes
	Synchronizable contents:
		904 directories
		2351 files (206 MB)
		0 symbolic links
Status: Watching for changes
-------------------------------------------------------------------------------
Name: pc-ub1-mutagenmon
Identifier: sync_cqhCMHYAW113J2fcp4bhUwGVWfGtTVQqmgm2tBfy2Q7
Alpha:
	URL: C:\sources\mutagenMon
	Connected: Yes
	Synchronizable contents:
		41 directories
		161 files (2.1 MB)
		0 symbolic links
	Scan problems: 1
Beta:
	URL: tparent@pc-ub1:sources/mutagenMon
	Connected: Yes
	Synchronizable contents:
		41 directories
		161 files (2.2 MB)
		0 symbolic links
Conflicts: 1
Status: Watching for changes
-------------------------------------------------------------------------------

2026-08-17 16:54:08.289 +02:00 [INF] MutagenMon.Core.Monitoring.SessionMonitorService: Session 'pc-ub1-appman' status: Watching for changes, hasProblem: False, HasConflicts: False
2026-08-17 16:54:08.291 +02:00 [INF] MutagenMon.Core.Monitoring.SessionMonitorService: Session 'pc-ub1-mutagenmon' status: Watching for changes, hasProblem: False, HasConflicts: True
2026-08-17 16:54:08.294 +02:00 [INF] MutagenMon.Core.Monitoring.SessionMonitorService: Poll succeeded: worst=Conflicts, enabled=True, profileUpdated=False
2026-08-17 16:54:09.294 +02:00 [INF] MutagenMon.Core.Monitoring.SessionMonitorService: -------------------------------------------------------------------------------
Name: pc-ub1-appman
Identifier: sync_WpA0olCvqvjQEQWEI4okSZRpusFT7rL8lQ4GYhZtaLh
Alpha:
	URL: C:\sources\appman
	Connected: Yes
	Synchronizable contents:
		904 directories
		2351 files (206 MB)
		0 symbolic links
Beta:
	URL: tparent@pc-ub1:sources/appman
	Connected: Yes
	Synchronizable contents:
		904 directories
		2351 files (206 MB)
		0 symbolic links
Status: Watching for changes
-------------------------------------------------------------------------------
Name: pc-ub1-mutagenmon
Identifier: sync_cqhCMHYAW113J2fcp4bhUwGVWfGtTVQqmgm2tBfy2Q7
Alpha:
	URL: C:\sources\mutagenMon
	Connected: Yes
	Synchronizable contents:
		41 directories
		161 files (2.1 MB)
		0 symbolic links
	Scan problems: 1
Beta:
	URL: tparent@pc-ub1:sources/mutagenMon
	Connected: Yes
	Synchronizable contents:
		41 directories
		161 files (2.2 MB)
		0 symbolic links
Conflicts: 1
Status: Watching for changes
-------------------------------------------------------------------------------

2026-08-17 16:54:09.296 +02:00 [INF] MutagenMon.Core.Monitoring.SessionMonitorService: Session 'pc-ub1-appman' status: Watching for changes, hasProblem: False, HasConflicts: False
2026-08-17 16:54:09.298 +02:00 [INF] MutagenMon.Core.Monitoring.SessionMonitorService: Session 'pc-ub1-mutagenmon' status: Watching for changes, hasProblem: False, HasConflicts: True
2026-08-17 16:54:09.301 +02:00 [INF] MutagenMon.Core.Monitoring.SessionMonitorService: Poll succeeded: worst=Conflicts, enabled=True, profileUpdated=False
2026-08-17 16:54:10.292 +02:00 [INF] MutagenMon.Core.Monitoring.SessionMonitorService: -------------------------------------------------------------------------------
Name: pc-ub1-appman
Identifier: sync_WpA0olCvqvjQEQWEI4okSZRpusFT7rL8lQ4GYhZtaLh
Alpha:
	URL: C:\sources\appman
	Connected: Yes
	Synchronizable contents:
		904 directories
		2351 files (206 MB)
		0 symbolic links
Beta:
	URL: tparent@pc-ub1:sources/appman
	Connected: Yes
	Synchronizable contents:
		904 directories
		2351 files (206 MB)
		0 symbolic links
Status: Watching for changes
-------------------------------------------------------------------------------
Name: pc-ub1-mutagenmon
Identifier: sync_cqhCMHYAW113J2fcp4bhUwGVWfGtTVQqmgm2tBfy2Q7
Alpha:
	URL: C:\sources\mutagenMon
	Connected: Yes
	Synchronizable contents:
		41 directories
		161 files (2.1 MB)
		0 symbolic links
	Scan problems: 1
Beta:
	URL: tparent@pc-ub1:sources/mutagenMon
	Connected: Yes
	Synchronizable contents:
		41 directories
		161 files (2.2 MB)
		0 symbolic links
Conflicts: 1
Status: Watching for changes
-------------------------------------------------------------------------------

2026-08-17 16:54:10.294 +02:00 [INF] MutagenMon.Core.Monitoring.SessionMonitorService: Session 'pc-ub1-appman' status: Watching for changes, hasProblem: False, HasConflicts: False
2026-08-17 16:54:10.295 +02:00 [INF] MutagenMon.Core.Monitoring.SessionMonitorService: Session 'pc-ub1-mutagenmon' status: Watching for changes, hasProblem: False, HasConflicts: True
2026-08-17 16:54:10.298 +02:00 [INF] MutagenMon.Core.Monitoring.SessionMonitorService: Poll succeeded: worst=Conflicts, enabled=True, profileUpdated=False
2026-08-17 16:54:11.276 +02:00 [INF] MutagenMon.Core.Monitoring.SessionMonitorService: -------------------------------------------------------------------------------
Name: pc-ub1-appman
Identifier: sync_WpA0olCvqvjQEQWEI4okSZRpusFT7rL8lQ4GYhZtaLh
Alpha:
	URL: C:\sources\appman
	Connected: Yes
	Synchronizable contents:
		904 directories
		2351 files (206 MB)
		0 symbolic links
Beta:
	URL: tparent@pc-ub1:sources/appman
	Connected: Yes
	Synchronizable contents:
		904 directories
		2351 files (206 MB)
		0 symbolic links
Status: Watching for changes
-------------------------------------------------------------------------------
Name: pc-ub1-mutagenmon
Identifier: sync_cqhCMHYAW113J2fcp4bhUwGVWfGtTVQqmgm2tBfy2Q7
Alpha:
	URL: C:\sources\mutagenMon
	Connected: Yes
	Synchronizable contents:
		41 directories
		161 files (2.1 MB)
		0 symbolic links
	Scan problems: 1
Beta:
	URL: tparent@pc-ub1:sources/mutagenMon
	Connected: Yes
	Synchronizable contents:
		41 directories
		161 files (2.2 MB)
		0 symbolic links
Conflicts: 1
Status: Watching for changes
-------------------------------------------------------------------------------

2026-08-17 16:54:11.278 +02:00 [INF] MutagenMon.Core.Monitoring.SessionMonitorService: Session 'pc-ub1-appman' status: Watching for changes, hasProblem: False, HasConflicts: False
2026-08-17 16:54:11.281 +02:00 [INF] MutagenMon.Core.Monitoring.SessionMonitorService: Session 'pc-ub1-mutagenmon' status: Watching for changes, hasProblem: False, HasConflicts: True
2026-08-17 16:54:11.284 +02:00 [INF] MutagenMon.Core.Monitoring.SessionMonitorService: Poll succeeded: worst=Conflicts, enabled=True, profileUpdated=False
2026-08-17 16:54:12.295 +02:00 [INF] MutagenMon.Core.Monitoring.SessionMonitorService: -------------------------------------------------------------------------------
Name: pc-ub1-appman
Identifier: sync_WpA0olCvqvjQEQWEI4okSZRpusFT7rL8lQ4GYhZtaLh
Alpha:
	URL: C:\sources\appman
	Connected: Yes
	Synchronizable contents:
		904 directories
		2351 files (206 MB)
		0 symbolic links
Beta:
	URL: tparent@pc-ub1:sources/appman
	Connected: Yes
	Synchronizable contents:
		904 directories
		2351 files (206 MB)
		0 symbolic links
Status: Watching for changes
-------------------------------------------------------------------------------
Name: pc-ub1-mutagenmon
Identifier: sync_cqhCMHYAW113J2fcp4bhUwGVWfGtTVQqmgm2tBfy2Q7
Alpha:
	URL: C:\sources\mutagenMon
	Connected: Yes
	Synchronizable contents:
		41 directories
		161 files (2.1 MB)
		0 symbolic links
	Scan problems: 1
Beta:
	URL: tparent@pc-ub1:sources/mutagenMon
	Connected: Yes
	Synchronizable contents:
		41 directories
		161 files (2.2 MB)
		0 symbolic links
Conflicts: 1
Status: Watching for changes
-------------------------------------------------------------------------------

2026-08-17 16:54:12.299 +02:00 [INF] MutagenMon.Core.Monitoring.SessionMonitorService: Session 'pc-ub1-appman' status: Watching for changes, hasProblem: False, HasConflicts: False
2026-08-17 16:54:12.304 +02:00 [INF] MutagenMon.Core.Monitoring.SessionMonitorService: Session 'pc-ub1-mutagenmon' status: Watching for changes, hasProblem: False, HasConflicts: True
2026-08-17 16:54:12.307 +02:00 [INF] MutagenMon.Core.Monitoring.SessionMonitorService: Poll succeeded: worst=Conflicts, enabled=True, profileUpdated=False
2026-08-17 16:54:13.282 +02:00 [INF] MutagenMon.Core.Monitoring.SessionMonitorService: -------------------------------------------------------------------------------
Name: pc-ub1-appman
Identifier: sync_WpA0olCvqvjQEQWEI4okSZRpusFT7rL8lQ4GYhZtaLh
Alpha:
	URL: C:\sources\appman
	Connected: Yes
	Synchronizable contents:
		904 directories
		2351 files (206 MB)
		0 symbolic links
Beta:
	URL: tparent@pc-ub1:sources/appman
	Connected: Yes
	Synchronizable contents:
		904 directories
		2351 files (206 MB)
		0 symbolic links
Status: Watching for changes
-------------------------------------------------------------------------------
Name: pc-ub1-mutagenmon
Identifier: sync_cqhCMHYAW113J2fcp4bhUwGVWfGtTVQqmgm2tBfy2Q7
Alpha:
	URL: C:\sources\mutagenMon
	Connected: Yes
	Synchronizable contents:
		41 directories
		161 files (2.1 MB)
		0 symbolic links
	Scan problems: 1
Beta:
	URL: tparent@pc-ub1:sources/mutagenMon
	Connected: Yes
	Synchronizable contents:
		41 directories
		161 files (2.2 MB)
		0 symbolic links
Conflicts: 1
Status: Watching for changes
-------------------------------------------------------------------------------

2026-08-17 16:54:13.285 +02:00 [INF] MutagenMon.Core.Monitoring.SessionMonitorService: Session 'pc-ub1-appman' status: Watching for changes, hasProblem: False, HasConflicts: False
2026-08-17 16:54:13.287 +02:00 [INF] MutagenMon.Core.Monitoring.SessionMonitorService: Session 'pc-ub1-mutagenmon' status: Watching for changes, hasProblem: False, HasConflicts: True
2026-08-17 16:54:13.290 +02:00 [INF] MutagenMon.Core.Monitoring.SessionMonitorService: Poll succeeded: worst=Conflicts, enabled=True, profileUpdated=False
2026-08-17 16:54:14.345 +02:00 [INF] MutagenMon.Core.Monitoring.SessionMonitorService: -------------------------------------------------------------------------------
Name: pc-ub1-appman
Identifier: sync_WpA0olCvqvjQEQWEI4okSZRpusFT7rL8lQ4GYhZtaLh
Alpha:
	URL: C:\sources\appman
	Connected: Yes
	Synchronizable contents:
		904 directories
		2351 files (206 MB)
		0 symbolic links
Beta:
	URL: tparent@pc-ub1:sources/appman
	Connected: Yes
	Synchronizable contents:
		904 directories
		2351 files (206 MB)
		0 symbolic links
Status: Watching for changes
-------------------------------------------------------------------------------
Name: pc-ub1-mutagenmon
Identifier: sync_cqhCMHYAW113J2fcp4bhUwGVWfGtTVQqmgm2tBfy2Q7
Alpha:
	URL: C:\sources\mutagenMon
	Connected: Yes
	Synchronizable contents:
		41 directories
		161 files (2.1 MB)
		0 symbolic links
	Scan problems: 1
Beta:
	URL: tparent@pc-ub1:sources/mutagenMon
	Connected: Yes
	Synchronizable contents:
		41 directories
		161 files (2.2 MB)
		0 symbolic links
Conflicts: 1
Status: Watching for changes
-------------------------------------------------------------------------------

2026-08-17 16:54:14.349 +02:00 [INF] MutagenMon.Core.Monitoring.SessionMonitorService: Session 'pc-ub1-appman' status: Watching for changes, hasProblem: False, HasConflicts: False
2026-08-17 16:54:14.352 +02:00 [INF] MutagenMon.Core.Monitoring.SessionMonitorService: Session 'pc-ub1-mutagenmon' status: Watching for changes, hasProblem: False, HasConflicts: True
2026-08-17 16:54:14.357 +02:00 [INF] MutagenMon.Core.Monitoring.SessionMonitorService: Poll succeeded: worst=Conflicts, enabled=True, profileUpdated=False
2026-08-17 16:54:15.274 +02:00 [INF] MutagenMon.Core.Monitoring.SessionMonitorService: -------------------------------------------------------------------------------
Name: pc-ub1-appman
Identifier: sync_WpA0olCvqvjQEQWEI4okSZRpusFT7rL8lQ4GYhZtaLh
Alpha:
	URL: C:\sources\appman
	Connected: Yes
	Synchronizable contents:
		904 directories
		2351 files (206 MB)
		0 symbolic links
Beta:
	URL: tparent@pc-ub1:sources/appman
	Connected: Yes
	Synchronizable contents:
		904 directories
		2351 files (206 MB)
		0 symbolic links
Status: Watching for changes
-------------------------------------------------------------------------------
Name: pc-ub1-mutagenmon
Identifier: sync_cqhCMHYAW113J2fcp4bhUwGVWfGtTVQqmgm2tBfy2Q7
Alpha:
	URL: C:\sources\mutagenMon
	Connected: Yes
	Synchronizable contents:
		41 directories
		161 files (2.1 MB)
		0 symbolic links
	Scan problems: 1
Beta:
	URL: tparent@pc-ub1:sources/mutagenMon
	Connected: Yes
	Synchronizable contents:
		41 directories
		161 files (2.2 MB)
		0 symbolic links
Conflicts: 1
Status: Watching for changes
-------------------------------------------------------------------------------

2026-08-17 16:54:15.277 +02:00 [INF] MutagenMon.Core.Monitoring.SessionMonitorService: Session 'pc-ub1-appman' status: Watching for changes, hasProblem: False, HasConflicts: False
2026-08-17 16:54:15.281 +02:00 [INF] MutagenMon.Core.Monitoring.SessionMonitorService: Session 'pc-ub1-mutagenmon' status: Watching for changes, hasProblem: False, HasConflicts: True
2026-08-17 16:54:15.287 +02:00 [INF] MutagenMon.Core.Monitoring.SessionMonitorService: Poll succeeded: worst=Conflicts, enabled=True, profileUpdated=False
2026-08-17 16:54:16.333 +02:00 [INF] MutagenMon.Core.Monitoring.SessionMonitorService: -------------------------------------------------------------------------------
Name: pc-ub1-appman
Identifier: sync_WpA0olCvqvjQEQWEI4okSZRpusFT7rL8lQ4GYhZtaLh
Alpha:
	URL: C:\sources\appman
	Connected: Yes
	Synchronizable contents:
		904 directories
		2351 files (206 MB)
		0 symbolic links
Beta:
	URL: tparent@pc-ub1:sources/appman
	Connected: Yes
	Synchronizable contents:
		904 directories
		2351 files (206 MB)
		0 symbolic links
Status: Watching for changes
-------------------------------------------------------------------------------
Name: pc-ub1-mutagenmon
Identifier: sync_cqhCMHYAW113J2fcp4bhUwGVWfGtTVQqmgm2tBfy2Q7
Alpha:
	URL: C:\sources\mutagenMon
	Connected: Yes
	Synchronizable contents:
		41 directories
		161 files (2.1 MB)
		0 symbolic links
	Scan problems: 1
Beta:
	URL: tparent@pc-ub1:sources/mutagenMon
	Connected: Yes
	Synchronizable contents:
		41 directories
		161 files (2.2 MB)
		0 symbolic links
Conflicts: 1
Status: Watching for changes
-------------------------------------------------------------------------------

2026-08-17 16:54:16.336 +02:00 [INF] MutagenMon.Core.Monitoring.SessionMonitorService: Session 'pc-ub1-appman' status: Watching for changes, hasProblem: False, HasConflicts: False
2026-08-17 16:54:16.339 +02:00 [INF] MutagenMon.Core.Monitoring.SessionMonitorService: Session 'pc-ub1-mutagenmon' status: Watching for changes, hasProblem: False, HasConflicts: True
2026-08-17 16:54:16.342 +02:00 [INF] MutagenMon.Core.Monitoring.SessionMonitorService: Poll succeeded: worst=Conflicts, enabled=True, profileUpdated=False
2026-08-17 16:54:17.236 +02:00 [INF] MutagenMon.Core.Monitoring.SessionMonitorService: -------------------------------------------------------------------------------
Name: pc-ub1-appman
Identifier: sync_WpA0olCvqvjQEQWEI4okSZRpusFT7rL8lQ4GYhZtaLh
Alpha:
	URL: C:\sources\appman
	Connected: Yes
	Synchronizable contents:
		904 directories
		2351 files (206 MB)
		0 symbolic links
Beta:
	URL: tparent@pc-ub1:sources/appman
	Connected: Yes
	Synchronizable contents:
		904 directories
		2351 files (206 MB)
		0 symbolic links
Status: Watching for changes
-------------------------------------------------------------------------------
Name: pc-ub1-mutagenmon
Identifier: sync_cqhCMHYAW113J2fcp4bhUwGVWfGtTVQqmgm2tBfy2Q7
Alpha:
	URL: C:\sources\mutagenMon
	Connected: Yes
	Synchronizable contents:
		41 directories
		161 files (2.1 MB)
		0 symbolic links
	Scan problems: 1
Beta:
	URL: tparent@pc-ub1:sources/mutagenMon
	Connected: Yes
	Synchronizable contents:
		41 directories
		161 files (2.2 MB)
		0 symbolic links
Conflicts: 1
Status: Watching for changes
-------------------------------------------------------------------------------

2026-08-17 16:54:17.239 +02:00 [INF] MutagenMon.Core.Monitoring.SessionMonitorService: Session 'pc-ub1-appman' status: Watching for changes, hasProblem: False, HasConflicts: False
2026-08-17 16:54:17.242 +02:00 [INF] MutagenMon.Core.Monitoring.SessionMonitorService: Session 'pc-ub1-mutagenmon' status: Watching for changes, hasProblem: False, HasConflicts: True
2026-08-17 16:54:17.245 +02:00 [INF] MutagenMon.Core.Monitoring.SessionMonitorService: Poll succeeded: worst=Conflicts, enabled=True, profileUpdated=False
2026-08-17 16:54:18.401 +02:00 [INF] MutagenMon.Core.Monitoring.SessionMonitorService: -------------------------------------------------------------------------------
Name: pc-ub1-appman
Identifier: sync_WpA0olCvqvjQEQWEI4okSZRpusFT7rL8lQ4GYhZtaLh
Alpha:
	URL: C:\sources\appman
	Connected: Yes
	Synchronizable contents:
		904 directories
		2351 files (206 MB)
		0 symbolic links
Beta:
	URL: tparent@pc-ub1:sources/appman
	Connected: Yes
	Synchronizable contents:
		904 directories
		2351 files (206 MB)
		0 symbolic links
Status: Watching for changes
-------------------------------------------------------------------------------
Name: pc-ub1-mutagenmon
Identifier: sync_cqhCMHYAW113J2fcp4bhUwGVWfGtTVQqmgm2tBfy2Q7
Alpha:
	URL: C:\sources\mutagenMon
	Connected: Yes
	Synchronizable contents:
		41 directories
		161 files (2.1 MB)
		0 symbolic links
	Scan problems: 1
Beta:
	URL: tparent@pc-ub1:sources/mutagenMon
	Connected: Yes
	Synchronizable contents:
		41 directories
		161 files (2.2 MB)
		0 symbolic links
Conflicts: 1
Status: Watching for changes
-------------------------------------------------------------------------------

2026-08-17 16:54:18.407 +02:00 [INF] MutagenMon.Core.Monitoring.SessionMonitorService: Session 'pc-ub1-appman' status: Watching for changes, hasProblem: False, HasConflicts: False
2026-08-17 16:54:18.411 +02:00 [INF] MutagenMon.Core.Monitoring.SessionMonitorService: Session 'pc-ub1-mutagenmon' status: Watching for changes, hasProblem: False, HasConflicts: True
2026-08-17 16:54:18.415 +02:00 [INF] MutagenMon.Core.Monitoring.SessionMonitorService: Poll succeeded: worst=Conflicts, enabled=True, profileUpdated=False
2026-08-17 16:54:19.356 +02:00 [INF] MutagenMon.Core.Monitoring.SessionMonitorService: -------------------------------------------------------------------------------
Name: pc-ub1-appman
Identifier: sync_WpA0olCvqvjQEQWEI4okSZRpusFT7rL8lQ4GYhZtaLh
Alpha:
	URL: C:\sources\appman
	Connected: Yes
	Synchronizable contents:
		904 directories
		2351 files (206 MB)
		0 symbolic links
Beta:
	URL: tparent@pc-ub1:sources/appman
	Connected: Yes
	Synchronizable contents:
		904 directories
		2351 files (206 MB)
		0 symbolic links
Status: Watching for changes
-------------------------------------------------------------------------------
Name: pc-ub1-mutagenmon
Identifier: sync_cqhCMHYAW113J2fcp4bhUwGVWfGtTVQqmgm2tBfy2Q7
Alpha:
	URL: C:\sources\mutagenMon
	Connected: Yes
	Synchronizable contents:
		41 directories
		161 files (2.1 MB)
		0 symbolic links
	Scan problems: 1
Beta:
	URL: tparent@pc-ub1:sources/mutagenMon
	Connected: Yes
	Synchronizable contents:
		41 directories
		161 files (2.2 MB)
		0 symbolic links
Conflicts: 1
Status: Watching for changes
-------------------------------------------------------------------------------

2026-08-17 16:54:19.362 +02:00 [INF] MutagenMon.Core.Monitoring.SessionMonitorService: Session 'pc-ub1-appman' status: Watching for changes, hasProblem: False, HasConflicts: False
2026-08-17 16:54:19.365 +02:00 [INF] MutagenMon.Core.Monitoring.SessionMonitorService: Session 'pc-ub1-mutagenmon' status: Watching for changes, hasProblem: False, HasConflicts: True
2026-08-17 16:54:19.369 +02:00 [INF] MutagenMon.Core.Monitoring.SessionMonitorService: Poll succeeded: worst=Conflicts, enabled=True, profileUpdated=False
2026-08-17 16:54:20.319 +02:00 [INF] MutagenMon.Core.Monitoring.SessionMonitorService: -------------------------------------------------------------------------------
Name: pc-ub1-appman
Identifier: sync_WpA0olCvqvjQEQWEI4okSZRpusFT7rL8lQ4GYhZtaLh
Alpha:
	URL: C:\sources\appman
	Connected: Yes
	Synchronizable contents:
		904 directories
		2351 files (206 MB)
		0 symbolic links
Beta:
	URL: tparent@pc-ub1:sources/appman
	Connected: Yes
	Synchronizable contents:
		904 directories
		2351 files (206 MB)
		0 symbolic links
Status: Watching for changes
-------------------------------------------------------------------------------
Name: pc-ub1-mutagenmon
Identifier: sync_cqhCMHYAW113J2fcp4bhUwGVWfGtTVQqmgm2tBfy2Q7
Alpha:
	URL: C:\sources\mutagenMon
	Connected: Yes
	Synchronizable contents:
		41 directories
		161 files (2.1 MB)
		0 symbolic links
	Scan problems: 1
Beta:
	URL: tparent@pc-ub1:sources/mutagenMon
	Connected: Yes
	Synchronizable contents:
		41 directories
		161 files (2.2 MB)
		0 symbolic links
Conflicts: 1
Status: Watching for changes
-------------------------------------------------------------------------------

2026-08-17 16:54:20.322 +02:00 [INF] MutagenMon.Core.Monitoring.SessionMonitorService: Session 'pc-ub1-appman' status: Watching for changes, hasProblem: False, HasConflicts: False
2026-08-17 16:54:20.325 +02:00 [INF] MutagenMon.Core.Monitoring.SessionMonitorService: Session 'pc-ub1-mutagenmon' status: Watching for changes, hasProblem: False, HasConflicts: True
2026-08-17 16:54:20.329 +02:00 [INF] MutagenMon.Core.Monitoring.SessionMonitorService: Poll succeeded: worst=Conflicts, enabled=True, profileUpdated=False
2026-08-17 16:54:21.323 +02:00 [INF] MutagenMon.Core.Monitoring.SessionMonitorService: -------------------------------------------------------------------------------
Name: pc-ub1-appman
Identifier: sync_WpA0olCvqvjQEQWEI4okSZRpusFT7rL8lQ4GYhZtaLh
Alpha:
	URL: C:\sources\appman
	Connected: Yes
	Synchronizable contents:
		904 directories
		2351 files (206 MB)
		0 symbolic links
Beta:
	URL: tparent@pc-ub1:sources/appman
	Connected: Yes
	Synchronizable contents:
		904 directories
		2351 files (206 MB)
		0 symbolic links
Status: Watching for changes
-------------------------------------------------------------------------------
Name: pc-ub1-mutagenmon
Identifier: sync_cqhCMHYAW113J2fcp4bhUwGVWfGtTVQqmgm2tBfy2Q7
Alpha:
	URL: C:\sources\mutagenMon
	Connected: Yes
	Synchronizable contents:
		41 directories
		161 files (2.1 MB)
		0 symbolic links
	Scan problems: 1
Beta:
	URL: tparent@pc-ub1:sources/mutagenMon
	Connected: Yes
	Synchronizable contents:
		41 directories
		161 files (2.2 MB)
		0 symbolic links
Conflicts: 1
Status: Watching for changes
-------------------------------------------------------------------------------

2026-08-17 16:54:21.325 +02:00 [INF] MutagenMon.Core.Monitoring.SessionMonitorService: Session 'pc-ub1-appman' status: Watching for changes, hasProblem: False, HasConflicts: False
2026-08-17 16:54:21.327 +02:00 [INF] MutagenMon.Core.Monitoring.SessionMonitorService: Session 'pc-ub1-mutagenmon' status: Watching for changes, hasProblem: False, HasConflicts: True
2026-08-17 16:54:21.329 +02:00 [INF] MutagenMon.Core.Monitoring.SessionMonitorService: Poll succeeded: worst=Conflicts, enabled=True, profileUpdated=False
2026-08-17 16:54:22.287 +02:00 [INF] MutagenMon.Core.Monitoring.SessionMonitorService: -------------------------------------------------------------------------------
Name: pc-ub1-appman
Identifier: sync_WpA0olCvqvjQEQWEI4okSZRpusFT7rL8lQ4GYhZtaLh
Alpha:
	URL: C:\sources\appman
	Connected: Yes
	Synchronizable contents:
		904 directories
		2351 files (206 MB)
		0 symbolic links
Beta:
	URL: tparent@pc-ub1:sources/appman
	Connected: Yes
	Synchronizable contents:
		904 directories
		2351 files (206 MB)
		0 symbolic links
Status: Watching for changes
-------------------------------------------------------------------------------
Name: pc-ub1-mutagenmon
Identifier: sync_cqhCMHYAW113J2fcp4bhUwGVWfGtTVQqmgm2tBfy2Q7
Alpha:
	URL: C:\sources\mutagenMon
	Connected: Yes
	Synchronizable contents:
		41 directories
		161 files (2.1 MB)
		0 symbolic links
	Scan problems: 1
Beta:
	URL: tparent@pc-ub1:sources/mutagenMon
	Connected: Yes
	Synchronizable contents:
		41 directories
		161 files (2.2 MB)
		0 symbolic links
Conflicts: 1
Status: Watching for changes
-------------------------------------------------------------------------------

2026-08-17 16:54:22.293 +02:00 [INF] MutagenMon.Core.Monitoring.SessionMonitorService: Session 'pc-ub1-appman' status: Watching for changes, hasProblem: False, HasConflicts: False
2026-08-17 16:54:22.296 +02:00 [INF] MutagenMon.Core.Monitoring.SessionMonitorService: Session 'pc-ub1-mutagenmon' status: Watching for changes, hasProblem: False, HasConflicts: True
2026-08-17 16:54:22.301 +02:00 [INF] MutagenMon.Core.Monitoring.SessionMonitorService: Poll succeeded: worst=Conflicts, enabled=True, profileUpdated=False
2026-08-17 16:54:23.266 +02:00 [INF] MutagenMon.Core.Monitoring.SessionMonitorService: -------------------------------------------------------------------------------
Name: pc-ub1-appman
Identifier: sync_WpA0olCvqvjQEQWEI4okSZRpusFT7rL8lQ4GYhZtaLh
Alpha:
	URL: C:\sources\appman
	Connected: Yes
	Synchronizable contents:
		904 directories
		2351 files (206 MB)
		0 symbolic links
Beta:
	URL: tparent@pc-ub1:sources/appman
	Connected: Yes
	Synchronizable contents:
		904 directories
		2351 files (206 MB)
		0 symbolic links
Status: Watching for changes
-------------------------------------------------------------------------------
Name: pc-ub1-mutagenmon
Identifier: sync_cqhCMHYAW113J2fcp4bhUwGVWfGtTVQqmgm2tBfy2Q7
Alpha:
	URL: C:\sources\mutagenMon
	Connected: Yes
	Synchronizable contents:
		41 directories
		161 files (2.1 MB)
		0 symbolic links
	Scan problems: 1
Beta:
	URL: tparent@pc-ub1:sources/mutagenMon
	Connected: Yes
	Synchronizable contents:
		41 directories
		161 files (2.2 MB)
		0 symbolic links
Conflicts: 1
Status: Watching for changes
-------------------------------------------------------------------------------

2026-08-17 16:54:23.268 +02:00 [INF] MutagenMon.Core.Monitoring.SessionMonitorService: Session 'pc-ub1-appman' status: Watching for changes, hasProblem: False, HasConflicts: False
2026-08-17 16:54:23.270 +02:00 [INF] MutagenMon.Core.Monitoring.SessionMonitorService: Session 'pc-ub1-mutagenmon' status: Watching for changes, hasProblem: False, HasConflicts: True
2026-08-17 16:54:23.273 +02:00 [INF] MutagenMon.Core.Monitoring.SessionMonitorService: Poll succeeded: worst=Conflicts, enabled=True, profileUpdated=False
2026-08-17 16:54:24.256 +02:00 [INF] MutagenMon.Core.Monitoring.SessionMonitorService: -------------------------------------------------------------------------------
Name: pc-ub1-appman
Identifier: sync_WpA0olCvqvjQEQWEI4okSZRpusFT7rL8lQ4GYhZtaLh
Alpha:
	URL: C:\sources\appman
	Connected: Yes
	Synchronizable contents:
		904 directories
		2351 files (206 MB)
		0 symbolic links
Beta:
	URL: tparent@pc-ub1:sources/appman
	Connected: Yes
	Synchronizable contents:
		904 directories
		2351 files (206 MB)
		0 symbolic links
Status: Watching for changes
-------------------------------------------------------------------------------
Name: pc-ub1-mutagenmon
Identifier: sync_cqhCMHYAW113J2fcp4bhUwGVWfGtTVQqmgm2tBfy2Q7
Alpha:
	URL: C:\sources\mutagenMon
	Connected: Yes
	Synchronizable contents:
		41 directories
		161 files (2.1 MB)
		0 symbolic links
	Scan problems: 1
Beta:
	URL: tparent@pc-ub1:sources/mutagenMon
	Connected: Yes
	Synchronizable contents:
		41 directories
		161 files (2.2 MB)
		0 symbolic links
Conflicts: 1
Status: Watching for changes
-------------------------------------------------------------------------------

2026-08-17 16:54:24.259 +02:00 [INF] MutagenMon.Core.Monitoring.SessionMonitorService: Session 'pc-ub1-appman' status: Watching for changes, hasProblem: False, HasConflicts: False
2026-08-17 16:54:24.261 +02:00 [INF] MutagenMon.Core.Monitoring.SessionMonitorService: Session 'pc-ub1-mutagenmon' status: Watching for changes, hasProblem: False, HasConflicts: True
2026-08-17 16:54:24.265 +02:00 [INF] MutagenMon.Core.Monitoring.SessionMonitorService: Poll succeeded: worst=Conflicts, enabled=True, profileUpdated=False
2026-08-17 16:54:25.256 +02:00 [INF] MutagenMon.Core.Monitoring.SessionMonitorService: -------------------------------------------------------------------------------
Name: pc-ub1-appman
Identifier: sync_WpA0olCvqvjQEQWEI4okSZRpusFT7rL8lQ4GYhZtaLh
Alpha:
	URL: C:\sources\appman
	Connected: Yes
	Synchronizable contents:
		904 directories
		2351 files (206 MB)
		0 symbolic links
Beta:
	URL: tparent@pc-ub1:sources/appman
	Connected: Yes
	Synchronizable contents:
		904 directories
		2351 files (206 MB)
		0 symbolic links
Status: Watching for changes
-------------------------------------------------------------------------------
Name: pc-ub1-mutagenmon
Identifier: sync_cqhCMHYAW113J2fcp4bhUwGVWfGtTVQqmgm2tBfy2Q7
Alpha:
	URL: C:\sources\mutagenMon
	Connected: Yes
	Synchronizable contents:
		41 directories
		161 files (2.1 MB)
		0 symbolic links
	Scan problems: 1
Beta:
	URL: tparent@pc-ub1:sources/mutagenMon
	Connected: Yes
	Synchronizable contents:
		41 directories
		161 files (2.2 MB)
		0 symbolic links
Conflicts: 1
Status: Watching for changes
-------------------------------------------------------------------------------

2026-08-17 16:54:25.258 +02:00 [INF] MutagenMon.Core.Monitoring.SessionMonitorService: Session 'pc-ub1-appman' status: Watching for changes, hasProblem: False, HasConflicts: False
2026-08-17 16:54:25.260 +02:00 [INF] MutagenMon.Core.Monitoring.SessionMonitorService: Session 'pc-ub1-mutagenmon' status: Watching for changes, hasProblem: False, HasConflicts: True
2026-08-17 16:54:25.263 +02:00 [INF] MutagenMon.Core.Monitoring.SessionMonitorService: Poll succeeded: worst=Conflicts, enabled=True, profileUpdated=False
2026-08-17 16:54:26.287 +02:00 [INF] MutagenMon.Core.Monitoring.SessionMonitorService: -------------------------------------------------------------------------------
Name: pc-ub1-appman
Identifier: sync_WpA0olCvqvjQEQWEI4okSZRpusFT7rL8lQ4GYhZtaLh
Alpha:
	URL: C:\sources\appman
	Connected: Yes
	Synchronizable contents:
		904 directories
		2351 files (206 MB)
		0 symbolic links
Beta:
	URL: tparent@pc-ub1:sources/appman
	Connected: Yes
	Synchronizable contents:
		904 directories
		2351 files (206 MB)
		0 symbolic links
Status: Watching for changes
-------------------------------------------------------------------------------
Name: pc-ub1-mutagenmon
Identifier: sync_cqhCMHYAW113J2fcp4bhUwGVWfGtTVQqmgm2tBfy2Q7
Alpha:
	URL: C:\sources\mutagenMon
	Connected: Yes
	Synchronizable contents:
		41 directories
		161 files (2.1 MB)
		0 symbolic links
	Scan problems: 1
Beta:
	URL: tparent@pc-ub1:sources/mutagenMon
	Connected: Yes
	Synchronizable contents:
		41 directories
		161 files (2.2 MB)
		0 symbolic links
Conflicts: 1
Status: Watching for changes
-------------------------------------------------------------------------------

2026-08-17 16:54:26.291 +02:00 [INF] MutagenMon.Core.Monitoring.SessionMonitorService: Session 'pc-ub1-appman' status: Watching for changes, hasProblem: False, HasConflicts: False
2026-08-17 16:54:26.295 +02:00 [INF] MutagenMon.Core.Monitoring.SessionMonitorService: Session 'pc-ub1-mutagenmon' status: Watching for changes, hasProblem: False, HasConflicts: True
2026-08-17 16:54:26.300 +02:00 [INF] MutagenMon.Core.Monitoring.SessionMonitorService: Poll succeeded: worst=Conflicts, enabled=True, profileUpdated=False
2026-08-17 16:54:27.267 +02:00 [INF] MutagenMon.Core.Monitoring.SessionMonitorService: -------------------------------------------------------------------------------
Name: pc-ub1-appman
Identifier: sync_WpA0olCvqvjQEQWEI4okSZRpusFT7rL8lQ4GYhZtaLh
Alpha:
	URL: C:\sources\appman
	Connected: Yes
	Synchronizable contents:
		904 directories
		2351 files (206 MB)
		0 symbolic links
Beta:
	URL: tparent@pc-ub1:sources/appman
	Connected: Yes
	Synchronizable contents:
		904 directories
		2351 files (206 MB)
		0 symbolic links
Status: Watching for changes
-------------------------------------------------------------------------------
Name: pc-ub1-mutagenmon
Identifier: sync_cqhCMHYAW113J2fcp4bhUwGVWfGtTVQqmgm2tBfy2Q7
Alpha:
	URL: C:\sources\mutagenMon
	Connected: Yes
	Synchronizable contents:
		41 directories
		161 files (2.1 MB)
		0 symbolic links
	Scan problems: 1
Beta:
	URL: tparent@pc-ub1:sources/mutagenMon
	Connected: Yes
	Synchronizable contents:
		41 directories
		161 files (2.2 MB)
		0 symbolic links
Conflicts: 1
Status: Watching for changes
-------------------------------------------------------------------------------

2026-08-17 16:54:27.270 +02:00 [INF] MutagenMon.Core.Monitoring.SessionMonitorService: Session 'pc-ub1-appman' status: Watching for changes, hasProblem: False, HasConflicts: False
2026-08-17 16:54:27.275 +02:00 [INF] MutagenMon.Core.Monitoring.SessionMonitorService: Session 'pc-ub1-mutagenmon' status: Watching for changes, hasProblem: False, HasConflicts: True
2026-08-17 16:54:27.279 +02:00 [INF] MutagenMon.Core.Monitoring.SessionMonitorService: Poll succeeded: worst=Conflicts, enabled=True, profileUpdated=False
2026-08-17 16:54:28.343 +02:00 [INF] MutagenMon.Core.Monitoring.SessionMonitorService: -------------------------------------------------------------------------------
Name: pc-ub1-appman
Identifier: sync_WpA0olCvqvjQEQWEI4okSZRpusFT7rL8lQ4GYhZtaLh
Alpha:
	URL: C:\sources\appman
	Connected: Yes
	Synchronizable contents:
		904 directories
		2351 files (206 MB)
		0 symbolic links
Beta:
	URL: tparent@pc-ub1:sources/appman
	Connected: Yes
	Synchronizable contents:
		904 directories
		2351 files (206 MB)
		0 symbolic links
Status: Watching for changes
-------------------------------------------------------------------------------
Name: pc-ub1-mutagenmon
Identifier: sync_cqhCMHYAW113J2fcp4bhUwGVWfGtTVQqmgm2tBfy2Q7
Alpha:
	URL: C:\sources\mutagenMon
	Connected: Yes
	Synchronizable contents:
		41 directories
		161 files (2.1 MB)
		0 symbolic links
	Scan problems: 1
Beta:
	URL: tparent@pc-ub1:sources/mutagenMon
	Connected: Yes
	Synchronizable contents:
		41 directories
		161 files (2.2 MB)
		0 symbolic links
Conflicts: 1
Status: Watching for changes
-------------------------------------------------------------------------------

2026-08-17 16:54:28.345 +02:00 [INF] MutagenMon.Core.Monitoring.SessionMonitorService: Session 'pc-ub1-appman' status: Watching for changes, hasProblem: False, HasConflicts: False
2026-08-17 16:54:28.347 +02:00 [INF] MutagenMon.Core.Monitoring.SessionMonitorService: Session 'pc-ub1-mutagenmon' status: Watching for changes, hasProblem: False, HasConflicts: True
2026-08-17 16:54:28.352 +02:00 [INF] MutagenMon.Core.Monitoring.SessionMonitorService: Poll succeeded: worst=Conflicts, enabled=True, profileUpdated=False
2026-08-17 16:54:29.274 +02:00 [INF] MutagenMon.Core.Monitoring.SessionMonitorService: -------------------------------------------------------------------------------
Name: pc-ub1-appman
Identifier: sync_WpA0olCvqvjQEQWEI4okSZRpusFT7rL8lQ4GYhZtaLh
Alpha:
	URL: C:\sources\appman
	Connected: Yes
	Synchronizable contents:
		904 directories
		2351 files (206 MB)
		0 symbolic links
Beta:
	URL: tparent@pc-ub1:sources/appman
	Connected: Yes
	Synchronizable contents:
		904 directories
		2351 files (206 MB)
		0 symbolic links
Status: Watching for changes
-------------------------------------------------------------------------------
Name: pc-ub1-mutagenmon
Identifier: sync_cqhCMHYAW113J2fcp4bhUwGVWfGtTVQqmgm2tBfy2Q7
Alpha:
	URL: C:\sources\mutagenMon
	Connected: Yes
	Synchronizable contents:
		41 directories
		161 files (2.1 MB)
		0 symbolic links
	Scan problems: 1
Beta:
	URL: tparent@pc-ub1:sources/mutagenMon
	Connected: Yes
	Synchronizable contents:
		41 directories
		161 files (2.2 MB)
		0 symbolic links
Conflicts: 1
Status: Watching for changes
-------------------------------------------------------------------------------

2026-08-17 16:54:29.277 +02:00 [INF] MutagenMon.Core.Monitoring.SessionMonitorService: Session 'pc-ub1-appman' status: Watching for changes, hasProblem: False, HasConflicts: False
2026-08-17 16:54:29.279 +02:00 [INF] MutagenMon.Core.Monitoring.SessionMonitorService: Session 'pc-ub1-mutagenmon' status: Watching for changes, hasProblem: False, HasConflicts: True
2026-08-17 16:54:29.283 +02:00 [INF] MutagenMon.Core.Monitoring.SessionMonitorService: Poll succeeded: worst=Conflicts, enabled=True, profileUpdated=False
2026-08-17 16:54:30.243 +02:00 [INF] MutagenMon.Core.Monitoring.SessionMonitorService: -------------------------------------------------------------------------------
Name: pc-ub1-appman
Identifier: sync_WpA0olCvqvjQEQWEI4okSZRpusFT7rL8lQ4GYhZtaLh
Alpha:
	URL: C:\sources\appman
	Connected: Yes
	Synchronizable contents:
		904 directories
		2351 files (206 MB)
		0 symbolic links
Beta:
	URL: tparent@pc-ub1:sources/appman
	Connected: Yes
	Synchronizable contents:
		904 directories
		2351 files (206 MB)
		0 symbolic links
Status: Watching for changes
-------------------------------------------------------------------------------
Name: pc-ub1-mutagenmon
Identifier: sync_cqhCMHYAW113J2fcp4bhUwGVWfGtTVQqmgm2tBfy2Q7
Alpha:
	URL: C:\sources\mutagenMon
	Connected: Yes
	Synchronizable contents:
		41 directories
		161 files (2.1 MB)
		0 symbolic links
	Scan problems: 1
Beta:
	URL: tparent@pc-ub1:sources/mutagenMon
	Connected: Yes
	Synchronizable contents:
		41 directories
		161 files (2.2 MB)
		0 symbolic links
Conflicts: 1
Status: Watching for changes
-------------------------------------------------------------------------------

2026-08-17 16:54:30.246 +02:00 [INF] MutagenMon.Core.Monitoring.SessionMonitorService: Session 'pc-ub1-appman' status: Watching for changes, hasProblem: False, HasConflicts: False
2026-08-17 16:54:30.249 +02:00 [INF] MutagenMon.Core.Monitoring.SessionMonitorService: Session 'pc-ub1-mutagenmon' status: Watching for changes, hasProblem: False, HasConflicts: True
2026-08-17 16:54:30.254 +02:00 [INF] MutagenMon.Core.Monitoring.SessionMonitorService: Poll succeeded: worst=Conflicts, enabled=True, profileUpdated=False
2026-08-17 16:54:31.298 +02:00 [INF] MutagenMon.Core.Monitoring.SessionMonitorService: -------------------------------------------------------------------------------
Name: pc-ub1-appman
Identifier: sync_WpA0olCvqvjQEQWEI4okSZRpusFT7rL8lQ4GYhZtaLh
Alpha:
	URL: C:\sources\appman
	Connected: Yes
	Synchronizable contents:
		904 directories
		2351 files (206 MB)
		0 symbolic links
Beta:
	URL: tparent@pc-ub1:sources/appman
	Connected: Yes
	Synchronizable contents:
		904 directories
		2351 files (206 MB)
		0 symbolic links
Status: Watching for changes
-------------------------------------------------------------------------------
Name: pc-ub1-mutagenmon
Identifier: sync_cqhCMHYAW113J2fcp4bhUwGVWfGtTVQqmgm2tBfy2Q7
Alpha:
	URL: C:\sources\mutagenMon
	Connected: Yes
	Synchronizable contents:
		41 directories
		161 files (2.1 MB)
		0 symbolic links
	Scan problems: 1
Beta:
	URL: tparent@pc-ub1:sources/mutagenMon
	Connected: Yes
	Synchronizable contents:
		41 directories
		161 files (2.2 MB)
		0 symbolic links
Conflicts: 1
Status: Watching for changes
-------------------------------------------------------------------------------

2026-08-17 16:54:31.301 +02:00 [INF] MutagenMon.Core.Monitoring.SessionMonitorService: Session 'pc-ub1-appman' status: Watching for changes, hasProblem: False, HasConflicts: False
2026-08-17 16:54:31.302 +02:00 [INF] MutagenMon.Core.Monitoring.SessionMonitorService: Session 'pc-ub1-mutagenmon' status: Watching for changes, hasProblem: False, HasConflicts: True
2026-08-17 16:54:31.305 +02:00 [INF] MutagenMon.Core.Monitoring.SessionMonitorService: Poll succeeded: worst=Conflicts, enabled=True, profileUpdated=False
2026-08-17 16:54:32.275 +02:00 [INF] MutagenMon.Core.Monitoring.SessionMonitorService: -------------------------------------------------------------------------------
Name: pc-ub1-appman
Identifier: sync_WpA0olCvqvjQEQWEI4okSZRpusFT7rL8lQ4GYhZtaLh
Alpha:
	URL: C:\sources\appman
	Connected: Yes
	Synchronizable contents:
		904 directories
		2351 files (206 MB)
		0 symbolic links
Beta:
	URL: tparent@pc-ub1:sources/appman
	Connected: Yes
	Synchronizable contents:
		904 directories
		2351 files (206 MB)
		0 symbolic links
Status: Watching for changes
-------------------------------------------------------------------------------
Name: pc-ub1-mutagenmon
Identifier: sync_cqhCMHYAW113J2fcp4bhUwGVWfGtTVQqmgm2tBfy2Q7
Alpha:
	URL: C:\sources\mutagenMon
	Connected: Yes
	Synchronizable contents:
		41 directories
		161 files (2.1 MB)
		0 symbolic links
	Scan problems: 1
Beta:
	URL: tparent@pc-ub1:sources/mutagenMon
	Connected: Yes
	Synchronizable contents:
		41 directories
		161 files (2.2 MB)
		0 symbolic links
Conflicts: 1
Status: Watching for changes
-------------------------------------------------------------------------------

2026-08-17 16:54:32.278 +02:00 [INF] MutagenMon.Core.Monitoring.SessionMonitorService: Session 'pc-ub1-appman' status: Watching for changes, hasProblem: False, HasConflicts: False
2026-08-17 16:54:32.279 +02:00 [INF] MutagenMon.Core.Monitoring.SessionMonitorService: Session 'pc-ub1-mutagenmon' status: Watching for changes, hasProblem: False, HasConflicts: True
2026-08-17 16:54:32.282 +02:00 [INF] MutagenMon.Core.Monitoring.SessionMonitorService: Poll succeeded: worst=Conflicts, enabled=True, profileUpdated=False
2026-08-17 16:54:33.267 +02:00 [INF] MutagenMon.Core.Monitoring.SessionMonitorService: -------------------------------------------------------------------------------
Name: pc-ub1-appman
Identifier: sync_WpA0olCvqvjQEQWEI4okSZRpusFT7rL8lQ4GYhZtaLh
Alpha:
	URL: C:\sources\appman
	Connected: Yes
	Synchronizable contents:
		904 directories
		2351 files (206 MB)
		0 symbolic links
Beta:
	URL: tparent@pc-ub1:sources/appman
	Connected: Yes
	Synchronizable contents:
		904 directories
		2351 files (206 MB)
		0 symbolic links
Status: Watching for changes
-------------------------------------------------------------------------------
Name: pc-ub1-mutagenmon
Identifier: sync_cqhCMHYAW113J2fcp4bhUwGVWfGtTVQqmgm2tBfy2Q7
Alpha:
	URL: C:\sources\mutagenMon
	Connected: Yes
	Synchronizable contents:
		41 directories
		161 files (2.1 MB)
		0 symbolic links
	Scan problems: 1
Beta:
	URL: tparent@pc-ub1:sources/mutagenMon
	Connected: Yes
	Synchronizable contents:
		41 directories
		161 files (2.2 MB)
		0 symbolic links
Conflicts: 1
Status: Watching for changes
-------------------------------------------------------------------------------

2026-08-17 16:54:33.269 +02:00 [INF] MutagenMon.Core.Monitoring.SessionMonitorService: Session 'pc-ub1-appman' status: Watching for changes, hasProblem: False, HasConflicts: False
2026-08-17 16:54:33.271 +02:00 [INF] MutagenMon.Core.Monitoring.SessionMonitorService: Session 'pc-ub1-mutagenmon' status: Watching for changes, hasProblem: False, HasConflicts: True
2026-08-17 16:54:33.275 +02:00 [INF] MutagenMon.Core.Monitoring.SessionMonitorService: Poll succeeded: worst=Conflicts, enabled=True, profileUpdated=False
2026-08-17 16:54:34.275 +02:00 [INF] MutagenMon.Core.Monitoring.SessionMonitorService: -------------------------------------------------------------------------------
Name: pc-ub1-appman
Identifier: sync_WpA0olCvqvjQEQWEI4okSZRpusFT7rL8lQ4GYhZtaLh
Alpha:
	URL: C:\sources\appman
	Connected: Yes
	Synchronizable contents:
		904 directories
		2351 files (206 MB)
		0 symbolic links
Beta:
	URL: tparent@pc-ub1:sources/appman
	Connected: Yes
	Synchronizable contents:
		904 directories
		2351 files (206 MB)
		0 symbolic links
Status: Watching for changes
-------------------------------------------------------------------------------
Name: pc-ub1-mutagenmon
Identifier: sync_cqhCMHYAW113J2fcp4bhUwGVWfGtTVQqmgm2tBfy2Q7
Alpha:
	URL: C:\sources\mutagenMon
	Connected: Yes
	Synchronizable contents:
		41 directories
		161 files (2.1 MB)
		0 symbolic links
	Scan problems: 1
Beta:
	URL: tparent@pc-ub1:sources/mutagenMon
	Connected: Yes
	Synchronizable contents:
		41 directories
		161 files (2.2 MB)
		0 symbolic links
Conflicts: 1
Status: Watching for changes
-------------------------------------------------------------------------------

2026-08-17 16:54:34.278 +02:00 [INF] MutagenMon.Core.Monitoring.SessionMonitorService: Session 'pc-ub1-appman' status: Watching for changes, hasProblem: False, HasConflicts: False
2026-08-17 16:54:34.280 +02:00 [INF] MutagenMon.Core.Monitoring.SessionMonitorService: Session 'pc-ub1-mutagenmon' status: Watching for changes, hasProblem: False, HasConflicts: True
2026-08-17 16:54:34.284 +02:00 [INF] MutagenMon.Core.Monitoring.SessionMonitorService: Poll succeeded: worst=Conflicts, enabled=True, profileUpdated=False
2026-08-17 16:54:35.274 +02:00 [INF] MutagenMon.Core.Monitoring.SessionMonitorService: -------------------------------------------------------------------------------
Name: pc-ub1-appman
Identifier: sync_WpA0olCvqvjQEQWEI4okSZRpusFT7rL8lQ4GYhZtaLh
Alpha:
	URL: C:\sources\appman
	Connected: Yes
	Synchronizable contents:
		904 directories
		2351 files (206 MB)
		0 symbolic links
Beta:
	URL: tparent@pc-ub1:sources/appman
	Connected: Yes
	Synchronizable contents:
		904 directories
		2351 files (206 MB)
		0 symbolic links
Status: Watching for changes
-------------------------------------------------------------------------------
Name: pc-ub1-mutagenmon
Identifier: sync_cqhCMHYAW113J2fcp4bhUwGVWfGtTVQqmgm2tBfy2Q7
Alpha:
	URL: C:\sources\mutagenMon
	Connected: Yes
	Synchronizable contents:
		41 directories
		161 files (2.1 MB)
		0 symbolic links
	Scan problems: 1
Beta:
	URL: tparent@pc-ub1:sources/mutagenMon
	Connected: Yes
	Synchronizable contents:
		41 directories
		161 files (2.2 MB)
		0 symbolic links
Conflicts: 1
Status: Watching for changes
-------------------------------------------------------------------------------

2026-08-17 16:54:35.276 +02:00 [INF] MutagenMon.Core.Monitoring.SessionMonitorService: Session 'pc-ub1-appman' status: Watching for changes, hasProblem: False, HasConflicts: False
2026-08-17 16:54:35.278 +02:00 [INF] MutagenMon.Core.Monitoring.SessionMonitorService: Session 'pc-ub1-mutagenmon' status: Watching for changes, hasProblem: False, HasConflicts: True
2026-08-17 16:54:35.282 +02:00 [INF] MutagenMon.Core.Monitoring.SessionMonitorService: Poll succeeded: worst=Conflicts, enabled=True, profileUpdated=False
2026-08-17 16:54:36.256 +02:00 [INF] MutagenMon.Core.Monitoring.SessionMonitorService: -------------------------------------------------------------------------------
Name: pc-ub1-appman
Identifier: sync_WpA0olCvqvjQEQWEI4okSZRpusFT7rL8lQ4GYhZtaLh
Alpha:
	URL: C:\sources\appman
	Connected: Yes
	Synchronizable contents:
		904 directories
		2351 files (206 MB)
		0 symbolic links
Beta:
	URL: tparent@pc-ub1:sources/appman
	Connected: Yes
	Synchronizable contents:
		904 directories
		2351 files (206 MB)
		0 symbolic links
Status: Watching for changes
-------------------------------------------------------------------------------
Name: pc-ub1-mutagenmon
Identifier: sync_cqhCMHYAW113J2fcp4bhUwGVWfGtTVQqmgm2tBfy2Q7
Alpha:
	URL: C:\sources\mutagenMon
	Connected: Yes
	Synchronizable contents:
		41 directories
		161 files (2.1 MB)
		0 symbolic links
	Scan problems: 1
Beta:
	URL: tparent@pc-ub1:sources/mutagenMon
	Connected: Yes
	Synchronizable contents:
		41 directories
		161 files (2.2 MB)
		0 symbolic links
Conflicts: 1
Status: Watching for changes
-------------------------------------------------------------------------------

2026-08-17 16:54:36.259 +02:00 [INF] MutagenMon.Core.Monitoring.SessionMonitorService: Session 'pc-ub1-appman' status: Watching for changes, hasProblem: False, HasConflicts: False
2026-08-17 16:54:36.261 +02:00 [INF] MutagenMon.Core.Monitoring.SessionMonitorService: Session 'pc-ub1-mutagenmon' status: Watching for changes, hasProblem: False, HasConflicts: True
2026-08-17 16:54:36.263 +02:00 [INF] MutagenMon.Core.Monitoring.SessionMonitorService: Poll succeeded: worst=Conflicts, enabled=True, profileUpdated=False
2026-08-17 16:54:37.309 +02:00 [INF] MutagenMon.Core.Monitoring.SessionMonitorService: -------------------------------------------------------------------------------
Name: pc-ub1-appman
Identifier: sync_WpA0olCvqvjQEQWEI4okSZRpusFT7rL8lQ4GYhZtaLh
Alpha:
	URL: C:\sources\appman
	Connected: Yes
	Synchronizable contents:
		904 directories
		2351 files (206 MB)
		0 symbolic links
Beta:
	URL: tparent@pc-ub1:sources/appman
	Connected: Yes
	Synchronizable contents:
		904 directories
		2351 files (206 MB)
		0 symbolic links
Status: Watching for changes
-------------------------------------------------------------------------------
Name: pc-ub1-mutagenmon
Identifier: sync_cqhCMHYAW113J2fcp4bhUwGVWfGtTVQqmgm2tBfy2Q7
Alpha:
	URL: C:\sources\mutagenMon
	Connected: Yes
	Synchronizable contents:
		41 directories
		161 files (2.1 MB)
		0 symbolic links
	Scan problems: 1
Beta:
	URL: tparent@pc-ub1:sources/mutagenMon
	Connected: Yes
	Synchronizable contents:
		41 directories
		161 files (2.2 MB)
		0 symbolic links
Conflicts: 1
Status: Watching for changes
-------------------------------------------------------------------------------

2026-08-17 16:54:37.311 +02:00 [INF] MutagenMon.Core.Monitoring.SessionMonitorService: Session 'pc-ub1-appman' status: Watching for changes, hasProblem: False, HasConflicts: False
2026-08-17 16:54:37.312 +02:00 [INF] MutagenMon.Core.Monitoring.SessionMonitorService: Session 'pc-ub1-mutagenmon' status: Watching for changes, hasProblem: False, HasConflicts: True
2026-08-17 16:54:37.314 +02:00 [INF] MutagenMon.Core.Monitoring.SessionMonitorService: Poll succeeded: worst=Conflicts, enabled=True, profileUpdated=False
2026-08-17 16:54:38.290 +02:00 [INF] MutagenMon.Core.Monitoring.SessionMonitorService: -------------------------------------------------------------------------------
Name: pc-ub1-appman
Identifier: sync_WpA0olCvqvjQEQWEI4okSZRpusFT7rL8lQ4GYhZtaLh
Alpha:
	URL: C:\sources\appman
	Connected: Yes
	Synchronizable contents:
		904 directories
		2351 files (206 MB)
		0 symbolic links
Beta:
	URL: tparent@pc-ub1:sources/appman
	Connected: Yes
	Synchronizable contents:
		904 directories
		2351 files (206 MB)
		0 symbolic links
Status: Watching for changes
-------------------------------------------------------------------------------
Name: pc-ub1-mutagenmon
Identifier: sync_cqhCMHYAW113J2fcp4bhUwGVWfGtTVQqmgm2tBfy2Q7
Alpha:
	URL: C:\sources\mutagenMon
	Connected: Yes
	Synchronizable contents:
		41 directories
		161 files (2.1 MB)
		0 symbolic links
	Scan problems: 1
Beta:
	URL: tparent@pc-ub1:sources/mutagenMon
	Connected: Yes
	Synchronizable contents:
		41 directories
		161 files (2.2 MB)
		0 symbolic links
Conflicts: 1
Status: Watching for changes
-------------------------------------------------------------------------------

2026-08-17 16:54:38.293 +02:00 [INF] MutagenMon.Core.Monitoring.SessionMonitorService: Session 'pc-ub1-appman' status: Watching for changes, hasProblem: False, HasConflicts: False
2026-08-17 16:54:38.295 +02:00 [INF] MutagenMon.Core.Monitoring.SessionMonitorService: Session 'pc-ub1-mutagenmon' status: Watching for changes, hasProblem: False, HasConflicts: True
2026-08-17 16:54:38.298 +02:00 [INF] MutagenMon.Core.Monitoring.SessionMonitorService: Poll succeeded: worst=Conflicts, enabled=True, profileUpdated=False
2026-08-17 16:54:39.284 +02:00 [INF] MutagenMon.Core.Monitoring.SessionMonitorService: -------------------------------------------------------------------------------
Name: pc-ub1-appman
Identifier: sync_WpA0olCvqvjQEQWEI4okSZRpusFT7rL8lQ4GYhZtaLh
Alpha:
	URL: C:\sources\appman
	Connected: Yes
	Synchronizable contents:
		904 directories
		2351 files (206 MB)
		0 symbolic links
Beta:
	URL: tparent@pc-ub1:sources/appman
	Connected: Yes
	Synchronizable contents:
		904 directories
		2351 files (206 MB)
		0 symbolic links
Status: Watching for changes
-------------------------------------------------------------------------------
Name: pc-ub1-mutagenmon
Identifier: sync_cqhCMHYAW113J2fcp4bhUwGVWfGtTVQqmgm2tBfy2Q7
Alpha:
	URL: C:\sources\mutagenMon
	Connected: Yes
	Synchronizable contents:
		41 directories
		161 files (2.1 MB)
		0 symbolic links
	Scan problems: 1
Beta:
	URL: tparent@pc-ub1:sources/mutagenMon
	Connected: Yes
	Synchronizable contents:
		41 directories
		161 files (2.2 MB)
		0 symbolic links
Conflicts: 1
Status: Watching for changes
-------------------------------------------------------------------------------

2026-08-17 16:54:39.286 +02:00 [INF] MutagenMon.Core.Monitoring.SessionMonitorService: Session 'pc-ub1-appman' status: Watching for changes, hasProblem: False, HasConflicts: False
2026-08-17 16:54:39.289 +02:00 [INF] MutagenMon.Core.Monitoring.SessionMonitorService: Session 'pc-ub1-mutagenmon' status: Watching for changes, hasProblem: False, HasConflicts: True
2026-08-17 16:54:39.291 +02:00 [INF] MutagenMon.Core.Monitoring.SessionMonitorService: Poll succeeded: worst=Conflicts, enabled=True, profileUpdated=False
2026-08-17 16:54:40.270 +02:00 [INF] MutagenMon.Core.Monitoring.SessionMonitorService: -------------------------------------------------------------------------------
Name: pc-ub1-appman
Identifier: sync_WpA0olCvqvjQEQWEI4okSZRpusFT7rL8lQ4GYhZtaLh
Alpha:
	URL: C:\sources\appman
	Connected: Yes
	Synchronizable contents:
		904 directories
		2351 files (206 MB)
		0 symbolic links
Beta:
	URL: tparent@pc-ub1:sources/appman
	Connected: Yes
	Synchronizable contents:
		904 directories
		2351 files (206 MB)
		0 symbolic links
Status: Watching for changes
-------------------------------------------------------------------------------
Name: pc-ub1-mutagenmon
Identifier: sync_cqhCMHYAW113J2fcp4bhUwGVWfGtTVQqmgm2tBfy2Q7
Alpha:
	URL: C:\sources\mutagenMon
	Connected: Yes
	Synchronizable contents:
		41 directories
		161 files (2.1 MB)
		0 symbolic links
	Scan problems: 1
Beta:
	URL: tparent@pc-ub1:sources/mutagenMon
	Connected: Yes
	Synchronizable contents:
		41 directories
		161 files (2.2 MB)
		0 symbolic links
Conflicts: 1
Status: Watching for changes
-------------------------------------------------------------------------------

2026-08-17 16:54:40.273 +02:00 [INF] MutagenMon.Core.Monitoring.SessionMonitorService: Session 'pc-ub1-appman' status: Watching for changes, hasProblem: False, HasConflicts: False
2026-08-17 16:54:40.275 +02:00 [INF] MutagenMon.Core.Monitoring.SessionMonitorService: Session 'pc-ub1-mutagenmon' status: Watching for changes, hasProblem: False, HasConflicts: True
2026-08-17 16:54:40.279 +02:00 [INF] MutagenMon.Core.Monitoring.SessionMonitorService: Poll succeeded: worst=Conflicts, enabled=True, profileUpdated=False
2026-08-17 16:54:41.244 +02:00 [INF] MutagenMon.Core.Monitoring.SessionMonitorService: -------------------------------------------------------------------------------
Name: pc-ub1-appman
Identifier: sync_WpA0olCvqvjQEQWEI4okSZRpusFT7rL8lQ4GYhZtaLh
Alpha:
	URL: C:\sources\appman
	Connected: Yes
	Synchronizable contents:
		904 directories
		2351 files (206 MB)
		0 symbolic links
Beta:
	URL: tparent@pc-ub1:sources/appman
	Connected: Yes
	Synchronizable contents:
		904 directories
		2351 files (206 MB)
		0 symbolic links
Status: Watching for changes
-------------------------------------------------------------------------------
Name: pc-ub1-mutagenmon
Identifier: sync_cqhCMHYAW113J2fcp4bhUwGVWfGtTVQqmgm2tBfy2Q7
Alpha:
	URL: C:\sources\mutagenMon
	Connected: Yes
	Synchronizable contents:
		41 directories
		161 files (2.1 MB)
		0 symbolic links
	Scan problems: 1
Beta:
	URL: tparent@pc-ub1:sources/mutagenMon
	Connected: Yes
	Synchronizable contents:
		41 directories
		161 files (2.2 MB)
		0 symbolic links
Conflicts: 1
Status: Watching for changes
-------------------------------------------------------------------------------

2026-08-17 16:54:41.246 +02:00 [INF] MutagenMon.Core.Monitoring.SessionMonitorService: Session 'pc-ub1-appman' status: Watching for changes, hasProblem: False, HasConflicts: False
2026-08-17 16:54:41.248 +02:00 [INF] MutagenMon.Core.Monitoring.SessionMonitorService: Session 'pc-ub1-mutagenmon' status: Watching for changes, hasProblem: False, HasConflicts: True
2026-08-17 16:54:41.251 +02:00 [INF] MutagenMon.Core.Monitoring.SessionMonitorService: Poll succeeded: worst=Conflicts, enabled=True, profileUpdated=False
2026-08-17 16:54:42.240 +02:00 [INF] MutagenMon.Core.Monitoring.SessionMonitorService: -------------------------------------------------------------------------------
Name: pc-ub1-appman
Identifier: sync_WpA0olCvqvjQEQWEI4okSZRpusFT7rL8lQ4GYhZtaLh
Alpha:
	URL: C:\sources\appman
	Connected: Yes
	Synchronizable contents:
		904 directories
		2351 files (206 MB)
		0 symbolic links
Beta:
	URL: tparent@pc-ub1:sources/appman
	Connected: Yes
	Synchronizable contents:
		904 directories
		2351 files (206 MB)
		0 symbolic links
Status: Watching for changes
-------------------------------------------------------------------------------
Name: pc-ub1-mutagenmon
Identifier: sync_cqhCMHYAW113J2fcp4bhUwGVWfGtTVQqmgm2tBfy2Q7
Alpha:
	URL: C:\sources\mutagenMon
	Connected: Yes
	Synchronizable contents:
		41 directories
		161 files (2.1 MB)
		0 symbolic links
	Scan problems: 1
Beta:
	URL: tparent@pc-ub1:sources/mutagenMon
	Connected: Yes
	Synchronizable contents:
		41 directories
		161 files (2.2 MB)
		0 symbolic links
Conflicts: 1
Status: Watching for changes
-------------------------------------------------------------------------------

2026-08-17 16:54:42.242 +02:00 [INF] MutagenMon.Core.Monitoring.SessionMonitorService: Session 'pc-ub1-appman' status: Watching for changes, hasProblem: False, HasConflicts: False
2026-08-17 16:54:42.247 +02:00 [INF] MutagenMon.Core.Monitoring.SessionMonitorService: Session 'pc-ub1-mutagenmon' status: Watching for changes, hasProblem: False, HasConflicts: True
2026-08-17 16:54:42.250 +02:00 [INF] MutagenMon.Core.Monitoring.SessionMonitorService: Poll succeeded: worst=Conflicts, enabled=True, profileUpdated=False
2026-08-17 16:54:43.250 +02:00 [INF] MutagenMon.Core.Monitoring.SessionMonitorService: -------------------------------------------------------------------------------
Name: pc-ub1-appman
Identifier: sync_WpA0olCvqvjQEQWEI4okSZRpusFT7rL8lQ4GYhZtaLh
Alpha:
	URL: C:\sources\appman
	Connected: Yes
	Synchronizable contents:
		904 directories
		2351 files (206 MB)
		0 symbolic links
Beta:
	URL: tparent@pc-ub1:sources/appman
	Connected: Yes
	Synchronizable contents:
		904 directories
		2351 files (206 MB)
		0 symbolic links
Status: Watching for changes
-------------------------------------------------------------------------------
Name: pc-ub1-mutagenmon
Identifier: sync_cqhCMHYAW113J2fcp4bhUwGVWfGtTVQqmgm2tBfy2Q7
Alpha:
	URL: C:\sources\mutagenMon
	Connected: Yes
	Synchronizable contents:
		41 directories
		161 files (2.1 MB)
		0 symbolic links
	Scan problems: 1
Beta:
	URL: tparent@pc-ub1:sources/mutagenMon
	Connected: Yes
	Synchronizable contents:
		41 directories
		161 files (2.2 MB)
		0 symbolic links
Conflicts: 1
Status: Watching for changes
-------------------------------------------------------------------------------

2026-08-17 16:54:43.252 +02:00 [INF] MutagenMon.Core.Monitoring.SessionMonitorService: Session 'pc-ub1-appman' status: Watching for changes, hasProblem: False, HasConflicts: False
2026-08-17 16:54:43.254 +02:00 [INF] MutagenMon.Core.Monitoring.SessionMonitorService: Session 'pc-ub1-mutagenmon' status: Watching for changes, hasProblem: False, HasConflicts: True
2026-08-17 16:54:43.256 +02:00 [INF] MutagenMon.Core.Monitoring.SessionMonitorService: Poll succeeded: worst=Conflicts, enabled=True, profileUpdated=False
2026-08-17 16:54:44.251 +02:00 [INF] MutagenMon.Core.Monitoring.SessionMonitorService: -------------------------------------------------------------------------------
Name: pc-ub1-appman
Identifier: sync_WpA0olCvqvjQEQWEI4okSZRpusFT7rL8lQ4GYhZtaLh
Alpha:
	URL: C:\sources\appman
	Connected: Yes
	Synchronizable contents:
		904 directories
		2351 files (206 MB)
		0 symbolic links
Beta:
	URL: tparent@pc-ub1:sources/appman
	Connected: Yes
	Synchronizable contents:
		904 directories
		2351 files (206 MB)
		0 symbolic links
Status: Watching for changes
-------------------------------------------------------------------------------
Name: pc-ub1-mutagenmon
Identifier: sync_cqhCMHYAW113J2fcp4bhUwGVWfGtTVQqmgm2tBfy2Q7
Alpha:
	URL: C:\sources\mutagenMon
	Connected: Yes
	Synchronizable contents:
		41 directories
		161 files (2.1 MB)
		0 symbolic links
	Scan problems: 1
Beta:
	URL: tparent@pc-ub1:sources/mutagenMon
	Connected: Yes
	Synchronizable contents:
		41 directories
		161 files (2.2 MB)
		0 symbolic links
Conflicts: 1
Status: Watching for changes
-------------------------------------------------------------------------------

2026-08-17 16:54:44.253 +02:00 [INF] MutagenMon.Core.Monitoring.SessionMonitorService: Session 'pc-ub1-appman' status: Watching for changes, hasProblem: False, HasConflicts: False
2026-08-17 16:54:44.255 +02:00 [INF] MutagenMon.Core.Monitoring.SessionMonitorService: Session 'pc-ub1-mutagenmon' status: Watching for changes, hasProblem: False, HasConflicts: True
2026-08-17 16:54:44.258 +02:00 [INF] MutagenMon.Core.Monitoring.SessionMonitorService: Poll succeeded: worst=Conflicts, enabled=True, profileUpdated=False
2026-08-17 16:54:45.351 +02:00 [INF] MutagenMon.Core.Monitoring.SessionMonitorService: -------------------------------------------------------------------------------
Name: pc-ub1-appman
Identifier: sync_WpA0olCvqvjQEQWEI4okSZRpusFT7rL8lQ4GYhZtaLh
Alpha:
	URL: C:\sources\appman
	Connected: Yes
	Synchronizable contents:
		904 directories
		2351 files (206 MB)
		0 symbolic links
Beta:
	URL: tparent@pc-ub1:sources/appman
	Connected: Yes
	Synchronizable contents:
		904 directories
		2351 files (206 MB)
		0 symbolic links
Status: Watching for changes
-------------------------------------------------------------------------------
Name: pc-ub1-mutagenmon
Identifier: sync_cqhCMHYAW113J2fcp4bhUwGVWfGtTVQqmgm2tBfy2Q7
Alpha:
	URL: C:\sources\mutagenMon
	Connected: Yes
	Synchronizable contents:
		41 directories
		161 files (2.1 MB)
		0 symbolic links
	Scan problems: 1
Beta:
	URL: tparent@pc-ub1:sources/mutagenMon
	Connected: Yes
	Synchronizable contents:
		41 directories
		161 files (2.2 MB)
		0 symbolic links
Conflicts: 1
Status: Watching for changes
-------------------------------------------------------------------------------

2026-08-17 16:54:45.354 +02:00 [INF] MutagenMon.Core.Monitoring.SessionMonitorService: Session 'pc-ub1-appman' status: Watching for changes, hasProblem: False, HasConflicts: False
2026-08-17 16:54:45.356 +02:00 [INF] MutagenMon.Core.Monitoring.SessionMonitorService: Session 'pc-ub1-mutagenmon' status: Watching for changes, hasProblem: False, HasConflicts: True
2026-08-17 16:54:45.358 +02:00 [INF] MutagenMon.Core.Monitoring.SessionMonitorService: Poll succeeded: worst=Conflicts, enabled=True, profileUpdated=False
2026-08-17 16:54:46.310 +02:00 [INF] MutagenMon.Core.Monitoring.SessionMonitorService: -------------------------------------------------------------------------------
Name: pc-ub1-appman
Identifier: sync_WpA0olCvqvjQEQWEI4okSZRpusFT7rL8lQ4GYhZtaLh
Alpha:
	URL: C:\sources\appman
	Connected: Yes
	Synchronizable contents:
		904 directories
		2351 files (206 MB)
		0 symbolic links
Beta:
	URL: tparent@pc-ub1:sources/appman
	Connected: Yes
	Synchronizable contents:
		904 directories
		2351 files (206 MB)
		0 symbolic links
Status: Watching for changes
-------------------------------------------------------------------------------
Name: pc-ub1-mutagenmon
Identifier: sync_cqhCMHYAW113J2fcp4bhUwGVWfGtTVQqmgm2tBfy2Q7
Alpha:
	URL: C:\sources\mutagenMon
	Connected: Yes
	Synchronizable contents:
		41 directories
		161 files (2.1 MB)
		0 symbolic links
	Scan problems: 1
Beta:
	URL: tparent@pc-ub1:sources/mutagenMon
	Connected: Yes
	Synchronizable contents:
		41 directories
		161 files (2.2 MB)
		0 symbolic links
Conflicts: 1
Status: Watching for changes
-------------------------------------------------------------------------------

2026-08-17 16:54:46.312 +02:00 [INF] MutagenMon.Core.Monitoring.SessionMonitorService: Session 'pc-ub1-appman' status: Watching for changes, hasProblem: False, HasConflicts: False
2026-08-17 16:54:46.314 +02:00 [INF] MutagenMon.Core.Monitoring.SessionMonitorService: Session 'pc-ub1-mutagenmon' status: Watching for changes, hasProblem: False, HasConflicts: True
2026-08-17 16:54:46.317 +02:00 [INF] MutagenMon.Core.Monitoring.SessionMonitorService: Poll succeeded: worst=Conflicts, enabled=True, profileUpdated=False
2026-08-17 16:54:47.260 +02:00 [INF] MutagenMon.Core.Monitoring.SessionMonitorService: -------------------------------------------------------------------------------
Name: pc-ub1-appman
Identifier: sync_WpA0olCvqvjQEQWEI4okSZRpusFT7rL8lQ4GYhZtaLh
Alpha:
	URL: C:\sources\appman
	Connected: Yes
	Synchronizable contents:
		904 directories
		2351 files (206 MB)
		0 symbolic links
Beta:
	URL: tparent@pc-ub1:sources/appman
	Connected: Yes
	Synchronizable contents:
		904 directories
		2351 files (206 MB)
		0 symbolic links
Status: Watching for changes
-------------------------------------------------------------------------------
Name: pc-ub1-mutagenmon
Identifier: sync_cqhCMHYAW113J2fcp4bhUwGVWfGtTVQqmgm2tBfy2Q7
Alpha:
	URL: C:\sources\mutagenMon
	Connected: Yes
	Synchronizable contents:
		41 directories
		161 files (2.1 MB)
		0 symbolic links
	Scan problems: 1
Beta:
	URL: tparent@pc-ub1:sources/mutagenMon
	Connected: Yes
	Synchronizable contents:
		41 directories
		161 files (2.2 MB)
		0 symbolic links
Conflicts: 1
Status: Watching for changes
-------------------------------------------------------------------------------

2026-08-17 16:54:47.262 +02:00 [INF] MutagenMon.Core.Monitoring.SessionMonitorService: Session 'pc-ub1-appman' status: Watching for changes, hasProblem: False, HasConflicts: False
2026-08-17 16:54:47.264 +02:00 [INF] MutagenMon.Core.Monitoring.SessionMonitorService: Session 'pc-ub1-mutagenmon' status: Watching for changes, hasProblem: False, HasConflicts: True
2026-08-17 16:54:47.267 +02:00 [INF] MutagenMon.Core.Monitoring.SessionMonitorService: Poll succeeded: worst=Conflicts, enabled=True, profileUpdated=False
2026-08-17 16:54:48.292 +02:00 [INF] MutagenMon.Core.Monitoring.SessionMonitorService: -------------------------------------------------------------------------------
Name: pc-ub1-appman
Identifier: sync_WpA0olCvqvjQEQWEI4okSZRpusFT7rL8lQ4GYhZtaLh
Alpha:
	URL: C:\sources\appman
	Connected: Yes
	Synchronizable contents:
		904 directories
		2351 files (206 MB)
		0 symbolic links
Beta:
	URL: tparent@pc-ub1:sources/appman
	Connected: Yes
	Synchronizable contents:
		904 directories
		2351 files (206 MB)
		0 symbolic links
Status: Watching for changes
-------------------------------------------------------------------------------
Name: pc-ub1-mutagenmon
Identifier: sync_cqhCMHYAW113J2fcp4bhUwGVWfGtTVQqmgm2tBfy2Q7
Alpha:
	URL: C:\sources\mutagenMon
	Connected: Yes
	Synchronizable contents:
		41 directories
		161 files (2.1 MB)
		0 symbolic links
	Scan problems: 1
Beta:
	URL: tparent@pc-ub1:sources/mutagenMon
	Connected: Yes
	Synchronizable contents:
		41 directories
		161 files (2.2 MB)
		0 symbolic links
Conflicts: 1
Status: Watching for changes
-------------------------------------------------------------------------------

2026-08-17 16:54:48.294 +02:00 [INF] MutagenMon.Core.Monitoring.SessionMonitorService: Session 'pc-ub1-appman' status: Watching for changes, hasProblem: False, HasConflicts: False
2026-08-17 16:54:48.296 +02:00 [INF] MutagenMon.Core.Monitoring.SessionMonitorService: Session 'pc-ub1-mutagenmon' status: Watching for changes, hasProblem: False, HasConflicts: True
2026-08-17 16:54:48.299 +02:00 [INF] MutagenMon.Core.Monitoring.SessionMonitorService: Poll succeeded: worst=Conflicts, enabled=True, profileUpdated=False
2026-08-17 16:54:49.279 +02:00 [INF] MutagenMon.Core.Monitoring.SessionMonitorService: -------------------------------------------------------------------------------
Name: pc-ub1-appman
Identifier: sync_WpA0olCvqvjQEQWEI4okSZRpusFT7rL8lQ4GYhZtaLh
Alpha:
	URL: C:\sources\appman
	Connected: Yes
	Synchronizable contents:
		904 directories
		2351 files (206 MB)
		0 symbolic links
Beta:
	URL: tparent@pc-ub1:sources/appman
	Connected: Yes
	Synchronizable contents:
		904 directories
		2351 files (206 MB)
		0 symbolic links
Status: Watching for changes
-------------------------------------------------------------------------------
Name: pc-ub1-mutagenmon
Identifier: sync_cqhCMHYAW113J2fcp4bhUwGVWfGtTVQqmgm2tBfy2Q7
Alpha:
	URL: C:\sources\mutagenMon
	Connected: Yes
	Synchronizable contents:
		41 directories
		161 files (2.1 MB)
		0 symbolic links
	Scan problems: 1
Beta:
	URL: tparent@pc-ub1:sources/mutagenMon
	Connected: Yes
	Synchronizable contents:
		41 directories
		161 files (2.2 MB)
		0 symbolic links
Conflicts: 1
Status: Watching for changes
-------------------------------------------------------------------------------

2026-08-17 16:54:49.283 +02:00 [INF] MutagenMon.Core.Monitoring.SessionMonitorService: Session 'pc-ub1-appman' status: Watching for changes, hasProblem: False, HasConflicts: False
2026-08-17 16:54:49.286 +02:00 [INF] MutagenMon.Core.Monitoring.SessionMonitorService: Session 'pc-ub1-mutagenmon' status: Watching for changes, hasProblem: False, HasConflicts: True
2026-08-17 16:54:49.289 +02:00 [INF] MutagenMon.Core.Monitoring.SessionMonitorService: Poll succeeded: worst=Conflicts, enabled=True, profileUpdated=False
2026-08-17 16:54:50.300 +02:00 [INF] MutagenMon.Core.Monitoring.SessionMonitorService: -------------------------------------------------------------------------------
Name: pc-ub1-appman
Identifier: sync_WpA0olCvqvjQEQWEI4okSZRpusFT7rL8lQ4GYhZtaLh
Alpha:
	URL: C:\sources\appman
	Connected: Yes
	Synchronizable contents:
		904 directories
		2351 files (206 MB)
		0 symbolic links
Beta:
	URL: tparent@pc-ub1:sources/appman
	Connected: Yes
	Synchronizable contents:
		904 directories
		2351 files (206 MB)
		0 symbolic links
Status: Watching for changes
-------------------------------------------------------------------------------
Name: pc-ub1-mutagenmon
Identifier: sync_cqhCMHYAW113J2fcp4bhUwGVWfGtTVQqmgm2tBfy2Q7
Alpha:
	URL: C:\sources\mutagenMon
	Connected: Yes
	Synchronizable contents:
		41 directories
		161 files (2.1 MB)
		0 symbolic links
	Scan problems: 1
Beta:
	URL: tparent@pc-ub1:sources/mutagenMon
	Connected: Yes
	Synchronizable contents:
		41 directories
		161 files (2.2 MB)
		0 symbolic links
Conflicts: 1
Status: Watching for changes
-------------------------------------------------------------------------------

2026-08-17 16:54:50.302 +02:00 [INF] MutagenMon.Core.Monitoring.SessionMonitorService: Session 'pc-ub1-appman' status: Watching for changes, hasProblem: False, HasConflicts: False
2026-08-17 16:54:50.304 +02:00 [INF] MutagenMon.Core.Monitoring.SessionMonitorService: Session 'pc-ub1-mutagenmon' status: Watching for changes, hasProblem: False, HasConflicts: True
2026-08-17 16:54:50.307 +02:00 [INF] MutagenMon.Core.Monitoring.SessionMonitorService: Poll succeeded: worst=Conflicts, enabled=True, profileUpdated=False
2026-08-17 16:54:51.305 +02:00 [INF] MutagenMon.Core.Monitoring.SessionMonitorService: -------------------------------------------------------------------------------
Name: pc-ub1-appman
Identifier: sync_WpA0olCvqvjQEQWEI4okSZRpusFT7rL8lQ4GYhZtaLh
Alpha:
	URL: C:\sources\appman
	Connected: Yes
	Synchronizable contents:
		904 directories
		2351 files (206 MB)
		0 symbolic links
Beta:
	URL: tparent@pc-ub1:sources/appman
	Connected: Yes
	Synchronizable contents:
		904 directories
		2351 files (206 MB)
		0 symbolic links
Status: Watching for changes
-------------------------------------------------------------------------------
Name: pc-ub1-mutagenmon
Identifier: sync_cqhCMHYAW113J2fcp4bhUwGVWfGtTVQqmgm2tBfy2Q7
Alpha:
	URL: C:\sources\mutagenMon
	Connected: Yes
	Synchronizable contents:
		41 directories
		161 files (2.1 MB)
		0 symbolic links
	Scan problems: 1
Beta:
	URL: tparent@pc-ub1:sources/mutagenMon
	Connected: Yes
	Synchronizable contents:
		41 directories
		161 files (2.2 MB)
		0 symbolic links
Conflicts: 1
Status: Watching for changes
-------------------------------------------------------------------------------

2026-08-17 16:54:51.308 +02:00 [INF] MutagenMon.Core.Monitoring.SessionMonitorService: Session 'pc-ub1-appman' status: Watching for changes, hasProblem: False, HasConflicts: False
2026-08-17 16:54:51.310 +02:00 [INF] MutagenMon.Core.Monitoring.SessionMonitorService: Session 'pc-ub1-mutagenmon' status: Watching for changes, hasProblem: False, HasConflicts: True
2026-08-17 16:54:51.313 +02:00 [INF] MutagenMon.Core.Monitoring.SessionMonitorService: Poll succeeded: worst=Conflicts, enabled=True, profileUpdated=False
2026-08-17 16:54:52.264 +02:00 [INF] MutagenMon.Core.Monitoring.SessionMonitorService: -------------------------------------------------------------------------------
Name: pc-ub1-appman
Identifier: sync_WpA0olCvqvjQEQWEI4okSZRpusFT7rL8lQ4GYhZtaLh
Alpha:
	URL: C:\sources\appman
	Connected: Yes
	Synchronizable contents:
		904 directories
		2351 files (206 MB)
		0 symbolic links
Beta:
	URL: tparent@pc-ub1:sources/appman
	Connected: Yes
	Synchronizable contents:
		904 directories
		2351 files (206 MB)
		0 symbolic links
Status: Watching for changes
-------------------------------------------------------------------------------
Name: pc-ub1-mutagenmon
Identifier: sync_cqhCMHYAW113J2fcp4bhUwGVWfGtTVQqmgm2tBfy2Q7
Alpha:
	URL: C:\sources\mutagenMon
	Connected: Yes
	Synchronizable contents:
		41 directories
		161 files (2.1 MB)
		0 symbolic links
	Scan problems: 1
Beta:
	URL: tparent@pc-ub1:sources/mutagenMon
	Connected: Yes
	Synchronizable contents:
		41 directories
		161 files (2.2 MB)
		0 symbolic links
Conflicts: 1
Status: Watching for changes
-------------------------------------------------------------------------------

2026-08-17 16:54:52.266 +02:00 [INF] MutagenMon.Core.Monitoring.SessionMonitorService: Session 'pc-ub1-appman' status: Watching for changes, hasProblem: False, HasConflicts: False
2026-08-17 16:54:52.269 +02:00 [INF] MutagenMon.Core.Monitoring.SessionMonitorService: Session 'pc-ub1-mutagenmon' status: Watching for changes, hasProblem: False, HasConflicts: True
2026-08-17 16:54:52.273 +02:00 [INF] MutagenMon.Core.Monitoring.SessionMonitorService: Poll succeeded: worst=Conflicts, enabled=True, profileUpdated=False
2026-08-17 16:54:53.290 +02:00 [INF] MutagenMon.Core.Monitoring.SessionMonitorService: -------------------------------------------------------------------------------
Name: pc-ub1-appman
Identifier: sync_WpA0olCvqvjQEQWEI4okSZRpusFT7rL8lQ4GYhZtaLh
Alpha:
	URL: C:\sources\appman
	Connected: Yes
	Synchronizable contents:
		904 directories
		2351 files (206 MB)
		0 symbolic links
Beta:
	URL: tparent@pc-ub1:sources/appman
	Connected: Yes
	Synchronizable contents:
		904 directories
		2351 files (206 MB)
		0 symbolic links
Status: Watching for changes
-------------------------------------------------------------------------------
Name: pc-ub1-mutagenmon
Identifier: sync_cqhCMHYAW113J2fcp4bhUwGVWfGtTVQqmgm2tBfy2Q7
Alpha:
	URL: C:\sources\mutagenMon
	Connected: Yes
	Synchronizable contents:
		41 directories
		161 files (2.1 MB)
		0 symbolic links
	Scan problems: 1
Beta:
	URL: tparent@pc-ub1:sources/mutagenMon
	Connected: Yes
	Synchronizable contents:
		41 directories
		161 files (2.2 MB)
		0 symbolic links
Conflicts: 1
Status: Watching for changes
-------------------------------------------------------------------------------

2026-08-17 16:54:53.293 +02:00 [INF] MutagenMon.Core.Monitoring.SessionMonitorService: Session 'pc-ub1-appman' status: Watching for changes, hasProblem: False, HasConflicts: False
2026-08-17 16:54:53.295 +02:00 [INF] MutagenMon.Core.Monitoring.SessionMonitorService: Session 'pc-ub1-mutagenmon' status: Watching for changes, hasProblem: False, HasConflicts: True
2026-08-17 16:54:53.298 +02:00 [INF] MutagenMon.Core.Monitoring.SessionMonitorService: Poll succeeded: worst=Conflicts, enabled=True, profileUpdated=False
2026-08-17 16:54:54.321 +02:00 [INF] MutagenMon.Core.Monitoring.SessionMonitorService: -------------------------------------------------------------------------------
Name: pc-ub1-appman
Identifier: sync_WpA0olCvqvjQEQWEI4okSZRpusFT7rL8lQ4GYhZtaLh
Alpha:
	URL: C:\sources\appman
	Connected: Yes
	Synchronizable contents:
		904 directories
		2351 files (206 MB)
		0 symbolic links
Beta:
	URL: tparent@pc-ub1:sources/appman
	Connected: Yes
	Synchronizable contents:
		904 directories
		2351 files (206 MB)
		0 symbolic links
Status: Watching for changes
-------------------------------------------------------------------------------
Name: pc-ub1-mutagenmon
Identifier: sync_cqhCMHYAW113J2fcp4bhUwGVWfGtTVQqmgm2tBfy2Q7
Alpha:
	URL: C:\sources\mutagenMon
	Connected: Yes
	Synchronizable contents:
		41 directories
		161 files (2.1 MB)
		0 symbolic links
	Scan problems: 1
Beta:
	URL: tparent@pc-ub1:sources/mutagenMon
	Connected: Yes
	Synchronizable contents:
		41 directories
		161 files (2.2 MB)
		0 symbolic links
Conflicts: 1
Status: Watching for changes
-------------------------------------------------------------------------------

2026-08-17 16:54:54.323 +02:00 [INF] MutagenMon.Core.Monitoring.SessionMonitorService: Session 'pc-ub1-appman' status: Watching for changes, hasProblem: False, HasConflicts: False
2026-08-17 16:54:54.325 +02:00 [INF] MutagenMon.Core.Monitoring.SessionMonitorService: Session 'pc-ub1-mutagenmon' status: Watching for changes, hasProblem: False, HasConflicts: True
2026-08-17 16:54:54.330 +02:00 [INF] MutagenMon.Core.Monitoring.SessionMonitorService: Poll succeeded: worst=Conflicts, enabled=True, profileUpdated=False
2026-08-17 16:54:55.288 +02:00 [INF] MutagenMon.Core.Monitoring.SessionMonitorService: -------------------------------------------------------------------------------
Name: pc-ub1-appman
Identifier: sync_WpA0olCvqvjQEQWEI4okSZRpusFT7rL8lQ4GYhZtaLh
Alpha:
	URL: C:\sources\appman
	Connected: Yes
	Synchronizable contents:
		904 directories
		2351 files (206 MB)
		0 symbolic links
Beta:
	URL: tparent@pc-ub1:sources/appman
	Connected: Yes
	Synchronizable contents:
		904 directories
		2351 files (206 MB)
		0 symbolic links
Status: Watching for changes
-------------------------------------------------------------------------------
Name: pc-ub1-mutagenmon
Identifier: sync_cqhCMHYAW113J2fcp4bhUwGVWfGtTVQqmgm2tBfy2Q7
Alpha:
	URL: C:\sources\mutagenMon
	Connected: Yes
	Synchronizable contents:
		41 directories
		161 files (2.1 MB)
		0 symbolic links
	Scan problems: 1
Beta:
	URL: tparent@pc-ub1:sources/mutagenMon
	Connected: Yes
	Synchronizable contents:
		41 directories
		161 files (2.2 MB)
		0 symbolic links
Conflicts: 1
Status: Watching for changes
-------------------------------------------------------------------------------

2026-08-17 16:54:55.290 +02:00 [INF] MutagenMon.Core.Monitoring.SessionMonitorService: Session 'pc-ub1-appman' status: Watching for changes, hasProblem: False, HasConflicts: False
2026-08-17 16:54:55.292 +02:00 [INF] MutagenMon.Core.Monitoring.SessionMonitorService: Session 'pc-ub1-mutagenmon' status: Watching for changes, hasProblem: False, HasConflicts: True
2026-08-17 16:54:55.295 +02:00 [INF] MutagenMon.Core.Monitoring.SessionMonitorService: Poll succeeded: worst=Conflicts, enabled=True, profileUpdated=False
2026-08-17 16:54:56.310 +02:00 [INF] MutagenMon.Core.Monitoring.SessionMonitorService: -------------------------------------------------------------------------------
Name: pc-ub1-appman
Identifier: sync_WpA0olCvqvjQEQWEI4okSZRpusFT7rL8lQ4GYhZtaLh
Alpha:
	URL: C:\sources\appman
	Connected: Yes
	Synchronizable contents:
		904 directories
		2351 files (206 MB)
		0 symbolic links
Beta:
	URL: tparent@pc-ub1:sources/appman
	Connected: Yes
	Synchronizable contents:
		904 directories
		2351 files (206 MB)
		0 symbolic links
Status: Watching for changes
-------------------------------------------------------------------------------
Name: pc-ub1-mutagenmon
Identifier: sync_cqhCMHYAW113J2fcp4bhUwGVWfGtTVQqmgm2tBfy2Q7
Alpha:
	URL: C:\sources\mutagenMon
	Connected: Yes
	Synchronizable contents:
		41 directories
		161 files (2.1 MB)
		0 symbolic links
	Scan problems: 1
Beta:
	URL: tparent@pc-ub1:sources/mutagenMon
	Connected: Yes
	Synchronizable contents:
		41 directories
		161 files (2.2 MB)
		0 symbolic links
Conflicts: 1
Status: Watching for changes
-------------------------------------------------------------------------------

2026-08-17 16:54:56.313 +02:00 [INF] MutagenMon.Core.Monitoring.SessionMonitorService: Session 'pc-ub1-appman' status: Watching for changes, hasProblem: False, HasConflicts: False
2026-08-17 16:54:56.315 +02:00 [INF] MutagenMon.Core.Monitoring.SessionMonitorService: Session 'pc-ub1-mutagenmon' status: Watching for changes, hasProblem: False, HasConflicts: True
2026-08-17 16:54:56.318 +02:00 [INF] MutagenMon.Core.Monitoring.SessionMonitorService: Poll succeeded: worst=Conflicts, enabled=True, profileUpdated=False
2026-08-17 16:54:57.246 +02:00 [INF] MutagenMon.Core.Monitoring.SessionMonitorService: -------------------------------------------------------------------------------
Name: pc-ub1-appman
Identifier: sync_WpA0olCvqvjQEQWEI4okSZRpusFT7rL8lQ4GYhZtaLh
Alpha:
	URL: C:\sources\appman
	Connected: Yes
	Synchronizable contents:
		904 directories
		2351 files (206 MB)
		0 symbolic links
Beta:
	URL: tparent@pc-ub1:sources/appman
	Connected: Yes
	Synchronizable contents:
		904 directories
		2351 files (206 MB)
		0 symbolic links
Status: Watching for changes
-------------------------------------------------------------------------------
Name: pc-ub1-mutagenmon
Identifier: sync_cqhCMHYAW113J2fcp4bhUwGVWfGtTVQqmgm2tBfy2Q7
Alpha:
	URL: C:\sources\mutagenMon
	Connected: Yes
	Synchronizable contents:
		41 directories
		161 files (2.1 MB)
		0 symbolic links
	Scan problems: 1
Beta:
	URL: tparent@pc-ub1:sources/mutagenMon
	Connected: Yes
	Synchronizable contents:
		41 directories
		161 files (2.2 MB)
		0 symbolic links
Conflicts: 1
Status: Watching for changes
-------------------------------------------------------------------------------

2026-08-17 16:54:57.248 +02:00 [INF] MutagenMon.Core.Monitoring.SessionMonitorService: Session 'pc-ub1-appman' status: Watching for changes, hasProblem: False, HasConflicts: False
2026-08-17 16:54:57.251 +02:00 [INF] MutagenMon.Core.Monitoring.SessionMonitorService: Session 'pc-ub1-mutagenmon' status: Watching for changes, hasProblem: False, HasConflicts: True
2026-08-17 16:54:57.254 +02:00 [INF] MutagenMon.Core.Monitoring.SessionMonitorService: Poll succeeded: worst=Conflicts, enabled=True, profileUpdated=False
2026-08-17 16:54:58.308 +02:00 [INF] MutagenMon.Core.Monitoring.SessionMonitorService: -------------------------------------------------------------------------------
Name: pc-ub1-appman
Identifier: sync_WpA0olCvqvjQEQWEI4okSZRpusFT7rL8lQ4GYhZtaLh
Alpha:
	URL: C:\sources\appman
	Connected: Yes
	Synchronizable contents:
		904 directories
		2351 files (206 MB)
		0 symbolic links
Beta:
	URL: tparent@pc-ub1:sources/appman
	Connected: Yes
	Synchronizable contents:
		904 directories
		2351 files (206 MB)
		0 symbolic links
Status: Watching for changes
-------------------------------------------------------------------------------
Name: pc-ub1-mutagenmon
Identifier: sync_cqhCMHYAW113J2fcp4bhUwGVWfGtTVQqmgm2tBfy2Q7
Alpha:
	URL: C:\sources\mutagenMon
	Connected: Yes
	Synchronizable contents:
		41 directories
		161 files (2.1 MB)
		0 symbolic links
	Scan problems: 1
Beta:
	URL: tparent@pc-ub1:sources/mutagenMon
	Connected: Yes
	Synchronizable contents:
		41 directories
		161 files (2.2 MB)
		0 symbolic links
Conflicts: 1
Status: Watching for changes
-------------------------------------------------------------------------------

2026-08-17 16:54:58.311 +02:00 [INF] MutagenMon.Core.Monitoring.SessionMonitorService: Session 'pc-ub1-appman' status: Watching for changes, hasProblem: False, HasConflicts: False
2026-08-17 16:54:58.313 +02:00 [INF] MutagenMon.Core.Monitoring.SessionMonitorService: Session 'pc-ub1-mutagenmon' status: Watching for changes, hasProblem: False, HasConflicts: True
2026-08-17 16:54:58.316 +02:00 [INF] MutagenMon.Core.Monitoring.SessionMonitorService: Poll succeeded: worst=Conflicts, enabled=True, profileUpdated=False
2026-08-17 16:54:59.268 +02:00 [INF] MutagenMon.Core.Monitoring.SessionMonitorService: -------------------------------------------------------------------------------
Name: pc-ub1-appman
Identifier: sync_WpA0olCvqvjQEQWEI4okSZRpusFT7rL8lQ4GYhZtaLh
Alpha:
	URL: C:\sources\appman
	Connected: Yes
	Synchronizable contents:
		904 directories
		2351 files (206 MB)
		0 symbolic links
Beta:
	URL: tparent@pc-ub1:sources/appman
	Connected: Yes
	Synchronizable contents:
		904 directories
		2351 files (206 MB)
		0 symbolic links
Status: Watching for changes
-------------------------------------------------------------------------------
Name: pc-ub1-mutagenmon
Identifier: sync_cqhCMHYAW113J2fcp4bhUwGVWfGtTVQqmgm2tBfy2Q7
Alpha:
	URL: C:\sources\mutagenMon
	Connected: Yes
	Synchronizable contents:
		41 directories
		161 files (2.1 MB)
		0 symbolic links
	Scan problems: 1
Beta:
	URL: tparent@pc-ub1:sources/mutagenMon
	Connected: Yes
	Synchronizable contents:
		41 directories
		161 files (2.2 MB)
		0 symbolic links
Conflicts: 1
Status: Watching for changes
-------------------------------------------------------------------------------

2026-08-17 16:54:59.270 +02:00 [INF] MutagenMon.Core.Monitoring.SessionMonitorService: Session 'pc-ub1-appman' status: Watching for changes, hasProblem: False, HasConflicts: False
2026-08-17 16:54:59.271 +02:00 [INF] MutagenMon.Core.Monitoring.SessionMonitorService: Session 'pc-ub1-mutagenmon' status: Watching for changes, hasProblem: False, HasConflicts: True
2026-08-17 16:54:59.273 +02:00 [INF] MutagenMon.Core.Monitoring.SessionMonitorService: Poll succeeded: worst=Conflicts, enabled=True, profileUpdated=False
2026-08-17 16:55:00.281 +02:00 [INF] MutagenMon.Core.Monitoring.SessionMonitorService: -------------------------------------------------------------------------------
Name: pc-ub1-appman
Identifier: sync_WpA0olCvqvjQEQWEI4okSZRpusFT7rL8lQ4GYhZtaLh
Alpha:
	URL: C:\sources\appman
	Connected: Yes
	Synchronizable contents:
		904 directories
		2351 files (206 MB)
		0 symbolic links
Beta:
	URL: tparent@pc-ub1:sources/appman
	Connected: Yes
	Synchronizable contents:
		904 directories
		2351 files (206 MB)
		0 symbolic links
Status: Watching for changes
-------------------------------------------------------------------------------
Name: pc-ub1-mutagenmon
Identifier: sync_cqhCMHYAW113J2fcp4bhUwGVWfGtTVQqmgm2tBfy2Q7
Alpha:
	URL: C:\sources\mutagenMon
	Connected: Yes
	Synchronizable contents:
		41 directories
		161 files (2.1 MB)
		0 symbolic links
	Scan problems: 1
Beta:
	URL: tparent@pc-ub1:sources/mutagenMon
	Connected: Yes
	Synchronizable contents:
		41 directories
		161 files (2.2 MB)
		0 symbolic links
Conflicts: 1
Status: Watching for changes
-------------------------------------------------------------------------------

2026-08-17 16:55:00.284 +02:00 [INF] MutagenMon.Core.Monitoring.SessionMonitorService: Session 'pc-ub1-appman' status: Watching for changes, hasProblem: False, HasConflicts: False
2026-08-17 16:55:00.288 +02:00 [INF] MutagenMon.Core.Monitoring.SessionMonitorService: Session 'pc-ub1-mutagenmon' status: Watching for changes, hasProblem: False, HasConflicts: True
2026-08-17 16:55:00.293 +02:00 [INF] MutagenMon.Core.Monitoring.SessionMonitorService: Poll succeeded: worst=Conflicts, enabled=True, profileUpdated=False
2026-08-17 16:55:01.309 +02:00 [INF] MutagenMon.Core.Monitoring.SessionMonitorService: -------------------------------------------------------------------------------
Name: pc-ub1-appman
Identifier: sync_WpA0olCvqvjQEQWEI4okSZRpusFT7rL8lQ4GYhZtaLh
Alpha:
	URL: C:\sources\appman
	Connected: Yes
	Synchronizable contents:
		904 directories
		2351 files (206 MB)
		0 symbolic links
Beta:
	URL: tparent@pc-ub1:sources/appman
	Connected: Yes
	Synchronizable contents:
		904 directories
		2351 files (206 MB)
		0 symbolic links
Status: Watching for changes
-------------------------------------------------------------------------------
Name: pc-ub1-mutagenmon
Identifier: sync_cqhCMHYAW113J2fcp4bhUwGVWfGtTVQqmgm2tBfy2Q7
Alpha:
	URL: C:\sources\mutagenMon
	Connected: Yes
	Synchronizable contents:
		41 directories
		161 files (2.1 MB)
		0 symbolic links
	Scan problems: 1
Beta:
	URL: tparent@pc-ub1:sources/mutagenMon
	Connected: Yes
	Synchronizable contents:
		41 directories
		161 files (2.2 MB)
		0 symbolic links
Conflicts: 1
Status: Watching for changes
-------------------------------------------------------------------------------

2026-08-17 16:55:01.311 +02:00 [INF] MutagenMon.Core.Monitoring.SessionMonitorService: Session 'pc-ub1-appman' status: Watching for changes, hasProblem: False, HasConflicts: False
2026-08-17 16:55:01.313 +02:00 [INF] MutagenMon.Core.Monitoring.SessionMonitorService: Session 'pc-ub1-mutagenmon' status: Watching for changes, hasProblem: False, HasConflicts: True
2026-08-17 16:55:01.316 +02:00 [INF] MutagenMon.Core.Monitoring.SessionMonitorService: Poll succeeded: worst=Conflicts, enabled=True, profileUpdated=False
2026-08-17 16:55:02.264 +02:00 [INF] MutagenMon.Core.Monitoring.SessionMonitorService: -------------------------------------------------------------------------------
Name: pc-ub1-appman
Identifier: sync_WpA0olCvqvjQEQWEI4okSZRpusFT7rL8lQ4GYhZtaLh
Alpha:
	URL: C:\sources\appman
	Connected: Yes
	Synchronizable contents:
		904 directories
		2351 files (206 MB)
		0 symbolic links
Beta:
	URL: tparent@pc-ub1:sources/appman
	Connected: Yes
	Synchronizable contents:
		904 directories
		2351 files (206 MB)
		0 symbolic links
Status: Watching for changes
-------------------------------------------------------------------------------
Name: pc-ub1-mutagenmon
Identifier: sync_cqhCMHYAW113J2fcp4bhUwGVWfGtTVQqmgm2tBfy2Q7
Alpha:
	URL: C:\sources\mutagenMon
	Connected: Yes
	Synchronizable contents:
		41 directories
		161 files (2.2 MB)
		0 symbolic links
	Scan problems: 1
Beta:
	URL: tparent@pc-ub1:sources/mutagenMon
	Connected: Yes
	Synchronizable contents:
		41 directories
		161 files (2.2 MB)
		0 symbolic links
Conflicts: 1
Status: Watching for changes
-------------------------------------------------------------------------------

2026-08-17 16:55:02.268 +02:00 [INF] MutagenMon.Core.Monitoring.SessionMonitorService: Session 'pc-ub1-appman' status: Watching for changes, hasProblem: False, HasConflicts: False
2026-08-17 16:55:02.270 +02:00 [INF] MutagenMon.Core.Monitoring.SessionMonitorService: Session 'pc-ub1-mutagenmon' status: Watching for changes, hasProblem: False, HasConflicts: True
2026-08-17 16:55:02.273 +02:00 [INF] MutagenMon.Core.Monitoring.SessionMonitorService: Poll succeeded: worst=Conflicts, enabled=True, profileUpdated=False
2026-08-17 16:55:03.277 +02:00 [INF] MutagenMon.Core.Monitoring.SessionMonitorService: -------------------------------------------------------------------------------
Name: pc-ub1-appman
Identifier: sync_WpA0olCvqvjQEQWEI4okSZRpusFT7rL8lQ4GYhZtaLh
Alpha:
	URL: C:\sources\appman
	Connected: Yes
	Synchronizable contents:
		904 directories
		2351 files (206 MB)
		0 symbolic links
Beta:
	URL: tparent@pc-ub1:sources/appman
	Connected: Yes
	Synchronizable contents:
		904 directories
		2351 files (206 MB)
		0 symbolic links
Status: Watching for changes
-------------------------------------------------------------------------------
Name: pc-ub1-mutagenmon
Identifier: sync_cqhCMHYAW113J2fcp4bhUwGVWfGtTVQqmgm2tBfy2Q7
Alpha:
	URL: C:\sources\mutagenMon
	Connected: Yes
	Synchronizable contents:
		41 directories
		161 files (2.2 MB)
		0 symbolic links
	Scan problems: 1
Beta:
	URL: tparent@pc-ub1:sources/mutagenMon
	Connected: Yes
	Synchronizable contents:
		41 directories
		161 files (2.2 MB)
		0 symbolic links
Conflicts: 1
Status: Watching for changes
-------------------------------------------------------------------------------

2026-08-17 16:55:03.279 +02:00 [INF] MutagenMon.Core.Monitoring.SessionMonitorService: Session 'pc-ub1-appman' status: Watching for changes, hasProblem: False, HasConflicts: False
2026-08-17 16:55:03.281 +02:00 [INF] MutagenMon.Core.Monitoring.SessionMonitorService: Session 'pc-ub1-mutagenmon' status: Watching for changes, hasProblem: False, HasConflicts: True
2026-08-17 16:55:03.284 +02:00 [INF] MutagenMon.Core.Monitoring.SessionMonitorService: Poll succeeded: worst=Conflicts, enabled=True, profileUpdated=False
2026-08-17 16:55:04.302 +02:00 [INF] MutagenMon.Core.Monitoring.SessionMonitorService: -------------------------------------------------------------------------------
Name: pc-ub1-appman
Identifier: sync_WpA0olCvqvjQEQWEI4okSZRpusFT7rL8lQ4GYhZtaLh
Alpha:
	URL: C:\sources\appman
	Connected: Yes
	Synchronizable contents:
		904 directories
		2351 files (206 MB)
		0 symbolic links
Beta:
	URL: tparent@pc-ub1:sources/appman
	Connected: Yes
	Synchronizable contents:
		904 directories
		2351 files (206 MB)
		0 symbolic links
Status: Watching for changes
-------------------------------------------------------------------------------
Name: pc-ub1-mutagenmon
Identifier: sync_cqhCMHYAW113J2fcp4bhUwGVWfGtTVQqmgm2tBfy2Q7
Alpha:
	URL: C:\sources\mutagenMon
	Connected: Yes
	Synchronizable contents:
		41 directories
		161 files (2.2 MB)
		0 symbolic links
	Scan problems: 1
Beta:
	URL: tparent@pc-ub1:sources/mutagenMon
	Connected: Yes
	Synchronizable contents:
		41 directories
		161 files (2.2 MB)
		0 symbolic links
Conflicts: 1
Status: Watching for changes
-------------------------------------------------------------------------------

2026-08-17 16:55:04.305 +02:00 [INF] MutagenMon.Core.Monitoring.SessionMonitorService: Session 'pc-ub1-appman' status: Watching for changes, hasProblem: False, HasConflicts: False
2026-08-17 16:55:04.307 +02:00 [INF] MutagenMon.Core.Monitoring.SessionMonitorService: Session 'pc-ub1-mutagenmon' status: Watching for changes, hasProblem: False, HasConflicts: True
2026-08-17 16:55:04.310 +02:00 [INF] MutagenMon.Core.Monitoring.SessionMonitorService: Poll succeeded: worst=Conflicts, enabled=True, profileUpdated=False
2026-08-17 16:55:05.297 +02:00 [INF] MutagenMon.Core.Monitoring.SessionMonitorService: -------------------------------------------------------------------------------
Name: pc-ub1-appman
Identifier: sync_WpA0olCvqvjQEQWEI4okSZRpusFT7rL8lQ4GYhZtaLh
Alpha:
	URL: C:\sources\appman
	Connected: Yes
	Synchronizable contents:
		904 directories
		2351 files (206 MB)
		0 symbolic links
Beta:
	URL: tparent@pc-ub1:sources/appman
	Connected: Yes
	Synchronizable contents:
		904 directories
		2351 files (206 MB)
		0 symbolic links
Status: Watching for changes
-------------------------------------------------------------------------------
Name: pc-ub1-mutagenmon
Identifier: sync_cqhCMHYAW113J2fcp4bhUwGVWfGtTVQqmgm2tBfy2Q7
Alpha:
	URL: C:\sources\mutagenMon
	Connected: Yes
	Synchronizable contents:
		41 directories
		161 files (2.2 MB)
		0 symbolic links
	Scan problems: 1
Beta:
	URL: tparent@pc-ub1:sources/mutagenMon
	Connected: Yes
	Synchronizable contents:
		41 directories
		161 files (2.2 MB)
		0 symbolic links
Conflicts: 1
Status: Watching for changes
-------------------------------------------------------------------------------

2026-08-17 16:55:05.300 +02:00 [INF] MutagenMon.Core.Monitoring.SessionMonitorService: Session 'pc-ub1-appman' status: Watching for changes, hasProblem: False, HasConflicts: False
2026-08-17 16:55:05.302 +02:00 [INF] MutagenMon.Core.Monitoring.SessionMonitorService: Session 'pc-ub1-mutagenmon' status: Watching for changes, hasProblem: False, HasConflicts: True
2026-08-17 16:55:05.305 +02:00 [INF] MutagenMon.Core.Monitoring.SessionMonitorService: Poll succeeded: worst=Conflicts, enabled=True, profileUpdated=False
2026-08-17 16:55:06.244 +02:00 [INF] MutagenMon.Core.Monitoring.SessionMonitorService: -------------------------------------------------------------------------------
Name: pc-ub1-appman
Identifier: sync_WpA0olCvqvjQEQWEI4okSZRpusFT7rL8lQ4GYhZtaLh
Alpha:
	URL: C:\sources\appman
	Connected: Yes
	Synchronizable contents:
		904 directories
		2351 files (206 MB)
		0 symbolic links
Beta:
	URL: tparent@pc-ub1:sources/appman
	Connected: Yes
	Synchronizable contents:
		904 directories
		2351 files (206 MB)
		0 symbolic links
Status: Watching for changes
-------------------------------------------------------------------------------
Name: pc-ub1-mutagenmon
Identifier: sync_cqhCMHYAW113J2fcp4bhUwGVWfGtTVQqmgm2tBfy2Q7
Alpha:
	URL: C:\sources\mutagenMon
	Connected: Yes
	Synchronizable contents:
		41 directories
		161 files (2.2 MB)
		0 symbolic links
	Scan problems: 1
Beta:
	URL: tparent@pc-ub1:sources/mutagenMon
	Connected: Yes
	Synchronizable contents:
		41 directories
		161 files (2.2 MB)
		0 symbolic links
Conflicts: 1
Status: Watching for changes
-------------------------------------------------------------------------------

2026-08-17 16:55:06.247 +02:00 [INF] MutagenMon.Core.Monitoring.SessionMonitorService: Session 'pc-ub1-appman' status: Watching for changes, hasProblem: False, HasConflicts: False
2026-08-17 16:55:06.250 +02:00 [INF] MutagenMon.Core.Monitoring.SessionMonitorService: Session 'pc-ub1-mutagenmon' status: Watching for changes, hasProblem: False, HasConflicts: True
2026-08-17 16:55:06.254 +02:00 [INF] MutagenMon.Core.Monitoring.SessionMonitorService: Poll succeeded: worst=Conflicts, enabled=True, profileUpdated=False
2026-08-17 16:55:07.296 +02:00 [INF] MutagenMon.Core.Monitoring.SessionMonitorService: -------------------------------------------------------------------------------
Name: pc-ub1-appman
Identifier: sync_WpA0olCvqvjQEQWEI4okSZRpusFT7rL8lQ4GYhZtaLh
Alpha:
	URL: C:\sources\appman
	Connected: Yes
	Synchronizable contents:
		904 directories
		2351 files (206 MB)
		0 symbolic links
Beta:
	URL: tparent@pc-ub1:sources/appman
	Connected: Yes
	Synchronizable contents:
		904 directories
		2351 files (206 MB)
		0 symbolic links
Status: Watching for changes
-------------------------------------------------------------------------------
Name: pc-ub1-mutagenmon
Identifier: sync_cqhCMHYAW113J2fcp4bhUwGVWfGtTVQqmgm2tBfy2Q7
Alpha:
	URL: C:\sources\mutagenMon
	Connected: Yes
	Synchronizable contents:
		41 directories
		161 files (2.2 MB)
		0 symbolic links
	Scan problems: 1
Beta:
	URL: tparent@pc-ub1:sources/mutagenMon
	Connected: Yes
	Synchronizable contents:
		41 directories
		161 files (2.2 MB)
		0 symbolic links
Conflicts: 1
Status: Watching for changes
-------------------------------------------------------------------------------

2026-08-17 16:55:07.299 +02:00 [INF] MutagenMon.Core.Monitoring.SessionMonitorService: Session 'pc-ub1-appman' status: Watching for changes, hasProblem: False, HasConflicts: False
2026-08-17 16:55:07.301 +02:00 [INF] MutagenMon.Core.Monitoring.SessionMonitorService: Session 'pc-ub1-mutagenmon' status: Watching for changes, hasProblem: False, HasConflicts: True
2026-08-17 16:55:07.304 +02:00 [INF] MutagenMon.Core.Monitoring.SessionMonitorService: Poll succeeded: worst=Conflicts, enabled=True, profileUpdated=False
2026-08-17 16:55:08.262 +02:00 [INF] MutagenMon.Core.Monitoring.SessionMonitorService: -------------------------------------------------------------------------------
Name: pc-ub1-appman
Identifier: sync_WpA0olCvqvjQEQWEI4okSZRpusFT7rL8lQ4GYhZtaLh
Alpha:
	URL: C:\sources\appman
	Connected: Yes
	Synchronizable contents:
		904 directories
		2351 files (206 MB)
		0 symbolic links
Beta:
	URL: tparent@pc-ub1:sources/appman
	Connected: Yes
	Synchronizable contents:
		904 directories
		2351 files (206 MB)
		0 symbolic links
Status: Watching for changes
-------------------------------------------------------------------------------
Name: pc-ub1-mutagenmon
Identifier: sync_cqhCMHYAW113J2fcp4bhUwGVWfGtTVQqmgm2tBfy2Q7
Alpha:
	URL: C:\sources\mutagenMon
	Connected: Yes
	Synchronizable contents:
		41 directories
		161 files (2.2 MB)
		0 symbolic links
	Scan problems: 1
Beta:
	URL: tparent@pc-ub1:sources/mutagenMon
	Connected: Yes
	Synchronizable contents:
		41 directories
		161 files (2.2 MB)
		0 symbolic links
Conflicts: 1
Status: Watching for changes
-------------------------------------------------------------------------------

2026-08-17 16:55:08.264 +02:00 [INF] MutagenMon.Core.Monitoring.SessionMonitorService: Session 'pc-ub1-appman' status: Watching for changes, hasProblem: False, HasConflicts: False
2026-08-17 16:55:08.266 +02:00 [INF] MutagenMon.Core.Monitoring.SessionMonitorService: Session 'pc-ub1-mutagenmon' status: Watching for changes, hasProblem: False, HasConflicts: True
2026-08-17 16:55:08.268 +02:00 [INF] MutagenMon.Core.Monitoring.SessionMonitorService: Poll succeeded: worst=Conflicts, enabled=True, profileUpdated=False
2026-08-17 16:55:09.267 +02:00 [INF] MutagenMon.Core.Monitoring.SessionMonitorService: -------------------------------------------------------------------------------
Name: pc-ub1-appman
Identifier: sync_WpA0olCvqvjQEQWEI4okSZRpusFT7rL8lQ4GYhZtaLh
Alpha:
	URL: C:\sources\appman
	Connected: Yes
	Synchronizable contents:
		904 directories
		2351 files (206 MB)
		0 symbolic links
Beta:
	URL: tparent@pc-ub1:sources/appman
	Connected: Yes
	Synchronizable contents:
		904 directories
		2351 files (206 MB)
		0 symbolic links
Status: Watching for changes
-------------------------------------------------------------------------------
Name: pc-ub1-mutagenmon
Identifier: sync_cqhCMHYAW113J2fcp4bhUwGVWfGtTVQqmgm2tBfy2Q7
Alpha:
	URL: C:\sources\mutagenMon
	Connected: Yes
	Synchronizable contents:
		41 directories
		161 files (2.2 MB)
		0 symbolic links
	Scan problems: 1
Beta:
	URL: tparent@pc-ub1:sources/mutagenMon
	Connected: Yes
	Synchronizable contents:
		41 directories
		161 files (2.2 MB)
		0 symbolic links
Conflicts: 1
Status: Watching for changes
-------------------------------------------------------------------------------

2026-08-17 16:55:09.270 +02:00 [INF] MutagenMon.Core.Monitoring.SessionMonitorService: Session 'pc-ub1-appman' status: Watching for changes, hasProblem: False, HasConflicts: False
2026-08-17 16:55:09.274 +02:00 [INF] MutagenMon.Core.Monitoring.SessionMonitorService: Session 'pc-ub1-mutagenmon' status: Watching for changes, hasProblem: False, HasConflicts: True
2026-08-17 16:55:09.278 +02:00 [INF] MutagenMon.Core.Monitoring.SessionMonitorService: Poll succeeded: worst=Conflicts, enabled=True, profileUpdated=False
2026-08-17 16:55:10.322 +02:00 [INF] MutagenMon.Core.Monitoring.SessionMonitorService: -------------------------------------------------------------------------------
Name: pc-ub1-appman
Identifier: sync_WpA0olCvqvjQEQWEI4okSZRpusFT7rL8lQ4GYhZtaLh
Alpha:
	URL: C:\sources\appman
	Connected: Yes
	Synchronizable contents:
		904 directories
		2351 files (206 MB)
		0 symbolic links
Beta:
	URL: tparent@pc-ub1:sources/appman
	Connected: Yes
	Synchronizable contents:
		904 directories
		2351 files (206 MB)
		0 symbolic links
Status: Watching for changes
-------------------------------------------------------------------------------
Name: pc-ub1-mutagenmon
Identifier: sync_cqhCMHYAW113J2fcp4bhUwGVWfGtTVQqmgm2tBfy2Q7
Alpha:
	URL: C:\sources\mutagenMon
	Connected: Yes
	Synchronizable contents:
		41 directories
		161 files (2.2 MB)
		0 symbolic links
	Scan problems: 1
Beta:
	URL: tparent@pc-ub1:sources/mutagenMon
	Connected: Yes
	Synchronizable contents:
		41 directories
		161 files (2.2 MB)
		0 symbolic links
Conflicts: 1
Status: Watching for changes
-------------------------------------------------------------------------------

2026-08-17 16:55:10.325 +02:00 [INF] MutagenMon.Core.Monitoring.SessionMonitorService: Session 'pc-ub1-appman' status: Watching for changes, hasProblem: False, HasConflicts: False
2026-08-17 16:55:10.328 +02:00 [INF] MutagenMon.Core.Monitoring.SessionMonitorService: Session 'pc-ub1-mutagenmon' status: Watching for changes, hasProblem: False, HasConflicts: True
2026-08-17 16:55:10.333 +02:00 [INF] MutagenMon.Core.Monitoring.SessionMonitorService: Poll succeeded: worst=Conflicts, enabled=True, profileUpdated=False
2026-08-17 16:55:11.311 +02:00 [INF] MutagenMon.Core.Monitoring.SessionMonitorService: -------------------------------------------------------------------------------
Name: pc-ub1-appman
Identifier: sync_WpA0olCvqvjQEQWEI4okSZRpusFT7rL8lQ4GYhZtaLh
Alpha:
	URL: C:\sources\appman
	Connected: Yes
	Synchronizable contents:
		904 directories
		2351 files (206 MB)
		0 symbolic links
Beta:
	URL: tparent@pc-ub1:sources/appman
	Connected: Yes
	Synchronizable contents:
		904 directories
		2351 files (206 MB)
		0 symbolic links
Status: Watching for changes
-------------------------------------------------------------------------------
Name: pc-ub1-mutagenmon
Identifier: sync_cqhCMHYAW113J2fcp4bhUwGVWfGtTVQqmgm2tBfy2Q7
Alpha:
	URL: C:\sources\mutagenMon
	Connected: Yes
	Synchronizable contents:
		41 directories
		161 files (2.2 MB)
		0 symbolic links
	Scan problems: 1
Beta:
	URL: tparent@pc-ub1:sources/mutagenMon
	Connected: Yes
	Synchronizable contents:
		41 directories
		161 files (2.2 MB)
		0 symbolic links
Conflicts: 1
Status: Watching for changes
-------------------------------------------------------------------------------

2026-08-17 16:55:11.315 +02:00 [INF] MutagenMon.Core.Monitoring.SessionMonitorService: Session 'pc-ub1-appman' status: Watching for changes, hasProblem: False, HasConflicts: False
2026-08-17 16:55:11.318 +02:00 [INF] MutagenMon.Core.Monitoring.SessionMonitorService: Session 'pc-ub1-mutagenmon' status: Watching for changes, hasProblem: False, HasConflicts: True
2026-08-17 16:55:11.322 +02:00 [INF] MutagenMon.Core.Monitoring.SessionMonitorService: Poll succeeded: worst=Conflicts, enabled=True, profileUpdated=False
2026-08-17 16:55:12.287 +02:00 [INF] MutagenMon.Core.Monitoring.SessionMonitorService: -------------------------------------------------------------------------------
Name: pc-ub1-appman
Identifier: sync_WpA0olCvqvjQEQWEI4okSZRpusFT7rL8lQ4GYhZtaLh
Alpha:
	URL: C:\sources\appman
	Connected: Yes
	Synchronizable contents:
		904 directories
		2351 files (206 MB)
		0 symbolic links
Beta:
	URL: tparent@pc-ub1:sources/appman
	Connected: Yes
	Synchronizable contents:
		904 directories
		2351 files (206 MB)
		0 symbolic links
Status: Watching for changes
-------------------------------------------------------------------------------
Name: pc-ub1-mutagenmon
Identifier: sync_cqhCMHYAW113J2fcp4bhUwGVWfGtTVQqmgm2tBfy2Q7
Alpha:
	URL: C:\sources\mutagenMon
	Connected: Yes
	Synchronizable contents:
		41 directories
		161 files (2.2 MB)
		0 symbolic links
	Scan problems: 1
Beta:
	URL: tparent@pc-ub1:sources/mutagenMon
	Connected: Yes
	Synchronizable contents:
		41 directories
		161 files (2.2 MB)
		0 symbolic links
Conflicts: 1
Status: Watching for changes
-------------------------------------------------------------------------------

2026-08-17 16:55:12.289 +02:00 [INF] MutagenMon.Core.Monitoring.SessionMonitorService: Session 'pc-ub1-appman' status: Watching for changes, hasProblem: False, HasConflicts: False
2026-08-17 16:55:12.291 +02:00 [INF] MutagenMon.Core.Monitoring.SessionMonitorService: Session 'pc-ub1-mutagenmon' status: Watching for changes, hasProblem: False, HasConflicts: True
2026-08-17 16:55:12.295 +02:00 [INF] MutagenMon.Core.Monitoring.SessionMonitorService: Poll succeeded: worst=Conflicts, enabled=True, profileUpdated=False
2026-08-17 16:55:13.321 +02:00 [INF] MutagenMon.Core.Monitoring.SessionMonitorService: -------------------------------------------------------------------------------
Name: pc-ub1-appman
Identifier: sync_WpA0olCvqvjQEQWEI4okSZRpusFT7rL8lQ4GYhZtaLh
Alpha:
	URL: C:\sources\appman
	Connected: Yes
	Synchronizable contents:
		904 directories
		2351 files (206 MB)
		0 symbolic links
Beta:
	URL: tparent@pc-ub1:sources/appman
	Connected: Yes
	Synchronizable contents:
		904 directories
		2351 files (206 MB)
		0 symbolic links
Status: Watching for changes
-------------------------------------------------------------------------------
Name: pc-ub1-mutagenmon
Identifier: sync_cqhCMHYAW113J2fcp4bhUwGVWfGtTVQqmgm2tBfy2Q7
Alpha:
	URL: C:\sources\mutagenMon
	Connected: Yes
	Synchronizable contents:
		41 directories
		161 files (2.2 MB)
		0 symbolic links
	Scan problems: 1
Beta:
	URL: tparent@pc-ub1:sources/mutagenMon
	Connected: Yes
	Synchronizable contents:
		41 directories
		161 files (2.2 MB)
		0 symbolic links
Conflicts: 1
Status: Watching for changes
-------------------------------------------------------------------------------

2026-08-17 16:55:13.324 +02:00 [INF] MutagenMon.Core.Monitoring.SessionMonitorService: Session 'pc-ub1-appman' status: Watching for changes, hasProblem: False, HasConflicts: False
2026-08-17 16:55:13.326 +02:00 [INF] MutagenMon.Core.Monitoring.SessionMonitorService: Session 'pc-ub1-mutagenmon' status: Watching for changes, hasProblem: False, HasConflicts: True
2026-08-17 16:55:13.331 +02:00 [INF] MutagenMon.Core.Monitoring.SessionMonitorService: Poll succeeded: worst=Conflicts, enabled=True, profileUpdated=False
2026-08-17 16:55:14.286 +02:00 [INF] MutagenMon.Core.Monitoring.SessionMonitorService: -------------------------------------------------------------------------------
Name: pc-ub1-appman
Identifier: sync_WpA0olCvqvjQEQWEI4okSZRpusFT7rL8lQ4GYhZtaLh
Alpha:
	URL: C:\sources\appman
	Connected: Yes
	Synchronizable contents:
		904 directories
		2351 files (206 MB)
		0 symbolic links
Beta:
	URL: tparent@pc-ub1:sources/appman
	Connected: Yes
	Synchronizable contents:
		904 directories
		2351 files (206 MB)
		0 symbolic links
Status: Watching for changes
-------------------------------------------------------------------------------
Name: pc-ub1-mutagenmon
Identifier: sync_cqhCMHYAW113J2fcp4bhUwGVWfGtTVQqmgm2tBfy2Q7
Alpha:
	URL: C:\sources\mutagenMon
	Connected: Yes
	Synchronizable contents:
		41 directories
		161 files (2.2 MB)
		0 symbolic links
	Scan problems: 1
Beta:
	URL: tparent@pc-ub1:sources/mutagenMon
	Connected: Yes
	Synchronizable contents:
		41 directories
		161 files (2.2 MB)
		0 symbolic links
Conflicts: 1
Status: Watching for changes
-------------------------------------------------------------------------------

2026-08-17 16:55:14.291 +02:00 [INF] MutagenMon.Core.Monitoring.SessionMonitorService: Session 'pc-ub1-appman' status: Watching for changes, hasProblem: False, HasConflicts: False
2026-08-17 16:55:14.294 +02:00 [INF] MutagenMon.Core.Monitoring.SessionMonitorService: Session 'pc-ub1-mutagenmon' status: Watching for changes, hasProblem: False, HasConflicts: True
2026-08-17 16:55:14.301 +02:00 [INF] MutagenMon.Core.Monitoring.SessionMonitorService: Poll succeeded: worst=Conflicts, enabled=True, profileUpdated=False
2026-08-17 16:55:15.315 +02:00 [INF] MutagenMon.Core.Monitoring.SessionMonitorService: -------------------------------------------------------------------------------
Name: pc-ub1-appman
Identifier: sync_WpA0olCvqvjQEQWEI4okSZRpusFT7rL8lQ4GYhZtaLh
Alpha:
	URL: C:\sources\appman
	Connected: Yes
	Synchronizable contents:
		904 directories
		2351 files (206 MB)
		0 symbolic links
Beta:
	URL: tparent@pc-ub1:sources/appman
	Connected: Yes
	Synchronizable contents:
		904 directories
		2351 files (206 MB)
		0 symbolic links
Status: Watching for changes
-------------------------------------------------------------------------------
Name: pc-ub1-mutagenmon
Identifier: sync_cqhCMHYAW113J2fcp4bhUwGVWfGtTVQqmgm2tBfy2Q7
Alpha:
	URL: C:\sources\mutagenMon
	Connected: Yes
	Synchronizable contents:
		41 directories
		161 files (2.2 MB)
		0 symbolic links
	Scan problems: 1
Beta:
	URL: tparent@pc-ub1:sources/mutagenMon
	Connected: Yes
	Synchronizable contents:
		41 directories
		161 files (2.2 MB)
		0 symbolic links
Conflicts: 1
Status: Watching for changes
-------------------------------------------------------------------------------

2026-08-17 16:55:15.318 +02:00 [INF] MutagenMon.Core.Monitoring.SessionMonitorService: Session 'pc-ub1-appman' status: Watching for changes, hasProblem: False, HasConflicts: False
2026-08-17 16:55:15.321 +02:00 [INF] MutagenMon.Core.Monitoring.SessionMonitorService: Session 'pc-ub1-mutagenmon' status: Watching for changes, hasProblem: False, HasConflicts: True
2026-08-17 16:55:15.325 +02:00 [INF] MutagenMon.Core.Monitoring.SessionMonitorService: Poll succeeded: worst=Conflicts, enabled=True, profileUpdated=False
2026-08-17 16:55:16.262 +02:00 [INF] MutagenMon.Core.Monitoring.SessionMonitorService: -------------------------------------------------------------------------------
Name: pc-ub1-appman
Identifier: sync_WpA0olCvqvjQEQWEI4okSZRpusFT7rL8lQ4GYhZtaLh
Alpha:
	URL: C:\sources\appman
	Connected: Yes
	Synchronizable contents:
		904 directories
		2351 files (206 MB)
		0 symbolic links
Beta:
	URL: tparent@pc-ub1:sources/appman
	Connected: Yes
	Synchronizable contents:
		904 directories
		2351 files (206 MB)
		0 symbolic links
Status: Watching for changes
-------------------------------------------------------------------------------
Name: pc-ub1-mutagenmon
Identifier: sync_cqhCMHYAW113J2fcp4bhUwGVWfGtTVQqmgm2tBfy2Q7
Alpha:
	URL: C:\sources\mutagenMon
	Connected: Yes
	Synchronizable contents:
		41 directories
		161 files (2.2 MB)
		0 symbolic links
	Scan problems: 1
Beta:
	URL: tparent@pc-ub1:sources/mutagenMon
	Connected: Yes
	Synchronizable contents:
		41 directories
		161 files (2.2 MB)
		0 symbolic links
Conflicts: 1
Status: Watching for changes
-------------------------------------------------------------------------------

2026-08-17 16:55:16.265 +02:00 [INF] MutagenMon.Core.Monitoring.SessionMonitorService: Session 'pc-ub1-appman' status: Watching for changes, hasProblem: False, HasConflicts: False
2026-08-17 16:55:16.267 +02:00 [INF] MutagenMon.Core.Monitoring.SessionMonitorService: Session 'pc-ub1-mutagenmon' status: Watching for changes, hasProblem: False, HasConflicts: True
2026-08-17 16:55:16.271 +02:00 [INF] MutagenMon.Core.Monitoring.SessionMonitorService: Poll succeeded: worst=Conflicts, enabled=True, profileUpdated=False
2026-08-17 16:55:17.273 +02:00 [INF] MutagenMon.Core.Monitoring.SessionMonitorService: -------------------------------------------------------------------------------
Name: pc-ub1-appman
Identifier: sync_WpA0olCvqvjQEQWEI4okSZRpusFT7rL8lQ4GYhZtaLh
Alpha:
	URL: C:\sources\appman
	Connected: Yes
	Synchronizable contents:
		904 directories
		2351 files (206 MB)
		0 symbolic links
Beta:
	URL: tparent@pc-ub1:sources/appman
	Connected: Yes
	Synchronizable contents:
		904 directories
		2351 files (206 MB)
		0 symbolic links
Status: Watching for changes
-------------------------------------------------------------------------------
Name: pc-ub1-mutagenmon
Identifier: sync_cqhCMHYAW113J2fcp4bhUwGVWfGtTVQqmgm2tBfy2Q7
Alpha:
	URL: C:\sources\mutagenMon
	Connected: Yes
	Synchronizable contents:
		41 directories
		161 files (2.2 MB)
		0 symbolic links
	Scan problems: 1
Beta:
	URL: tparent@pc-ub1:sources/mutagenMon
	Connected: Yes
	Synchronizable contents:
		41 directories
		161 files (2.2 MB)
		0 symbolic links
Conflicts: 1
Status: Watching for changes
-------------------------------------------------------------------------------

2026-08-17 16:55:17.276 +02:00 [INF] MutagenMon.Core.Monitoring.SessionMonitorService: Session 'pc-ub1-appman' status: Watching for changes, hasProblem: False, HasConflicts: False
2026-08-17 16:55:17.279 +02:00 [INF] MutagenMon.Core.Monitoring.SessionMonitorService: Session 'pc-ub1-mutagenmon' status: Watching for changes, hasProblem: False, HasConflicts: True
2026-08-17 16:55:17.283 +02:00 [INF] MutagenMon.Core.Monitoring.SessionMonitorService: Poll succeeded: worst=Conflicts, enabled=True, profileUpdated=False
2026-08-17 16:55:18.272 +02:00 [INF] MutagenMon.Core.Monitoring.SessionMonitorService: -------------------------------------------------------------------------------
Name: pc-ub1-appman
Identifier: sync_WpA0olCvqvjQEQWEI4okSZRpusFT7rL8lQ4GYhZtaLh
Alpha:
	URL: C:\sources\appman
	Connected: Yes
	Synchronizable contents:
		904 directories
		2351 files (206 MB)
		0 symbolic links
Beta:
	URL: tparent@pc-ub1:sources/appman
	Connected: Yes
	Synchronizable contents:
		904 directories
		2351 files (206 MB)
		0 symbolic links
Status: Watching for changes
-------------------------------------------------------------------------------
Name: pc-ub1-mutagenmon
Identifier: sync_cqhCMHYAW113J2fcp4bhUwGVWfGtTVQqmgm2tBfy2Q7
Alpha:
	URL: C:\sources\mutagenMon
	Connected: Yes
	Synchronizable contents:
		41 directories
		161 files (2.2 MB)
		0 symbolic links
	Scan problems: 1
Beta:
	URL: tparent@pc-ub1:sources/mutagenMon
	Connected: Yes
	Synchronizable contents:
		41 directories
		161 files (2.2 MB)
		0 symbolic links
Conflicts: 1
Status: Watching for changes
-------------------------------------------------------------------------------

2026-08-17 16:55:18.274 +02:00 [INF] MutagenMon.Core.Monitoring.SessionMonitorService: Session 'pc-ub1-appman' status: Watching for changes, hasProblem: False, HasConflicts: False
2026-08-17 16:55:18.276 +02:00 [INF] MutagenMon.Core.Monitoring.SessionMonitorService: Session 'pc-ub1-mutagenmon' status: Watching for changes, hasProblem: False, HasConflicts: True
2026-08-17 16:55:18.279 +02:00 [INF] MutagenMon.Core.Monitoring.SessionMonitorService: Poll succeeded: worst=Conflicts, enabled=True, profileUpdated=False
2026-08-17 16:55:19.263 +02:00 [INF] MutagenMon.Core.Monitoring.SessionMonitorService: -------------------------------------------------------------------------------
Name: pc-ub1-appman
Identifier: sync_WpA0olCvqvjQEQWEI4okSZRpusFT7rL8lQ4GYhZtaLh
Alpha:
	URL: C:\sources\appman
	Connected: Yes
	Synchronizable contents:
		904 directories
		2351 files (206 MB)
		0 symbolic links
Beta:
	URL: tparent@pc-ub1:sources/appman
	Connected: Yes
	Synchronizable contents:
		904 directories
		2351 files (206 MB)
		0 symbolic links
Status: Watching for changes
-------------------------------------------------------------------------------
Name: pc-ub1-mutagenmon
Identifier: sync_cqhCMHYAW113J2fcp4bhUwGVWfGtTVQqmgm2tBfy2Q7
Alpha:
	URL: C:\sources\mutagenMon
	Connected: Yes
	Synchronizable contents:
		41 directories
		161 files (2.2 MB)
		0 symbolic links
	Scan problems: 1
Beta:
	URL: tparent@pc-ub1:sources/mutagenMon
	Connected: Yes
	Synchronizable contents:
		41 directories
		161 files (2.2 MB)
		0 symbolic links
Conflicts: 1
Status: Watching for changes
-------------------------------------------------------------------------------

2026-08-17 16:55:19.267 +02:00 [INF] MutagenMon.Core.Monitoring.SessionMonitorService: Session 'pc-ub1-appman' status: Watching for changes, hasProblem: False, HasConflicts: False
2026-08-17 16:55:19.270 +02:00 [INF] MutagenMon.Core.Monitoring.SessionMonitorService: Session 'pc-ub1-mutagenmon' status: Watching for changes, hasProblem: False, HasConflicts: True
2026-08-17 16:55:19.273 +02:00 [INF] MutagenMon.Core.Monitoring.SessionMonitorService: Poll succeeded: worst=Conflicts, enabled=True, profileUpdated=False
2026-08-17 16:55:20.270 +02:00 [INF] MutagenMon.Core.Monitoring.SessionMonitorService: -------------------------------------------------------------------------------
Name: pc-ub1-appman
Identifier: sync_WpA0olCvqvjQEQWEI4okSZRpusFT7rL8lQ4GYhZtaLh
Alpha:
	URL: C:\sources\appman
	Connected: Yes
	Synchronizable contents:
		904 directories
		2351 files (206 MB)
		0 symbolic links
Beta:
	URL: tparent@pc-ub1:sources/appman
	Connected: Yes
	Synchronizable contents:
		904 directories
		2351 files (206 MB)
		0 symbolic links
Status: Watching for changes
-------------------------------------------------------------------------------
Name: pc-ub1-mutagenmon
Identifier: sync_cqhCMHYAW113J2fcp4bhUwGVWfGtTVQqmgm2tBfy2Q7
Alpha:
	URL: C:\sources\mutagenMon
	Connected: Yes
	Synchronizable contents:
		41 directories
		161 files (2.2 MB)
		0 symbolic links
	Scan problems: 1
Beta:
	URL: tparent@pc-ub1:sources/mutagenMon
	Connected: Yes
	Synchronizable contents:
		41 directories
		161 files (2.2 MB)
		0 symbolic links
Conflicts: 1
Status: Watching for changes
-------------------------------------------------------------------------------

2026-08-17 16:55:20.273 +02:00 [INF] MutagenMon.Core.Monitoring.SessionMonitorService: Session 'pc-ub1-appman' status: Watching for changes, hasProblem: False, HasConflicts: False
2026-08-17 16:55:20.275 +02:00 [INF] MutagenMon.Core.Monitoring.SessionMonitorService: Session 'pc-ub1-mutagenmon' status: Watching for changes, hasProblem: False, HasConflicts: True
2026-08-17 16:55:20.278 +02:00 [INF] MutagenMon.Core.Monitoring.SessionMonitorService: Poll succeeded: worst=Conflicts, enabled=True, profileUpdated=False
2026-08-17 16:55:21.317 +02:00 [INF] MutagenMon.Core.Monitoring.SessionMonitorService: -------------------------------------------------------------------------------
Name: pc-ub1-appman
Identifier: sync_WpA0olCvqvjQEQWEI4okSZRpusFT7rL8lQ4GYhZtaLh
Alpha:
	URL: C:\sources\appman
	Connected: Yes
	Synchronizable contents:
		904 directories
		2351 files (206 MB)
		0 symbolic links
Beta:
	URL: tparent@pc-ub1:sources/appman
	Connected: Yes
	Synchronizable contents:
		904 directories
		2351 files (206 MB)
		0 symbolic links
Status: Watching for changes
-------------------------------------------------------------------------------
Name: pc-ub1-mutagenmon
Identifier: sync_cqhCMHYAW113J2fcp4bhUwGVWfGtTVQqmgm2tBfy2Q7
Alpha:
	URL: C:\sources\mutagenMon
	Connected: Yes
	Synchronizable contents:
		41 directories
		161 files (2.2 MB)
		0 symbolic links
	Scan problems: 1
Beta:
	URL: tparent@pc-ub1:sources/mutagenMon
	Connected: Yes
	Synchronizable contents:
		41 directories
		161 files (2.2 MB)
		0 symbolic links
Conflicts: 1
Status: Watching for changes
-------------------------------------------------------------------------------

2026-08-17 16:55:21.319 +02:00 [INF] MutagenMon.Core.Monitoring.SessionMonitorService: Session 'pc-ub1-appman' status: Watching for changes, hasProblem: False, HasConflicts: False
2026-08-17 16:55:21.321 +02:00 [INF] MutagenMon.Core.Monitoring.SessionMonitorService: Session 'pc-ub1-mutagenmon' status: Watching for changes, hasProblem: False, HasConflicts: True
2026-08-17 16:55:21.324 +02:00 [INF] MutagenMon.Core.Monitoring.SessionMonitorService: Poll succeeded: worst=Conflicts, enabled=True, profileUpdated=False
2026-08-17 16:55:22.306 +02:00 [INF] MutagenMon.Core.Monitoring.SessionMonitorService: -------------------------------------------------------------------------------
Name: pc-ub1-appman
Identifier: sync_WpA0olCvqvjQEQWEI4okSZRpusFT7rL8lQ4GYhZtaLh
Alpha:
	URL: C:\sources\appman
	Connected: Yes
	Synchronizable contents:
		904 directories
		2351 files (206 MB)
		0 symbolic links
Beta:
	URL: tparent@pc-ub1:sources/appman
	Connected: Yes
	Synchronizable contents:
		904 directories
		2351 files (206 MB)
		0 symbolic links
Status: Watching for changes
-------------------------------------------------------------------------------
Name: pc-ub1-mutagenmon
Identifier: sync_cqhCMHYAW113J2fcp4bhUwGVWfGtTVQqmgm2tBfy2Q7
Alpha:
	URL: C:\sources\mutagenMon
	Connected: Yes
	Synchronizable contents:
		41 directories
		161 files (2.2 MB)
		0 symbolic links
	Scan problems: 1
Beta:
	URL: tparent@pc-ub1:sources/mutagenMon
	Connected: Yes
	Synchronizable contents:
		41 directories
		161 files (2.2 MB)
		0 symbolic links
Conflicts: 1
Status: Watching for changes
-------------------------------------------------------------------------------

2026-08-17 16:55:22.310 +02:00 [INF] MutagenMon.Core.Monitoring.SessionMonitorService: Session 'pc-ub1-appman' status: Watching for changes, hasProblem: False, HasConflicts: False
2026-08-17 16:55:22.313 +02:00 [INF] MutagenMon.Core.Monitoring.SessionMonitorService: Session 'pc-ub1-mutagenmon' status: Watching for changes, hasProblem: False, HasConflicts: True
2026-08-17 16:55:22.318 +02:00 [INF] MutagenMon.Core.Monitoring.SessionMonitorService: Poll succeeded: worst=Conflicts, enabled=True, profileUpdated=False
2026-08-17 16:55:23.281 +02:00 [INF] MutagenMon.Core.Monitoring.SessionMonitorService: -------------------------------------------------------------------------------
Name: pc-ub1-appman
Identifier: sync_WpA0olCvqvjQEQWEI4okSZRpusFT7rL8lQ4GYhZtaLh
Alpha:
	URL: C:\sources\appman
	Connected: Yes
	Synchronizable contents:
		904 directories
		2351 files (206 MB)
		0 symbolic links
Beta:
	URL: tparent@pc-ub1:sources/appman
	Connected: Yes
	Synchronizable contents:
		904 directories
		2351 files (206 MB)
		0 symbolic links
Status: Watching for changes
-------------------------------------------------------------------------------
Name: pc-ub1-mutagenmon
Identifier: sync_cqhCMHYAW113J2fcp4bhUwGVWfGtTVQqmgm2tBfy2Q7
Alpha:
	URL: C:\sources\mutagenMon
	Connected: Yes
	Synchronizable contents:
		41 directories
		161 files (2.2 MB)
		0 symbolic links
	Scan problems: 1
Beta:
	URL: tparent@pc-ub1:sources/mutagenMon
	Connected: Yes
	Synchronizable contents:
		41 directories
		161 files (2.2 MB)
		0 symbolic links
Conflicts: 1
Status: Watching for changes
-------------------------------------------------------------------------------

2026-08-17 16:55:23.283 +02:00 [INF] MutagenMon.Core.Monitoring.SessionMonitorService: Session 'pc-ub1-appman' status: Watching for changes, hasProblem: False, HasConflicts: False
2026-08-17 16:55:23.286 +02:00 [INF] MutagenMon.Core.Monitoring.SessionMonitorService: Session 'pc-ub1-mutagenmon' status: Watching for changes, hasProblem: False, HasConflicts: True
2026-08-17 16:55:23.288 +02:00 [INF] MutagenMon.Core.Monitoring.SessionMonitorService: Poll succeeded: worst=Conflicts, enabled=True, profileUpdated=True
2026-08-17 16:55:24.277 +02:00 [INF] MutagenMon.Core.Monitoring.SessionMonitorService: -------------------------------------------------------------------------------
Name: pc-ub1-appman
Identifier: sync_WpA0olCvqvjQEQWEI4okSZRpusFT7rL8lQ4GYhZtaLh
Alpha:
	URL: C:\sources\appman
	Connected: Yes
	Synchronizable contents:
		904 directories
		2351 files (206 MB)
		0 symbolic links
Beta:
	URL: tparent@pc-ub1:sources/appman
	Connected: Yes
	Synchronizable contents:
		904 directories
		2351 files (206 MB)
		0 symbolic links
Status: Watching for changes
-------------------------------------------------------------------------------
Name: pc-ub1-mutagenmon
Identifier: sync_cqhCMHYAW113J2fcp4bhUwGVWfGtTVQqmgm2tBfy2Q7
Alpha:
	URL: C:\sources\mutagenMon
	Connected: Yes
	Synchronizable contents:
		41 directories
		161 files (2.2 MB)
		0 symbolic links
	Scan problems: 1
Beta:
	URL: tparent@pc-ub1:sources/mutagenMon
	Connected: Yes
	Synchronizable contents:
		41 directories
		161 files (2.2 MB)
		0 symbolic links
Conflicts: 1
Status: Watching for changes
-------------------------------------------------------------------------------

2026-08-17 16:55:24.280 +02:00 [INF] MutagenMon.Core.Monitoring.SessionMonitorService: Session 'pc-ub1-appman' status: Watching for changes, hasProblem: False, HasConflicts: False
2026-08-17 16:55:24.282 +02:00 [INF] MutagenMon.Core.Monitoring.SessionMonitorService: Session 'pc-ub1-mutagenmon' status: Watching for changes, hasProblem: False, HasConflicts: True
2026-08-17 16:55:24.285 +02:00 [INF] MutagenMon.Core.Monitoring.SessionMonitorService: Poll succeeded: worst=Conflicts, enabled=True, profileUpdated=False
2026-08-17 16:55:25.266 +02:00 [INF] MutagenMon.Core.Monitoring.SessionMonitorService: -------------------------------------------------------------------------------
Name: pc-ub1-appman
Identifier: sync_WpA0olCvqvjQEQWEI4okSZRpusFT7rL8lQ4GYhZtaLh
Alpha:
	URL: C:\sources\appman
	Connected: Yes
	Synchronizable contents:
		904 directories
		2351 files (206 MB)
		0 symbolic links
Beta:
	URL: tparent@pc-ub1:sources/appman
	Connected: Yes
	Synchronizable contents:
		904 directories
		2351 files (206 MB)
		0 symbolic links
Status: Watching for changes
-------------------------------------------------------------------------------
Name: pc-ub1-mutagenmon
Identifier: sync_cqhCMHYAW113J2fcp4bhUwGVWfGtTVQqmgm2tBfy2Q7
Alpha:
	URL: C:\sources\mutagenMon
	Connected: Yes
	Synchronizable contents:
		41 directories
		161 files (2.2 MB)
		0 symbolic links
	Scan problems: 1
Beta:
	URL: tparent@pc-ub1:sources/mutagenMon
	Connected: Yes
	Synchronizable contents:
		41 directories
		161 files (2.2 MB)
		0 symbolic links
Conflicts: 1
Status: Watching for changes
-------------------------------------------------------------------------------

2026-08-17 16:55:25.269 +02:00 [INF] MutagenMon.Core.Monitoring.SessionMonitorService: Session 'pc-ub1-appman' status: Watching for changes, hasProblem: False, HasConflicts: False
2026-08-17 16:55:25.272 +02:00 [INF] MutagenMon.Core.Monitoring.SessionMonitorService: Session 'pc-ub1-mutagenmon' status: Watching for changes, hasProblem: False, HasConflicts: True
2026-08-17 16:55:25.276 +02:00 [INF] MutagenMon.Core.Monitoring.SessionMonitorService: Poll succeeded: worst=Conflicts, enabled=True, profileUpdated=True
2026-08-17 16:55:26.279 +02:00 [INF] MutagenMon.Core.Monitoring.SessionMonitorService: -------------------------------------------------------------------------------
Name: pc-ub1-appman
Identifier: sync_WpA0olCvqvjQEQWEI4okSZRpusFT7rL8lQ4GYhZtaLh
Alpha:
	URL: C:\sources\appman
	Connected: Yes
	Synchronizable contents:
		904 directories
		2351 files (206 MB)
		0 symbolic links
Beta:
	URL: tparent@pc-ub1:sources/appman
	Connected: Yes
	Synchronizable contents:
		904 directories
		2351 files (206 MB)
		0 symbolic links
Status: Watching for changes
-------------------------------------------------------------------------------
Name: pc-ub1-mutagenmon
Identifier: sync_cqhCMHYAW113J2fcp4bhUwGVWfGtTVQqmgm2tBfy2Q7
Alpha:
	URL: C:\sources\mutagenMon
	Connected: Yes
	Synchronizable contents:
		41 directories
		161 files (2.2 MB)
		0 symbolic links
	Scan problems: 1
Beta:
	URL: tparent@pc-ub1:sources/mutagenMon
	Connected: Yes
	Synchronizable contents:
		41 directories
		161 files (2.2 MB)
		0 symbolic links
Conflicts: 1
Status: Watching for changes
-------------------------------------------------------------------------------

2026-08-17 16:55:26.282 +02:00 [INF] MutagenMon.Core.Monitoring.SessionMonitorService: Session 'pc-ub1-appman' status: Watching for changes, hasProblem: False, HasConflicts: False
2026-08-17 16:55:26.284 +02:00 [INF] MutagenMon.Core.Monitoring.SessionMonitorService: Session 'pc-ub1-mutagenmon' status: Watching for changes, hasProblem: False, HasConflicts: True
2026-08-17 16:55:26.286 +02:00 [INF] MutagenMon.Core.Monitoring.SessionMonitorService: Poll succeeded: worst=Conflicts, enabled=True, profileUpdated=False
2026-08-17 16:55:27.293 +02:00 [INF] MutagenMon.Core.Monitoring.SessionMonitorService: -------------------------------------------------------------------------------
Name: pc-ub1-appman
Identifier: sync_WpA0olCvqvjQEQWEI4okSZRpusFT7rL8lQ4GYhZtaLh
Alpha:
	URL: C:\sources\appman
	Connected: Yes
	Synchronizable contents:
		904 directories
		2351 files (206 MB)
		0 symbolic links
Beta:
	URL: tparent@pc-ub1:sources/appman
	Connected: Yes
	Synchronizable contents:
		904 directories
		2351 files (206 MB)
		0 symbolic links
Status: Watching for changes
-------------------------------------------------------------------------------
Name: pc-ub1-mutagenmon
Identifier: sync_cqhCMHYAW113J2fcp4bhUwGVWfGtTVQqmgm2tBfy2Q7
Alpha:
	URL: C:\sources\mutagenMon
	Connected: Yes
	Synchronizable contents:
		41 directories
		161 files (2.2 MB)
		0 symbolic links
	Scan problems: 1
Beta:
	URL: tparent@pc-ub1:sources/mutagenMon
	Connected: Yes
	Synchronizable contents:
		41 directories
		161 files (2.2 MB)
		0 symbolic links
Conflicts: 1
Status: Watching for changes
-------------------------------------------------------------------------------

2026-08-17 16:55:27.296 +02:00 [INF] MutagenMon.Core.Monitoring.SessionMonitorService: Session 'pc-ub1-appman' status: Watching for changes, hasProblem: False, HasConflicts: False
2026-08-17 16:55:27.299 +02:00 [INF] MutagenMon.Core.Monitoring.SessionMonitorService: Session 'pc-ub1-mutagenmon' status: Watching for changes, hasProblem: False, HasConflicts: True
2026-08-17 16:55:27.304 +02:00 [INF] MutagenMon.Core.Monitoring.SessionMonitorService: Poll succeeded: worst=Conflicts, enabled=True, profileUpdated=False
2026-08-17 16:55:28.295 +02:00 [INF] MutagenMon.Core.Monitoring.SessionMonitorService: -------------------------------------------------------------------------------
Name: pc-ub1-appman
Identifier: sync_WpA0olCvqvjQEQWEI4okSZRpusFT7rL8lQ4GYhZtaLh
Alpha:
	URL: C:\sources\appman
	Connected: Yes
	Synchronizable contents:
		904 directories
		2351 files (206 MB)
		0 symbolic links
Beta:
	URL: tparent@pc-ub1:sources/appman
	Connected: Yes
	Synchronizable contents:
		904 directories
		2351 files (206 MB)
		0 symbolic links
Status: Watching for changes
-------------------------------------------------------------------------------
Name: pc-ub1-mutagenmon
Identifier: sync_cqhCMHYAW113J2fcp4bhUwGVWfGtTVQqmgm2tBfy2Q7
Alpha:
	URL: C:\sources\mutagenMon
	Connected: Yes
	Synchronizable contents:
		41 directories
		161 files (2.2 MB)
		0 symbolic links
	Scan problems: 1
Beta:
	URL: tparent@pc-ub1:sources/mutagenMon
	Connected: Yes
	Synchronizable contents:
		41 directories
		161 files (2.2 MB)
		0 symbolic links
Conflicts: 1
Status: Watching for changes
-------------------------------------------------------------------------------

2026-08-17 16:55:28.298 +02:00 [INF] MutagenMon.Core.Monitoring.SessionMonitorService: Session 'pc-ub1-appman' status: Watching for changes, hasProblem: False, HasConflicts: False
2026-08-17 16:55:28.301 +02:00 [INF] MutagenMon.Core.Monitoring.SessionMonitorService: Session 'pc-ub1-mutagenmon' status: Watching for changes, hasProblem: False, HasConflicts: True
2026-08-17 16:55:28.306 +02:00 [INF] MutagenMon.Core.Monitoring.SessionMonitorService: Poll succeeded: worst=Conflicts, enabled=True, profileUpdated=False
2026-08-17 16:55:29.287 +02:00 [INF] MutagenMon.Core.Monitoring.SessionMonitorService: -------------------------------------------------------------------------------
Name: pc-ub1-appman
Identifier: sync_WpA0olCvqvjQEQWEI4okSZRpusFT7rL8lQ4GYhZtaLh
Alpha:
	URL: C:\sources\appman
	Connected: Yes
	Synchronizable contents:
		904 directories
		2351 files (206 MB)
		0 symbolic links
Beta:
	URL: tparent@pc-ub1:sources/appman
	Connected: Yes
	Synchronizable contents:
		904 directories
		2351 files (206 MB)
		0 symbolic links
Status: Watching for changes
-------------------------------------------------------------------------------
Name: pc-ub1-mutagenmon
Identifier: sync_cqhCMHYAW113J2fcp4bhUwGVWfGtTVQqmgm2tBfy2Q7
Alpha:
	URL: C:\sources\mutagenMon
	Connected: Yes
	Synchronizable contents:
		41 directories
		161 files (2.2 MB)
		0 symbolic links
	Scan problems: 1
Beta:
	URL: tparent@pc-ub1:sources/mutagenMon
	Connected: Yes
	Synchronizable contents:
		41 directories
		161 files (2.2 MB)
		0 symbolic links
Conflicts: 1
Status: Watching for changes
-------------------------------------------------------------------------------

2026-08-17 16:55:29.298 +02:00 [INF] MutagenMon.Core.Monitoring.SessionMonitorService: Session 'pc-ub1-appman' status: Watching for changes, hasProblem: False, HasConflicts: False
2026-08-17 16:55:29.302 +02:00 [INF] MutagenMon.Core.Monitoring.SessionMonitorService: Session 'pc-ub1-mutagenmon' status: Watching for changes, hasProblem: False, HasConflicts: True
2026-08-17 16:55:29.306 +02:00 [INF] MutagenMon.Core.Monitoring.SessionMonitorService: Poll succeeded: worst=Conflicts, enabled=True, profileUpdated=False
2026-08-17 16:55:30.256 +02:00 [INF] MutagenMon.Core.Monitoring.SessionMonitorService: -------------------------------------------------------------------------------
Name: pc-ub1-appman
Identifier: sync_WpA0olCvqvjQEQWEI4okSZRpusFT7rL8lQ4GYhZtaLh
Alpha:
	URL: C:\sources\appman
	Connected: Yes
	Synchronizable contents:
		904 directories
		2351 files (206 MB)
		0 symbolic links
Beta:
	URL: tparent@pc-ub1:sources/appman
	Connected: Yes
	Synchronizable contents:
		904 directories
		2351 files (206 MB)
		0 symbolic links
Status: Watching for changes
-------------------------------------------------------------------------------
Name: pc-ub1-mutagenmon
Identifier: sync_cqhCMHYAW113J2fcp4bhUwGVWfGtTVQqmgm2tBfy2Q7
Alpha:
	URL: C:\sources\mutagenMon
	Connected: Yes
	Synchronizable contents:
		41 directories
		161 files (2.2 MB)
		0 symbolic links
	Scan problems: 1
Beta:
	URL: tparent@pc-ub1:sources/mutagenMon
	Connected: Yes
	Synchronizable contents:
		41 directories
		161 files (2.2 MB)
		0 symbolic links
Conflicts: 1
Status: Watching for changes
-------------------------------------------------------------------------------

2026-08-17 16:55:30.258 +02:00 [INF] MutagenMon.Core.Monitoring.SessionMonitorService: Session 'pc-ub1-appman' status: Watching for changes, hasProblem: False, HasConflicts: False
2026-08-17 16:55:30.260 +02:00 [INF] MutagenMon.Core.Monitoring.SessionMonitorService: Session 'pc-ub1-mutagenmon' status: Watching for changes, hasProblem: False, HasConflicts: True
2026-08-17 16:55:30.262 +02:00 [INF] MutagenMon.Core.Monitoring.SessionMonitorService: Poll succeeded: worst=Conflicts, enabled=True, profileUpdated=False
2026-08-17 16:55:31.291 +02:00 [INF] MutagenMon.Core.Monitoring.SessionMonitorService: -------------------------------------------------------------------------------
Name: pc-ub1-appman
Identifier: sync_WpA0olCvqvjQEQWEI4okSZRpusFT7rL8lQ4GYhZtaLh
Alpha:
	URL: C:\sources\appman
	Connected: Yes
	Synchronizable contents:
		904 directories
		2351 files (206 MB)
		0 symbolic links
Beta:
	URL: tparent@pc-ub1:sources/appman
	Connected: Yes
	Synchronizable contents:
		904 directories
		2351 files (206 MB)
		0 symbolic links
Status: Watching for changes
-------------------------------------------------------------------------------
Name: pc-ub1-mutagenmon
Identifier: sync_cqhCMHYAW113J2fcp4bhUwGVWfGtTVQqmgm2tBfy2Q7
Alpha:
	URL: C:\sources\mutagenMon
	Connected: Yes
	Synchronizable contents:
		41 directories
		161 files (2.2 MB)
		0 symbolic links
	Scan problems: 1
Beta:
	URL: tparent@pc-ub1:sources/mutagenMon
	Connected: Yes
	Synchronizable contents:
		41 directories
		161 files (2.2 MB)
		0 symbolic links
Conflicts: 1
Status: Watching for changes
-------------------------------------------------------------------------------

2026-08-17 16:55:31.294 +02:00 [INF] MutagenMon.Core.Monitoring.SessionMonitorService: Session 'pc-ub1-appman' status: Watching for changes, hasProblem: False, HasConflicts: False
2026-08-17 16:55:31.296 +02:00 [INF] MutagenMon.Core.Monitoring.SessionMonitorService: Session 'pc-ub1-mutagenmon' status: Watching for changes, hasProblem: False, HasConflicts: True
2026-08-17 16:55:31.301 +02:00 [INF] MutagenMon.Core.Monitoring.SessionMonitorService: Poll succeeded: worst=Conflicts, enabled=True, profileUpdated=False
2026-08-17 16:55:32.312 +02:00 [INF] MutagenMon.Core.Monitoring.SessionMonitorService: -------------------------------------------------------------------------------
Name: pc-ub1-appman
Identifier: sync_WpA0olCvqvjQEQWEI4okSZRpusFT7rL8lQ4GYhZtaLh
Alpha:
	URL: C:\sources\appman
	Connected: Yes
	Synchronizable contents:
		904 directories
		2351 files (206 MB)
		0 symbolic links
Beta:
	URL: tparent@pc-ub1:sources/appman
	Connected: Yes
	Synchronizable contents:
		904 directories
		2351 files (206 MB)
		0 symbolic links
Status: Watching for changes
-------------------------------------------------------------------------------
Name: pc-ub1-mutagenmon
Identifier: sync_cqhCMHYAW113J2fcp4bhUwGVWfGtTVQqmgm2tBfy2Q7
Alpha:
	URL: C:\sources\mutagenMon
	Connected: Yes
	Synchronizable contents:
		41 directories
		161 files (2.2 MB)
		0 symbolic links
	Scan problems: 1
Beta:
	URL: tparent@pc-ub1:sources/mutagenMon
	Connected: Yes
	Synchronizable contents:
		41 directories
		161 files (2.2 MB)
		0 symbolic links
Conflicts: 1
Status: Watching for changes
-------------------------------------------------------------------------------

2026-08-17 16:55:32.315 +02:00 [INF] MutagenMon.Core.Monitoring.SessionMonitorService: Session 'pc-ub1-appman' status: Watching for changes, hasProblem: False, HasConflicts: False
2026-08-17 16:55:32.317 +02:00 [INF] MutagenMon.Core.Monitoring.SessionMonitorService: Session 'pc-ub1-mutagenmon' status: Watching for changes, hasProblem: False, HasConflicts: True
2026-08-17 16:55:32.320 +02:00 [INF] MutagenMon.Core.Monitoring.SessionMonitorService: Poll succeeded: worst=Conflicts, enabled=True, profileUpdated=False
2026-08-17 16:55:33.356 +02:00 [INF] MutagenMon.Core.Monitoring.SessionMonitorService: -------------------------------------------------------------------------------
Name: pc-ub1-appman
Identifier: sync_WpA0olCvqvjQEQWEI4okSZRpusFT7rL8lQ4GYhZtaLh
Alpha:
	URL: C:\sources\appman
	Connected: Yes
	Synchronizable contents:
		904 directories
		2351 files (206 MB)
		0 symbolic links
Beta:
	URL: tparent@pc-ub1:sources/appman
	Connected: Yes
	Synchronizable contents:
		904 directories
		2351 files (206 MB)
		0 symbolic links
Status: Watching for changes
-------------------------------------------------------------------------------
Name: pc-ub1-mutagenmon
Identifier: sync_cqhCMHYAW113J2fcp4bhUwGVWfGtTVQqmgm2tBfy2Q7
Alpha:
	URL: C:\sources\mutagenMon
	Connected: Yes
	Synchronizable contents:
		41 directories
		161 files (2.2 MB)
		0 symbolic links
	Scan problems: 1
Beta:
	URL: tparent@pc-ub1:sources/mutagenMon
	Connected: Yes
	Synchronizable contents:
		41 directories
		161 files (2.2 MB)
		0 symbolic links
Conflicts: 1
Status: Watching for changes
-------------------------------------------------------------------------------

2026-08-17 16:55:33.359 +02:00 [INF] MutagenMon.Core.Monitoring.SessionMonitorService: Session 'pc-ub1-appman' status: Watching for changes, hasProblem: False, HasConflicts: False
2026-08-17 16:55:33.361 +02:00 [INF] MutagenMon.Core.Monitoring.SessionMonitorService: Session 'pc-ub1-mutagenmon' status: Watching for changes, hasProblem: False, HasConflicts: True
2026-08-17 16:55:33.365 +02:00 [INF] MutagenMon.Core.Monitoring.SessionMonitorService: Poll succeeded: worst=Conflicts, enabled=True, profileUpdated=False
2026-08-17 16:55:34.314 +02:00 [INF] MutagenMon.Core.Monitoring.SessionMonitorService: -------------------------------------------------------------------------------
Name: pc-ub1-appman
Identifier: sync_WpA0olCvqvjQEQWEI4okSZRpusFT7rL8lQ4GYhZtaLh
Alpha:
	URL: C:\sources\appman
	Connected: Yes
	Synchronizable contents:
		904 directories
		2351 files (206 MB)
		0 symbolic links
Beta:
	URL: tparent@pc-ub1:sources/appman
	Connected: Yes
	Synchronizable contents:
		904 directories
		2351 files (206 MB)
		0 symbolic links
Status: Watching for changes
-------------------------------------------------------------------------------
Name: pc-ub1-mutagenmon
Identifier: sync_cqhCMHYAW113J2fcp4bhUwGVWfGtTVQqmgm2tBfy2Q7
Alpha:
	URL: C:\sources\mutagenMon
	Connected: Yes
	Synchronizable contents:
		41 directories
		161 files (2.2 MB)
		0 symbolic links
	Scan problems: 1
Beta:
	URL: tparent@pc-ub1:sources/mutagenMon
	Connected: Yes
	Synchronizable contents:
		41 directories
		161 files (2.2 MB)
		0 symbolic links
Conflicts: 1
Status: Watching for changes
-------------------------------------------------------------------------------

2026-08-17 16:55:34.317 +02:00 [INF] MutagenMon.Core.Monitoring.SessionMonitorService: Session 'pc-ub1-appman' status: Watching for changes, hasProblem: False, HasConflicts: False
2026-08-17 16:55:34.319 +02:00 [INF] MutagenMon.Core.Monitoring.SessionMonitorService: Session 'pc-ub1-mutagenmon' status: Watching for changes, hasProblem: False, HasConflicts: True
2026-08-17 16:55:34.322 +02:00 [INF] MutagenMon.Core.Monitoring.SessionMonitorService: Poll succeeded: worst=Conflicts, enabled=True, profileUpdated=False
2026-08-17 16:55:35.298 +02:00 [INF] MutagenMon.Core.Monitoring.SessionMonitorService: -------------------------------------------------------------------------------
Name: pc-ub1-appman
Identifier: sync_WpA0olCvqvjQEQWEI4okSZRpusFT7rL8lQ4GYhZtaLh
Alpha:
	URL: C:\sources\appman
	Connected: Yes
	Synchronizable contents:
		904 directories
		2351 files (206 MB)
		0 symbolic links
Beta:
	URL: tparent@pc-ub1:sources/appman
	Connected: Yes
	Synchronizable contents:
		904 directories
		2351 files (206 MB)
		0 symbolic links
Status: Watching for changes
-------------------------------------------------------------------------------
Name: pc-ub1-mutagenmon
Identifier: sync_cqhCMHYAW113J2fcp4bhUwGVWfGtTVQqmgm2tBfy2Q7
Alpha:
	URL: C:\sources\mutagenMon
	Connected: Yes
	Synchronizable contents:
		41 directories
		161 files (2.2 MB)
		0 symbolic links
	Scan problems: 1
Beta:
	URL: tparent@pc-ub1:sources/mutagenMon
	Connected: Yes
	Synchronizable contents:
		41 directories
		161 files (2.2 MB)
		0 symbolic links
Conflicts: 1
Status: Watching for changes
-------------------------------------------------------------------------------

2026-08-17 16:55:35.300 +02:00 [INF] MutagenMon.Core.Monitoring.SessionMonitorService: Session 'pc-ub1-appman' status: Watching for changes, hasProblem: False, HasConflicts: False
2026-08-17 16:55:35.307 +02:00 [INF] MutagenMon.Core.Monitoring.SessionMonitorService: Session 'pc-ub1-mutagenmon' status: Watching for changes, hasProblem: False, HasConflicts: True
2026-08-17 16:55:35.310 +02:00 [INF] MutagenMon.Core.Monitoring.SessionMonitorService: Poll succeeded: worst=Conflicts, enabled=True, profileUpdated=False
2026-08-17 16:55:36.268 +02:00 [INF] MutagenMon.Core.Monitoring.SessionMonitorService: -------------------------------------------------------------------------------
Name: pc-ub1-appman
Identifier: sync_WpA0olCvqvjQEQWEI4okSZRpusFT7rL8lQ4GYhZtaLh
Alpha:
	URL: C:\sources\appman
	Connected: Yes
	Synchronizable contents:
		904 directories
		2351 files (206 MB)
		0 symbolic links
Beta:
	URL: tparent@pc-ub1:sources/appman
	Connected: Yes
	Synchronizable contents:
		904 directories
		2351 files (206 MB)
		0 symbolic links
Status: Watching for changes
-------------------------------------------------------------------------------
Name: pc-ub1-mutagenmon
Identifier: sync_cqhCMHYAW113J2fcp4bhUwGVWfGtTVQqmgm2tBfy2Q7
Alpha:
	URL: C:\sources\mutagenMon
	Connected: Yes
	Synchronizable contents:
		41 directories
		161 files (2.2 MB)
		0 symbolic links
	Scan problems: 1
Beta:
	URL: tparent@pc-ub1:sources/mutagenMon
	Connected: Yes
	Synchronizable contents:
		41 directories
		161 files (2.2 MB)
		0 symbolic links
Conflicts: 1
Status: Watching for changes
-------------------------------------------------------------------------------

2026-08-17 16:55:36.276 +02:00 [INF] MutagenMon.Core.Monitoring.SessionMonitorService: Session 'pc-ub1-appman' status: Watching for changes, hasProblem: False, HasConflicts: False
2026-08-17 16:55:36.278 +02:00 [INF] MutagenMon.Core.Monitoring.SessionMonitorService: Session 'pc-ub1-mutagenmon' status: Watching for changes, hasProblem: False, HasConflicts: True
2026-08-17 16:55:36.282 +02:00 [INF] MutagenMon.Core.Monitoring.SessionMonitorService: Poll succeeded: worst=Conflicts, enabled=True, profileUpdated=False
2026-08-17 16:55:37.313 +02:00 [INF] MutagenMon.Core.Monitoring.SessionMonitorService: -------------------------------------------------------------------------------
Name: pc-ub1-appman
Identifier: sync_WpA0olCvqvjQEQWEI4okSZRpusFT7rL8lQ4GYhZtaLh
Alpha:
	URL: C:\sources\appman
	Connected: Yes
	Synchronizable contents:
		904 directories
		2351 files (206 MB)
		0 symbolic links
Beta:
	URL: tparent@pc-ub1:sources/appman
	Connected: Yes
	Synchronizable contents:
		904 directories
		2351 files (206 MB)
		0 symbolic links
Status: Watching for changes
-------------------------------------------------------------------------------
Name: pc-ub1-mutagenmon
Identifier: sync_cqhCMHYAW113J2fcp4bhUwGVWfGtTVQqmgm2tBfy2Q7
Alpha:
	URL: C:\sources\mutagenMon
	Connected: Yes
	Synchronizable contents:
		41 directories
		161 files (2.2 MB)
		0 symbolic links
	Scan problems: 1
Beta:
	URL: tparent@pc-ub1:sources/mutagenMon
	Connected: Yes
	Synchronizable contents:
		41 directories
		161 files (2.2 MB)
		0 symbolic links
Conflicts: 1
Status: Watching for changes
-------------------------------------------------------------------------------

2026-08-17 16:55:37.316 +02:00 [INF] MutagenMon.Core.Monitoring.SessionMonitorService: Session 'pc-ub1-appman' status: Watching for changes, hasProblem: False, HasConflicts: False
2026-08-17 16:55:37.319 +02:00 [INF] MutagenMon.Core.Monitoring.SessionMonitorService: Session 'pc-ub1-mutagenmon' status: Watching for changes, hasProblem: False, HasConflicts: True
2026-08-17 16:55:37.322 +02:00 [INF] MutagenMon.Core.Monitoring.SessionMonitorService: Poll succeeded: worst=Conflicts, enabled=True, profileUpdated=False
2026-08-17 16:55:38.283 +02:00 [INF] MutagenMon.Core.Monitoring.SessionMonitorService: -------------------------------------------------------------------------------
Name: pc-ub1-appman
Identifier: sync_WpA0olCvqvjQEQWEI4okSZRpusFT7rL8lQ4GYhZtaLh
Alpha:
	URL: C:\sources\appman
	Connected: Yes
	Synchronizable contents:
		904 directories
		2351 files (206 MB)
		0 symbolic links
Beta:
	URL: tparent@pc-ub1:sources/appman
	Connected: Yes
	Synchronizable contents:
		904 directories
		2351 files (206 MB)
		0 symbolic links
Status: Watching for changes
-------------------------------------------------------------------------------
Name: pc-ub1-mutagenmon
Identifier: sync_cqhCMHYAW113J2fcp4bhUwGVWfGtTVQqmgm2tBfy2Q7
Alpha:
	URL: C:\sources\mutagenMon
	Connected: Yes
	Synchronizable contents:
		41 directories
		161 files (2.2 MB)
		0 symbolic links
	Scan problems: 1
Beta:
	URL: tparent@pc-ub1:sources/mutagenMon
	Connected: Yes
	Synchronizable contents:
		41 directories
		161 files (2.2 MB)
		0 symbolic links
Conflicts: 1
Status: Watching for changes
-------------------------------------------------------------------------------

2026-08-17 16:55:38.286 +02:00 [INF] MutagenMon.Core.Monitoring.SessionMonitorService: Session 'pc-ub1-appman' status: Watching for changes, hasProblem: False, HasConflicts: False
2026-08-17 16:55:38.289 +02:00 [INF] MutagenMon.Core.Monitoring.SessionMonitorService: Session 'pc-ub1-mutagenmon' status: Watching for changes, hasProblem: False, HasConflicts: True
2026-08-17 16:55:38.294 +02:00 [INF] MutagenMon.Core.Monitoring.SessionMonitorService: Poll succeeded: worst=Conflicts, enabled=True, profileUpdated=False
2026-08-17 16:55:39.293 +02:00 [INF] MutagenMon.Core.Monitoring.SessionMonitorService: -------------------------------------------------------------------------------
Name: pc-ub1-appman
Identifier: sync_WpA0olCvqvjQEQWEI4okSZRpusFT7rL8lQ4GYhZtaLh
Alpha:
	URL: C:\sources\appman
	Connected: Yes
	Synchronizable contents:
		904 directories
		2351 files (206 MB)
		0 symbolic links
Beta:
	URL: tparent@pc-ub1:sources/appman
	Connected: Yes
	Synchronizable contents:
		904 directories
		2351 files (206 MB)
		0 symbolic links
Status: Watching for changes
-------------------------------------------------------------------------------
Name: pc-ub1-mutagenmon
Identifier: sync_cqhCMHYAW113J2fcp4bhUwGVWfGtTVQqmgm2tBfy2Q7
Alpha:
	URL: C:\sources\mutagenMon
	Connected: Yes
	Synchronizable contents:
		41 directories
		161 files (2.2 MB)
		0 symbolic links
	Scan problems: 1
Beta:
	URL: tparent@pc-ub1:sources/mutagenMon
	Connected: Yes
	Synchronizable contents:
		41 directories
		161 files (2.2 MB)
		0 symbolic links
Conflicts: 1
Status: Watching for changes
-------------------------------------------------------------------------------

2026-08-17 16:55:39.296 +02:00 [INF] MutagenMon.Core.Monitoring.SessionMonitorService: Session 'pc-ub1-appman' status: Watching for changes, hasProblem: False, HasConflicts: False
2026-08-17 16:55:39.298 +02:00 [INF] MutagenMon.Core.Monitoring.SessionMonitorService: Session 'pc-ub1-mutagenmon' status: Watching for changes, hasProblem: False, HasConflicts: True
2026-08-17 16:55:39.301 +02:00 [INF] MutagenMon.Core.Monitoring.SessionMonitorService: Poll succeeded: worst=Conflicts, enabled=True, profileUpdated=False
2026-08-17 16:55:40.248 +02:00 [INF] MutagenMon.Core.Monitoring.SessionMonitorService: -------------------------------------------------------------------------------
Name: pc-ub1-appman
Identifier: sync_WpA0olCvqvjQEQWEI4okSZRpusFT7rL8lQ4GYhZtaLh
Alpha:
	URL: C:\sources\appman
	Connected: Yes
	Synchronizable contents:
		904 directories
		2351 files (206 MB)
		0 symbolic links
Beta:
	URL: tparent@pc-ub1:sources/appman
	Connected: Yes
	Synchronizable contents:
		904 directories
		2351 files (206 MB)
		0 symbolic links
Status: Watching for changes
-------------------------------------------------------------------------------
Name: pc-ub1-mutagenmon
Identifier: sync_cqhCMHYAW113J2fcp4bhUwGVWfGtTVQqmgm2tBfy2Q7
Alpha:
	URL: C:\sources\mutagenMon
	Connected: Yes
	Synchronizable contents:
		41 directories
		161 files (2.2 MB)
		0 symbolic links
	Scan problems: 1
Beta:
	URL: tparent@pc-ub1:sources/mutagenMon
	Connected: Yes
	Synchronizable contents:
		41 directories
		161 files (2.2 MB)
		0 symbolic links
Conflicts: 1
Status: Watching for changes
-------------------------------------------------------------------------------

2026-08-17 16:55:40.251 +02:00 [INF] MutagenMon.Core.Monitoring.SessionMonitorService: Session 'pc-ub1-appman' status: Watching for changes, hasProblem: False, HasConflicts: False
2026-08-17 16:55:40.253 +02:00 [INF] MutagenMon.Core.Monitoring.SessionMonitorService: Session 'pc-ub1-mutagenmon' status: Watching for changes, hasProblem: False, HasConflicts: True
2026-08-17 16:55:40.256 +02:00 [INF] MutagenMon.Core.Monitoring.SessionMonitorService: Poll succeeded: worst=Conflicts, enabled=True, profileUpdated=False
2026-08-17 16:55:41.326 +02:00 [INF] MutagenMon.Core.Monitoring.SessionMonitorService: -------------------------------------------------------------------------------
Name: pc-ub1-appman
Identifier: sync_WpA0olCvqvjQEQWEI4okSZRpusFT7rL8lQ4GYhZtaLh
Alpha:
	URL: C:\sources\appman
	Connected: Yes
	Synchronizable contents:
		904 directories
		2351 files (206 MB)
		0 symbolic links
Beta:
	URL: tparent@pc-ub1:sources/appman
	Connected: Yes
	Synchronizable contents:
		904 directories
		2351 files (206 MB)
		0 symbolic links
Status: Watching for changes
-------------------------------------------------------------------------------
Name: pc-ub1-mutagenmon
Identifier: sync_cqhCMHYAW113J2fcp4bhUwGVWfGtTVQqmgm2tBfy2Q7
Alpha:
	URL: C:\sources\mutagenMon
	Connected: Yes
	Synchronizable contents:
		41 directories
		161 files (2.2 MB)
		0 symbolic links
	Scan problems: 1
Beta:
	URL: tparent@pc-ub1:sources/mutagenMon
	Connected: Yes
	Synchronizable contents:
		41 directories
		161 files (2.2 MB)
		0 symbolic links
Conflicts: 1
Status: Watching for changes
-------------------------------------------------------------------------------

2026-08-17 16:55:41.329 +02:00 [INF] MutagenMon.Core.Monitoring.SessionMonitorService: Session 'pc-ub1-appman' status: Watching for changes, hasProblem: False, HasConflicts: False
2026-08-17 16:55:41.332 +02:00 [INF] MutagenMon.Core.Monitoring.SessionMonitorService: Session 'pc-ub1-mutagenmon' status: Watching for changes, hasProblem: False, HasConflicts: True
2026-08-17 16:55:41.336 +02:00 [INF] MutagenMon.Core.Monitoring.SessionMonitorService: Poll succeeded: worst=Conflicts, enabled=True, profileUpdated=False
2026-08-17 16:55:42.304 +02:00 [INF] MutagenMon.Core.Monitoring.SessionMonitorService: -------------------------------------------------------------------------------
Name: pc-ub1-appman
Identifier: sync_WpA0olCvqvjQEQWEI4okSZRpusFT7rL8lQ4GYhZtaLh
Alpha:
	URL: C:\sources\appman
	Connected: Yes
	Synchronizable contents:
		904 directories
		2351 files (206 MB)
		0 symbolic links
Beta:
	URL: tparent@pc-ub1:sources/appman
	Connected: Yes
	Synchronizable contents:
		904 directories
		2351 files (206 MB)
		0 symbolic links
Status: Watching for changes
-------------------------------------------------------------------------------
Name: pc-ub1-mutagenmon
Identifier: sync_cqhCMHYAW113J2fcp4bhUwGVWfGtTVQqmgm2tBfy2Q7
Alpha:
	URL: C:\sources\mutagenMon
	Connected: Yes
	Synchronizable contents:
		41 directories
		161 files (2.2 MB)
		0 symbolic links
	Scan problems: 1
Beta:
	URL: tparent@pc-ub1:sources/mutagenMon
	Connected: Yes
	Synchronizable contents:
		41 directories
		161 files (2.2 MB)
		0 symbolic links
Conflicts: 1
Status: Watching for changes
-------------------------------------------------------------------------------

2026-08-17 16:55:42.306 +02:00 [INF] MutagenMon.Core.Monitoring.SessionMonitorService: Session 'pc-ub1-appman' status: Watching for changes, hasProblem: False, HasConflicts: False
2026-08-17 16:55:42.308 +02:00 [INF] MutagenMon.Core.Monitoring.SessionMonitorService: Session 'pc-ub1-mutagenmon' status: Watching for changes, hasProblem: False, HasConflicts: True
2026-08-17 16:55:42.313 +02:00 [INF] MutagenMon.Core.Monitoring.SessionMonitorService: Poll succeeded: worst=Conflicts, enabled=True, profileUpdated=False
2026-08-17 16:55:43.294 +02:00 [INF] MutagenMon.Core.Monitoring.SessionMonitorService: -------------------------------------------------------------------------------
Name: pc-ub1-appman
Identifier: sync_WpA0olCvqvjQEQWEI4okSZRpusFT7rL8lQ4GYhZtaLh
Alpha:
	URL: C:\sources\appman
	Connected: Yes
	Synchronizable contents:
		904 directories
		2351 files (206 MB)
		0 symbolic links
Beta:
	URL: tparent@pc-ub1:sources/appman
	Connected: Yes
	Synchronizable contents:
		904 directories
		2351 files (206 MB)
		0 symbolic links
Status: Watching for changes
-------------------------------------------------------------------------------
Name: pc-ub1-mutagenmon
Identifier: sync_cqhCMHYAW113J2fcp4bhUwGVWfGtTVQqmgm2tBfy2Q7
Alpha:
	URL: C:\sources\mutagenMon
	Connected: Yes
	Synchronizable contents:
		41 directories
		161 files (2.2 MB)
		0 symbolic links
	Scan problems: 1
Beta:
	URL: tparent@pc-ub1:sources/mutagenMon
	Connected: Yes
	Synchronizable contents:
		41 directories
		161 files (2.2 MB)
		0 symbolic links
Conflicts: 1
Status: Watching for changes
-------------------------------------------------------------------------------

2026-08-17 16:55:43.297 +02:00 [INF] MutagenMon.Core.Monitoring.SessionMonitorService: Session 'pc-ub1-appman' status: Watching for changes, hasProblem: False, HasConflicts: False
2026-08-17 16:55:43.299 +02:00 [INF] MutagenMon.Core.Monitoring.SessionMonitorService: Session 'pc-ub1-mutagenmon' status: Watching for changes, hasProblem: False, HasConflicts: True
2026-08-17 16:55:43.303 +02:00 [INF] MutagenMon.Core.Monitoring.SessionMonitorService: Poll succeeded: worst=Conflicts, enabled=True, profileUpdated=False
2026-08-17 16:55:44.264 +02:00 [INF] MutagenMon.Core.Monitoring.SessionMonitorService: -------------------------------------------------------------------------------
Name: pc-ub1-appman
Identifier: sync_WpA0olCvqvjQEQWEI4okSZRpusFT7rL8lQ4GYhZtaLh
Alpha:
	URL: C:\sources\appman
	Connected: Yes
	Synchronizable contents:
		904 directories
		2351 files (206 MB)
		0 symbolic links
Beta:
	URL: tparent@pc-ub1:sources/appman
	Connected: Yes
	Synchronizable contents:
		904 directories
		2351 files (206 MB)
		0 symbolic links
Status: Watching for changes
-------------------------------------------------------------------------------
Name: pc-ub1-mutagenmon
Identifier: sync_cqhCMHYAW113J2fcp4bhUwGVWfGtTVQqmgm2tBfy2Q7
Alpha:
	URL: C:\sources\mutagenMon
	Connected: Yes
	Synchronizable contents:
		41 directories
		161 files (2.2 MB)
		0 symbolic links
	Scan problems: 1
Beta:
	URL: tparent@pc-ub1:sources/mutagenMon
	Connected: Yes
	Synchronizable contents:
		41 directories
		161 files (2.2 MB)
		0 symbolic links
Conflicts: 1
Status: Watching for changes
-------------------------------------------------------------------------------

2026-08-17 16:55:44.266 +02:00 [INF] MutagenMon.Core.Monitoring.SessionMonitorService: Session 'pc-ub1-appman' status: Watching for changes, hasProblem: False, HasConflicts: False
2026-08-17 16:55:44.269 +02:00 [INF] MutagenMon.Core.Monitoring.SessionMonitorService: Session 'pc-ub1-mutagenmon' status: Watching for changes, hasProblem: False, HasConflicts: True
2026-08-17 16:55:44.272 +02:00 [INF] MutagenMon.Core.Monitoring.SessionMonitorService: Poll succeeded: worst=Conflicts, enabled=True, profileUpdated=False
2026-08-17 16:55:45.278 +02:00 [INF] MutagenMon.Core.Monitoring.SessionMonitorService: -------------------------------------------------------------------------------
Name: pc-ub1-appman
Identifier: sync_WpA0olCvqvjQEQWEI4okSZRpusFT7rL8lQ4GYhZtaLh
Alpha:
	URL: C:\sources\appman
	Connected: Yes
	Synchronizable contents:
		904 directories
		2351 files (206 MB)
		0 symbolic links
Beta:
	URL: tparent@pc-ub1:sources/appman
	Connected: Yes
	Synchronizable contents:
		904 directories
		2351 files (206 MB)
		0 symbolic links
Status: Watching for changes
-------------------------------------------------------------------------------
Name: pc-ub1-mutagenmon
Identifier: sync_cqhCMHYAW113J2fcp4bhUwGVWfGtTVQqmgm2tBfy2Q7
Alpha:
	URL: C:\sources\mutagenMon
	Connected: Yes
	Synchronizable contents:
		41 directories
		161 files (2.2 MB)
		0 symbolic links
	Scan problems: 1
Beta:
	URL: tparent@pc-ub1:sources/mutagenMon
	Connected: Yes
	Synchronizable contents:
		41 directories
		161 files (2.2 MB)
		0 symbolic links
Conflicts: 1
Status: Watching for changes
-------------------------------------------------------------------------------

2026-08-17 16:55:45.281 +02:00 [INF] MutagenMon.Core.Monitoring.SessionMonitorService: Session 'pc-ub1-appman' status: Watching for changes, hasProblem: False, HasConflicts: False
2026-08-17 16:55:45.285 +02:00 [INF] MutagenMon.Core.Monitoring.SessionMonitorService: Session 'pc-ub1-mutagenmon' status: Watching for changes, hasProblem: False, HasConflicts: True
2026-08-17 16:55:45.289 +02:00 [INF] MutagenMon.Core.Monitoring.SessionMonitorService: Poll succeeded: worst=Conflicts, enabled=True, profileUpdated=False
2026-08-17 16:55:46.285 +02:00 [INF] MutagenMon.Core.Monitoring.SessionMonitorService: -------------------------------------------------------------------------------
Name: pc-ub1-appman
Identifier: sync_WpA0olCvqvjQEQWEI4okSZRpusFT7rL8lQ4GYhZtaLh
Alpha:
	URL: C:\sources\appman
	Connected: Yes
	Synchronizable contents:
		904 directories
		2351 files (206 MB)
		0 symbolic links
Beta:
	URL: tparent@pc-ub1:sources/appman
	Connected: Yes
	Synchronizable contents:
		904 directories
		2351 files (206 MB)
		0 symbolic links
Status: Watching for changes
-------------------------------------------------------------------------------
Name: pc-ub1-mutagenmon
Identifier: sync_cqhCMHYAW113J2fcp4bhUwGVWfGtTVQqmgm2tBfy2Q7
Alpha:
	URL: C:\sources\mutagenMon
	Connected: Yes
	Synchronizable contents:
		41 directories
		161 files (2.2 MB)
		0 symbolic links
	Scan problems: 1
Beta:
	URL: tparent@pc-ub1:sources/mutagenMon
	Connected: Yes
	Synchronizable contents:
		41 directories
		161 files (2.2 MB)
		0 symbolic links
Conflicts: 1
Status: Watching for changes
-------------------------------------------------------------------------------

2026-08-17 16:55:46.287 +02:00 [INF] MutagenMon.Core.Monitoring.SessionMonitorService: Session 'pc-ub1-appman' status: Watching for changes, hasProblem: False, HasConflicts: False
2026-08-17 16:55:46.289 +02:00 [INF] MutagenMon.Core.Monitoring.SessionMonitorService: Session 'pc-ub1-mutagenmon' status: Watching for changes, hasProblem: False, HasConflicts: True
2026-08-17 16:55:46.292 +02:00 [INF] MutagenMon.Core.Monitoring.SessionMonitorService: Poll succeeded: worst=Conflicts, enabled=True, profileUpdated=False
2026-08-17 16:55:47.256 +02:00 [INF] MutagenMon.Core.Monitoring.SessionMonitorService: -------------------------------------------------------------------------------
Name: pc-ub1-appman
Identifier: sync_WpA0olCvqvjQEQWEI4okSZRpusFT7rL8lQ4GYhZtaLh
Alpha:
	URL: C:\sources\appman
	Connected: Yes
	Synchronizable contents:
		904 directories
		2351 files (206 MB)
		0 symbolic links
Beta:
	URL: tparent@pc-ub1:sources/appman
	Connected: Yes
	Synchronizable contents:
		904 directories
		2351 files (206 MB)
		0 symbolic links
Status: Watching for changes
-------------------------------------------------------------------------------
Name: pc-ub1-mutagenmon
Identifier: sync_cqhCMHYAW113J2fcp4bhUwGVWfGtTVQqmgm2tBfy2Q7
Alpha:
	URL: C:\sources\mutagenMon
	Connected: Yes
	Synchronizable contents:
		41 directories
		161 files (2.2 MB)
		0 symbolic links
	Scan problems: 1
Beta:
	URL: tparent@pc-ub1:sources/mutagenMon
	Connected: Yes
	Synchronizable contents:
		41 directories
		161 files (2.2 MB)
		0 symbolic links
Conflicts: 1
Status: Watching for changes
-------------------------------------------------------------------------------

2026-08-17 16:55:47.258 +02:00 [INF] MutagenMon.Core.Monitoring.SessionMonitorService: Session 'pc-ub1-appman' status: Watching for changes, hasProblem: False, HasConflicts: False
2026-08-17 16:55:47.261 +02:00 [INF] MutagenMon.Core.Monitoring.SessionMonitorService: Session 'pc-ub1-mutagenmon' status: Watching for changes, hasProblem: False, HasConflicts: True
2026-08-17 16:55:47.263 +02:00 [INF] MutagenMon.Core.Monitoring.SessionMonitorService: Poll succeeded: worst=Conflicts, enabled=True, profileUpdated=False
2026-08-17 16:55:48.294 +02:00 [INF] MutagenMon.Core.Monitoring.SessionMonitorService: -------------------------------------------------------------------------------
Name: pc-ub1-appman
Identifier: sync_WpA0olCvqvjQEQWEI4okSZRpusFT7rL8lQ4GYhZtaLh
Alpha:
	URL: C:\sources\appman
	Connected: Yes
	Synchronizable contents:
		904 directories
		2351 files (206 MB)
		0 symbolic links
Beta:
	URL: tparent@pc-ub1:sources/appman
	Connected: Yes
	Synchronizable contents:
		904 directories
		2351 files (206 MB)
		0 symbolic links
Status: Watching for changes
-------------------------------------------------------------------------------
Name: pc-ub1-mutagenmon
Identifier: sync_cqhCMHYAW113J2fcp4bhUwGVWfGtTVQqmgm2tBfy2Q7
Alpha:
	URL: C:\sources\mutagenMon
	Connected: Yes
	Synchronizable contents:
		41 directories
		161 files (2.2 MB)
		0 symbolic links
	Scan problems: 1
Beta:
	URL: tparent@pc-ub1:sources/mutagenMon
	Connected: Yes
	Synchronizable contents:
		41 directories
		161 files (2.2 MB)
		0 symbolic links
Conflicts: 1
Status: Watching for changes
-------------------------------------------------------------------------------

2026-08-17 16:55:48.296 +02:00 [INF] MutagenMon.Core.Monitoring.SessionMonitorService: Session 'pc-ub1-appman' status: Watching for changes, hasProblem: False, HasConflicts: False
2026-08-17 16:55:48.298 +02:00 [INF] MutagenMon.Core.Monitoring.SessionMonitorService: Session 'pc-ub1-mutagenmon' status: Watching for changes, hasProblem: False, HasConflicts: True
2026-08-17 16:55:48.301 +02:00 [INF] MutagenMon.Core.Monitoring.SessionMonitorService: Poll succeeded: worst=Conflicts, enabled=True, profileUpdated=False
2026-08-17 16:55:49.293 +02:00 [INF] MutagenMon.Core.Monitoring.SessionMonitorService: -------------------------------------------------------------------------------
Name: pc-ub1-appman
Identifier: sync_WpA0olCvqvjQEQWEI4okSZRpusFT7rL8lQ4GYhZtaLh
Alpha:
	URL: C:\sources\appman
	Connected: Yes
	Synchronizable contents:
		904 directories
		2351 files (206 MB)
		0 symbolic links
Beta:
	URL: tparent@pc-ub1:sources/appman
	Connected: Yes
	Synchronizable contents:
		904 directories
		2351 files (206 MB)
		0 symbolic links
Status: Watching for changes
-------------------------------------------------------------------------------
Name: pc-ub1-mutagenmon
Identifier: sync_cqhCMHYAW113J2fcp4bhUwGVWfGtTVQqmgm2tBfy2Q7
Alpha:
	URL: C:\sources\mutagenMon
	Connected: Yes
	Synchronizable contents:
		41 directories
		161 files (2.2 MB)
		0 symbolic links
	Scan problems: 1
Beta:
	URL: tparent@pc-ub1:sources/mutagenMon
	Connected: Yes
	Synchronizable contents:
		41 directories
		161 files (2.2 MB)
		0 symbolic links
Conflicts: 1
Status: Watching for changes
-------------------------------------------------------------------------------

2026-08-17 16:55:49.296 +02:00 [INF] MutagenMon.Core.Monitoring.SessionMonitorService: Session 'pc-ub1-appman' status: Watching for changes, hasProblem: False, HasConflicts: False
2026-08-17 16:55:49.300 +02:00 [INF] MutagenMon.Core.Monitoring.SessionMonitorService: Session 'pc-ub1-mutagenmon' status: Watching for changes, hasProblem: False, HasConflicts: True
2026-08-17 16:55:49.307 +02:00 [INF] MutagenMon.Core.Monitoring.SessionMonitorService: Poll succeeded: worst=Conflicts, enabled=True, profileUpdated=False
2026-08-17 16:55:50.251 +02:00 [INF] MutagenMon.Core.Monitoring.SessionMonitorService: -------------------------------------------------------------------------------
Name: pc-ub1-appman
Identifier: sync_WpA0olCvqvjQEQWEI4okSZRpusFT7rL8lQ4GYhZtaLh
Alpha:
	URL: C:\sources\appman
	Connected: Yes
	Synchronizable contents:
		904 directories
		2351 files (206 MB)
		0 symbolic links
Beta:
	URL: tparent@pc-ub1:sources/appman
	Connected: Yes
	Synchronizable contents:
		904 directories
		2351 files (206 MB)
		0 symbolic links
Status: Watching for changes
-------------------------------------------------------------------------------
Name: pc-ub1-mutagenmon
Identifier: sync_cqhCMHYAW113J2fcp4bhUwGVWfGtTVQqmgm2tBfy2Q7
Alpha:
	URL: C:\sources\mutagenMon
	Connected: Yes
	Synchronizable contents:
		41 directories
		161 files (2.2 MB)
		0 symbolic links
	Scan problems: 1
Beta:
	URL: tparent@pc-ub1:sources/mutagenMon
	Connected: Yes
	Synchronizable contents:
		41 directories
		161 files (2.2 MB)
		0 symbolic links
Conflicts: 1
Status: Watching for changes
-------------------------------------------------------------------------------

2026-08-17 16:55:50.255 +02:00 [INF] MutagenMon.Core.Monitoring.SessionMonitorService: Session 'pc-ub1-appman' status: Watching for changes, hasProblem: False, HasConflicts: False
2026-08-17 16:55:50.258 +02:00 [INF] MutagenMon.Core.Monitoring.SessionMonitorService: Session 'pc-ub1-mutagenmon' status: Watching for changes, hasProblem: False, HasConflicts: True
2026-08-17 16:55:50.262 +02:00 [INF] MutagenMon.Core.Monitoring.SessionMonitorService: Poll succeeded: worst=Conflicts, enabled=True, profileUpdated=False
2026-08-17 16:55:51.287 +02:00 [INF] MutagenMon.Core.Monitoring.SessionMonitorService: -------------------------------------------------------------------------------
Name: pc-ub1-appman
Identifier: sync_WpA0olCvqvjQEQWEI4okSZRpusFT7rL8lQ4GYhZtaLh
Alpha:
	URL: C:\sources\appman
	Connected: Yes
	Synchronizable contents:
		904 directories
		2351 files (206 MB)
		0 symbolic links
Beta:
	URL: tparent@pc-ub1:sources/appman
	Connected: Yes
	Synchronizable contents:
		904 directories
		2351 files (206 MB)
		0 symbolic links
Status: Watching for changes
-------------------------------------------------------------------------------
Name: pc-ub1-mutagenmon
Identifier: sync_cqhCMHYAW113J2fcp4bhUwGVWfGtTVQqmgm2tBfy2Q7
Alpha:
	URL: C:\sources\mutagenMon
	Connected: Yes
	Synchronizable contents:
		41 directories
		161 files (2.2 MB)
		0 symbolic links
	Scan problems: 1
Beta:
	URL: tparent@pc-ub1:sources/mutagenMon
	Connected: Yes
	Synchronizable contents:
		41 directories
		161 files (2.2 MB)
		0 symbolic links
Conflicts: 1
Status: Watching for changes
-------------------------------------------------------------------------------

2026-08-17 16:55:51.291 +02:00 [INF] MutagenMon.Core.Monitoring.SessionMonitorService: Session 'pc-ub1-appman' status: Watching for changes, hasProblem: False, HasConflicts: False
2026-08-17 16:55:51.293 +02:00 [INF] MutagenMon.Core.Monitoring.SessionMonitorService: Session 'pc-ub1-mutagenmon' status: Watching for changes, hasProblem: False, HasConflicts: True
2026-08-17 16:55:51.297 +02:00 [INF] MutagenMon.Core.Monitoring.SessionMonitorService: Poll succeeded: worst=Conflicts, enabled=True, profileUpdated=False
2026-08-17 16:55:52.289 +02:00 [INF] MutagenMon.Core.Monitoring.SessionMonitorService: -------------------------------------------------------------------------------
Name: pc-ub1-appman
Identifier: sync_WpA0olCvqvjQEQWEI4okSZRpusFT7rL8lQ4GYhZtaLh
Alpha:
	URL: C:\sources\appman
	Connected: Yes
	Synchronizable contents:
		904 directories
		2351 files (206 MB)
		0 symbolic links
Beta:
	URL: tparent@pc-ub1:sources/appman
	Connected: Yes
	Synchronizable contents:
		904 directories
		2351 files (206 MB)
		0 symbolic links
Status: Watching for changes
-------------------------------------------------------------------------------
Name: pc-ub1-mutagenmon
Identifier: sync_cqhCMHYAW113J2fcp4bhUwGVWfGtTVQqmgm2tBfy2Q7
Alpha:
	URL: C:\sources\mutagenMon
	Connected: Yes
	Synchronizable contents:
		41 directories
		161 files (2.2 MB)
		0 symbolic links
	Scan problems: 1
Beta:
	URL: tparent@pc-ub1:sources/mutagenMon
	Connected: Yes
	Synchronizable contents:
		41 directories
		161 files (2.2 MB)
		0 symbolic links
Conflicts: 1
Status: Watching for changes
-------------------------------------------------------------------------------

2026-08-17 16:55:52.292 +02:00 [INF] MutagenMon.Core.Monitoring.SessionMonitorService: Session 'pc-ub1-appman' status: Watching for changes, hasProblem: False, HasConflicts: False
2026-08-17 16:55:52.294 +02:00 [INF] MutagenMon.Core.Monitoring.SessionMonitorService: Session 'pc-ub1-mutagenmon' status: Watching for changes, hasProblem: False, HasConflicts: True
2026-08-17 16:55:52.297 +02:00 [INF] MutagenMon.Core.Monitoring.SessionMonitorService: Poll succeeded: worst=Conflicts, enabled=True, profileUpdated=False
2026-08-17 16:55:53.312 +02:00 [INF] MutagenMon.Core.Monitoring.SessionMonitorService: -------------------------------------------------------------------------------
Name: pc-ub1-appman
Identifier: sync_WpA0olCvqvjQEQWEI4okSZRpusFT7rL8lQ4GYhZtaLh
Alpha:
	URL: C:\sources\appman
	Connected: Yes
	Synchronizable contents:
		904 directories
		2351 files (206 MB)
		0 symbolic links
Beta:
	URL: tparent@pc-ub1:sources/appman
	Connected: Yes
	Synchronizable contents:
		904 directories
		2351 files (206 MB)
		0 symbolic links
Status: Watching for changes
-------------------------------------------------------------------------------
Name: pc-ub1-mutagenmon
Identifier: sync_cqhCMHYAW113J2fcp4bhUwGVWfGtTVQqmgm2tBfy2Q7
Alpha:
	URL: C:\sources\mutagenMon
	Connected: Yes
	Synchronizable contents:
		41 directories
		161 files (2.2 MB)
		0 symbolic links
	Scan problems: 1
Beta:
	URL: tparent@pc-ub1:sources/mutagenMon
	Connected: Yes
	Synchronizable contents:
		41 directories
		161 files (2.2 MB)
		0 symbolic links
Conflicts: 1
Status: Watching for changes
-------------------------------------------------------------------------------

2026-08-17 16:55:53.314 +02:00 [INF] MutagenMon.Core.Monitoring.SessionMonitorService: Session 'pc-ub1-appman' status: Watching for changes, hasProblem: False, HasConflicts: False
2026-08-17 16:55:53.317 +02:00 [INF] MutagenMon.Core.Monitoring.SessionMonitorService: Session 'pc-ub1-mutagenmon' status: Watching for changes, hasProblem: False, HasConflicts: True
2026-08-17 16:55:53.321 +02:00 [INF] MutagenMon.Core.Monitoring.SessionMonitorService: Poll succeeded: worst=Conflicts, enabled=True, profileUpdated=False
2026-08-17 16:55:54.272 +02:00 [INF] MutagenMon.Core.Monitoring.SessionMonitorService: -------------------------------------------------------------------------------
Name: pc-ub1-appman
Identifier: sync_WpA0olCvqvjQEQWEI4okSZRpusFT7rL8lQ4GYhZtaLh
Alpha:
	URL: C:\sources\appman
	Connected: Yes
	Synchronizable contents:
		904 directories
		2351 files (206 MB)
		0 symbolic links
Beta:
	URL: tparent@pc-ub1:sources/appman
	Connected: Yes
	Synchronizable contents:
		904 directories
		2351 files (206 MB)
		0 symbolic links
Status: Watching for changes
-------------------------------------------------------------------------------
Name: pc-ub1-mutagenmon
Identifier: sync_cqhCMHYAW113J2fcp4bhUwGVWfGtTVQqmgm2tBfy2Q7
Alpha:
	URL: C:\sources\mutagenMon
	Connected: Yes
	Synchronizable contents:
		41 directories
		161 files (2.2 MB)
		0 symbolic links
	Scan problems: 1
Beta:
	URL: tparent@pc-ub1:sources/mutagenMon
	Connected: Yes
	Synchronizable contents:
		41 directories
		161 files (2.2 MB)
		0 symbolic links
Conflicts: 1
Status: Watching for changes
-------------------------------------------------------------------------------

2026-08-17 16:55:54.275 +02:00 [INF] MutagenMon.Core.Monitoring.SessionMonitorService: Session 'pc-ub1-appman' status: Watching for changes, hasProblem: False, HasConflicts: False
2026-08-17 16:55:54.279 +02:00 [INF] MutagenMon.Core.Monitoring.SessionMonitorService: Session 'pc-ub1-mutagenmon' status: Watching for changes, hasProblem: False, HasConflicts: True
2026-08-17 16:55:54.283 +02:00 [INF] MutagenMon.Core.Monitoring.SessionMonitorService: Poll succeeded: worst=Conflicts, enabled=True, profileUpdated=False
2026-08-17 16:55:55.263 +02:00 [INF] MutagenMon.Core.Monitoring.SessionMonitorService: -------------------------------------------------------------------------------
Name: pc-ub1-appman
Identifier: sync_WpA0olCvqvjQEQWEI4okSZRpusFT7rL8lQ4GYhZtaLh
Alpha:
	URL: C:\sources\appman
	Connected: Yes
	Synchronizable contents:
		904 directories
		2351 files (206 MB)
		0 symbolic links
Beta:
	URL: tparent@pc-ub1:sources/appman
	Connected: Yes
	Synchronizable contents:
		904 directories
		2351 files (206 MB)
		0 symbolic links
Status: Watching for changes
-------------------------------------------------------------------------------
Name: pc-ub1-mutagenmon
Identifier: sync_cqhCMHYAW113J2fcp4bhUwGVWfGtTVQqmgm2tBfy2Q7
Alpha:
	URL: C:\sources\mutagenMon
	Connected: Yes
	Synchronizable contents:
		41 directories
		161 files (2.2 MB)
		0 symbolic links
	Scan problems: 1
Beta:
	URL: tparent@pc-ub1:sources/mutagenMon
	Connected: Yes
	Synchronizable contents:
		41 directories
		161 files (2.2 MB)
		0 symbolic links
Conflicts: 1
Status: Watching for changes
-------------------------------------------------------------------------------

2026-08-17 16:55:55.265 +02:00 [INF] MutagenMon.Core.Monitoring.SessionMonitorService: Session 'pc-ub1-appman' status: Watching for changes, hasProblem: False, HasConflicts: False
2026-08-17 16:55:55.268 +02:00 [INF] MutagenMon.Core.Monitoring.SessionMonitorService: Session 'pc-ub1-mutagenmon' status: Watching for changes, hasProblem: False, HasConflicts: True
2026-08-17 16:55:55.271 +02:00 [INF] MutagenMon.Core.Monitoring.SessionMonitorService: Poll succeeded: worst=Conflicts, enabled=True, profileUpdated=False
2026-08-17 16:55:56.287 +02:00 [INF] MutagenMon.Core.Monitoring.SessionMonitorService: -------------------------------------------------------------------------------
Name: pc-ub1-appman
Identifier: sync_WpA0olCvqvjQEQWEI4okSZRpusFT7rL8lQ4GYhZtaLh
Alpha:
	URL: C:\sources\appman
	Connected: Yes
	Synchronizable contents:
		904 directories
		2351 files (206 MB)
		0 symbolic links
Beta:
	URL: tparent@pc-ub1:sources/appman
	Connected: Yes
	Synchronizable contents:
		904 directories
		2351 files (206 MB)
		0 symbolic links
Status: Watching for changes
-------------------------------------------------------------------------------
Name: pc-ub1-mutagenmon
Identifier: sync_cqhCMHYAW113J2fcp4bhUwGVWfGtTVQqmgm2tBfy2Q7
Alpha:
	URL: C:\sources\mutagenMon
	Connected: Yes
	Synchronizable contents:
		41 directories
		161 files (2.2 MB)
		0 symbolic links
	Scan problems: 1
Beta:
	URL: tparent@pc-ub1:sources/mutagenMon
	Connected: Yes
	Synchronizable contents:
		41 directories
		161 files (2.2 MB)
		0 symbolic links
Conflicts: 1
Status: Watching for changes
-------------------------------------------------------------------------------

2026-08-17 16:55:56.290 +02:00 [INF] MutagenMon.Core.Monitoring.SessionMonitorService: Session 'pc-ub1-appman' status: Watching for changes, hasProblem: False, HasConflicts: False
2026-08-17 16:55:56.292 +02:00 [INF] MutagenMon.Core.Monitoring.SessionMonitorService: Session 'pc-ub1-mutagenmon' status: Watching for changes, hasProblem: False, HasConflicts: True
2026-08-17 16:55:56.295 +02:00 [INF] MutagenMon.Core.Monitoring.SessionMonitorService: Poll succeeded: worst=Conflicts, enabled=True, profileUpdated=False
2026-08-17 16:55:57.262 +02:00 [INF] MutagenMon.Core.Monitoring.SessionMonitorService: -------------------------------------------------------------------------------
Name: pc-ub1-appman
Identifier: sync_WpA0olCvqvjQEQWEI4okSZRpusFT7rL8lQ4GYhZtaLh
Alpha:
	URL: C:\sources\appman
	Connected: Yes
	Synchronizable contents:
		904 directories
		2351 files (206 MB)
		0 symbolic links
Beta:
	URL: tparent@pc-ub1:sources/appman
	Connected: Yes
	Synchronizable contents:
		904 directories
		2351 files (206 MB)
		0 symbolic links
Status: Watching for changes
-------------------------------------------------------------------------------
Name: pc-ub1-mutagenmon
Identifier: sync_cqhCMHYAW113J2fcp4bhUwGVWfGtTVQqmgm2tBfy2Q7
Alpha:
	URL: C:\sources\mutagenMon
	Connected: Yes
	Synchronizable contents:
		41 directories
		161 files (2.2 MB)
		0 symbolic links
	Scan problems: 1
Beta:
	URL: tparent@pc-ub1:sources/mutagenMon
	Connected: Yes
	Synchronizable contents:
		41 directories
		161 files (2.2 MB)
		0 symbolic links
Conflicts: 1
Status: Watching for changes
-------------------------------------------------------------------------------

2026-08-17 16:55:57.264 +02:00 [INF] MutagenMon.Core.Monitoring.SessionMonitorService: Session 'pc-ub1-appman' status: Watching for changes, hasProblem: False, HasConflicts: False
2026-08-17 16:55:57.267 +02:00 [INF] MutagenMon.Core.Monitoring.SessionMonitorService: Session 'pc-ub1-mutagenmon' status: Watching for changes, hasProblem: False, HasConflicts: True
2026-08-17 16:55:57.270 +02:00 [INF] MutagenMon.Core.Monitoring.SessionMonitorService: Poll succeeded: worst=Conflicts, enabled=True, profileUpdated=False
2026-08-17 16:55:58.302 +02:00 [INF] MutagenMon.Core.Monitoring.SessionMonitorService: -------------------------------------------------------------------------------
Name: pc-ub1-appman
Identifier: sync_WpA0olCvqvjQEQWEI4okSZRpusFT7rL8lQ4GYhZtaLh
Alpha:
	URL: C:\sources\appman
	Connected: Yes
	Synchronizable contents:
		904 directories
		2351 files (206 MB)
		0 symbolic links
Beta:
	URL: tparent@pc-ub1:sources/appman
	Connected: Yes
	Synchronizable contents:
		904 directories
		2351 files (206 MB)
		0 symbolic links
Status: Watching for changes
-------------------------------------------------------------------------------
Name: pc-ub1-mutagenmon
Identifier: sync_cqhCMHYAW113J2fcp4bhUwGVWfGtTVQqmgm2tBfy2Q7
Alpha:
	URL: C:\sources\mutagenMon
	Connected: Yes
	Synchronizable contents:
		41 directories
		161 files (2.2 MB)
		0 symbolic links
	Scan problems: 1
Beta:
	URL: tparent@pc-ub1:sources/mutagenMon
	Connected: Yes
	Synchronizable contents:
		41 directories
		161 files (2.2 MB)
		0 symbolic links
Conflicts: 1
Status: Watching for changes
-------------------------------------------------------------------------------

2026-08-17 16:55:58.304 +02:00 [INF] MutagenMon.Core.Monitoring.SessionMonitorService: Session 'pc-ub1-appman' status: Watching for changes, hasProblem: False, HasConflicts: False
2026-08-17 16:55:58.306 +02:00 [INF] MutagenMon.Core.Monitoring.SessionMonitorService: Session 'pc-ub1-mutagenmon' status: Watching for changes, hasProblem: False, HasConflicts: True
2026-08-17 16:55:58.309 +02:00 [INF] MutagenMon.Core.Monitoring.SessionMonitorService: Poll succeeded: worst=Conflicts, enabled=True, profileUpdated=False
2026-08-17 16:55:59.285 +02:00 [INF] MutagenMon.Core.Monitoring.SessionMonitorService: -------------------------------------------------------------------------------
Name: pc-ub1-appman
Identifier: sync_WpA0olCvqvjQEQWEI4okSZRpusFT7rL8lQ4GYhZtaLh
Alpha:
	URL: C:\sources\appman
	Connected: Yes
	Synchronizable contents:
		904 directories
		2351 files (206 MB)
		0 symbolic links
Beta:
	URL: tparent@pc-ub1:sources/appman
	Connected: Yes
	Synchronizable contents:
		904 directories
		2351 files (206 MB)
		0 symbolic links
Status: Watching for changes
-------------------------------------------------------------------------------
Name: pc-ub1-mutagenmon
Identifier: sync_cqhCMHYAW113J2fcp4bhUwGVWfGtTVQqmgm2tBfy2Q7
Alpha:
	URL: C:\sources\mutagenMon
	Connected: Yes
	Synchronizable contents:
		41 directories
		161 files (2.2 MB)
		0 symbolic links
	Scan problems: 1
Beta:
	URL: tparent@pc-ub1:sources/mutagenMon
	Connected: Yes
	Synchronizable contents:
		41 directories
		161 files (2.2 MB)
		0 symbolic links
Conflicts: 1
Status: Watching for changes
-------------------------------------------------------------------------------

2026-08-17 16:55:59.288 +02:00 [INF] MutagenMon.Core.Monitoring.SessionMonitorService: Session 'pc-ub1-appman' status: Watching for changes, hasProblem: False, HasConflicts: False
2026-08-17 16:55:59.292 +02:00 [INF] MutagenMon.Core.Monitoring.SessionMonitorService: Session 'pc-ub1-mutagenmon' status: Watching for changes, hasProblem: False, HasConflicts: True
2026-08-17 16:55:59.296 +02:00 [INF] MutagenMon.Core.Monitoring.SessionMonitorService: Poll succeeded: worst=Conflicts, enabled=True, profileUpdated=False
2026-08-17 16:56:00.304 +02:00 [INF] MutagenMon.Core.Monitoring.SessionMonitorService: -------------------------------------------------------------------------------
Name: pc-ub1-appman
Identifier: sync_WpA0olCvqvjQEQWEI4okSZRpusFT7rL8lQ4GYhZtaLh
Alpha:
	URL: C:\sources\appman
	Connected: Yes
	Synchronizable contents:
		904 directories
		2351 files (206 MB)
		0 symbolic links
Beta:
	URL: tparent@pc-ub1:sources/appman
	Connected: Yes
	Synchronizable contents:
		904 directories
		2351 files (206 MB)
		0 symbolic links
Status: Watching for changes
-------------------------------------------------------------------------------
Name: pc-ub1-mutagenmon
Identifier: sync_cqhCMHYAW113J2fcp4bhUwGVWfGtTVQqmgm2tBfy2Q7
Alpha:
	URL: C:\sources\mutagenMon
	Connected: Yes
	Synchronizable contents:
		41 directories
		161 files (2.2 MB)
		0 symbolic links
	Scan problems: 1
Beta:
	URL: tparent@pc-ub1:sources/mutagenMon
	Connected: Yes
	Synchronizable contents:
		41 directories
		161 files (2.2 MB)
		0 symbolic links
Conflicts: 1
Status: Watching for changes
-------------------------------------------------------------------------------

2026-08-17 16:56:00.307 +02:00 [INF] MutagenMon.Core.Monitoring.SessionMonitorService: Session 'pc-ub1-appman' status: Watching for changes, hasProblem: False, HasConflicts: False
2026-08-17 16:56:00.310 +02:00 [INF] MutagenMon.Core.Monitoring.SessionMonitorService: Session 'pc-ub1-mutagenmon' status: Watching for changes, hasProblem: False, HasConflicts: True
2026-08-17 16:56:00.313 +02:00 [INF] MutagenMon.Core.Monitoring.SessionMonitorService: Poll succeeded: worst=Conflicts, enabled=True, profileUpdated=False
2026-08-17 16:56:01.251 +02:00 [INF] MutagenMon.Core.Monitoring.SessionMonitorService: -------------------------------------------------------------------------------
Name: pc-ub1-appman
Identifier: sync_WpA0olCvqvjQEQWEI4okSZRpusFT7rL8lQ4GYhZtaLh
Alpha:
	URL: C:\sources\appman
	Connected: Yes
	Synchronizable contents:
		904 directories
		2351 files (206 MB)
		0 symbolic links
Beta:
	URL: tparent@pc-ub1:sources/appman
	Connected: Yes
	Synchronizable contents:
		904 directories
		2351 files (206 MB)
		0 symbolic links
Status: Watching for changes
-------------------------------------------------------------------------------
Name: pc-ub1-mutagenmon
Identifier: sync_cqhCMHYAW113J2fcp4bhUwGVWfGtTVQqmgm2tBfy2Q7
Alpha:
	URL: C:\sources\mutagenMon
	Connected: Yes
	Synchronizable contents:
		41 directories
		161 files (2.2 MB)
		0 symbolic links
	Scan problems: 1
Beta:
	URL: tparent@pc-ub1:sources/mutagenMon
	Connected: Yes
	Synchronizable contents:
		41 directories
		161 files (2.2 MB)
		0 symbolic links
Conflicts: 1
Status: Watching for changes
-------------------------------------------------------------------------------

2026-08-17 16:56:01.255 +02:00 [INF] MutagenMon.Core.Monitoring.SessionMonitorService: Session 'pc-ub1-appman' status: Watching for changes, hasProblem: False, HasConflicts: False
2026-08-17 16:56:01.257 +02:00 [INF] MutagenMon.Core.Monitoring.SessionMonitorService: Session 'pc-ub1-mutagenmon' status: Watching for changes, hasProblem: False, HasConflicts: True
2026-08-17 16:56:01.260 +02:00 [INF] MutagenMon.Core.Monitoring.SessionMonitorService: Poll succeeded: worst=Conflicts, enabled=True, profileUpdated=False
2026-08-17 16:56:02.339 +02:00 [INF] MutagenMon.Core.Monitoring.SessionMonitorService: -------------------------------------------------------------------------------
Name: pc-ub1-appman
Identifier: sync_WpA0olCvqvjQEQWEI4okSZRpusFT7rL8lQ4GYhZtaLh
Alpha:
	URL: C:\sources\appman
	Connected: Yes
	Synchronizable contents:
		904 directories
		2351 files (206 MB)
		0 symbolic links
Beta:
	URL: tparent@pc-ub1:sources/appman
	Connected: Yes
	Synchronizable contents:
		904 directories
		2351 files (206 MB)
		0 symbolic links
Status: Watching for changes
-------------------------------------------------------------------------------
Name: pc-ub1-mutagenmon
Identifier: sync_cqhCMHYAW113J2fcp4bhUwGVWfGtTVQqmgm2tBfy2Q7
Alpha:
	URL: C:\sources\mutagenMon
	Connected: Yes
	Synchronizable contents:
		41 directories
		161 files (2.3 MB)
		0 symbolic links
	Scan problems: 1
Beta:
	URL: tparent@pc-ub1:sources/mutagenMon
	Connected: Yes
	Synchronizable contents:
		41 directories
		161 files (2.2 MB)
		0 symbolic links
Conflicts: 1
Status: Watching for changes
-------------------------------------------------------------------------------

2026-08-17 16:56:02.342 +02:00 [INF] MutagenMon.Core.Monitoring.SessionMonitorService: Session 'pc-ub1-appman' status: Watching for changes, hasProblem: False, HasConflicts: False
2026-08-17 16:56:02.344 +02:00 [INF] MutagenMon.Core.Monitoring.SessionMonitorService: Session 'pc-ub1-mutagenmon' status: Watching for changes, hasProblem: False, HasConflicts: True
2026-08-17 16:56:02.348 +02:00 [INF] MutagenMon.Core.Monitoring.SessionMonitorService: Poll succeeded: worst=Conflicts, enabled=True, profileUpdated=False
2026-08-17 16:56:03.303 +02:00 [INF] MutagenMon.Core.Monitoring.SessionMonitorService: -------------------------------------------------------------------------------
Name: pc-ub1-appman
Identifier: sync_WpA0olCvqvjQEQWEI4okSZRpusFT7rL8lQ4GYhZtaLh
Alpha:
	URL: C:\sources\appman
	Connected: Yes
	Synchronizable contents:
		904 directories
		2351 files (206 MB)
		0 symbolic links
Beta:
	URL: tparent@pc-ub1:sources/appman
	Connected: Yes
	Synchronizable contents:
		904 directories
		2351 files (206 MB)
		0 symbolic links
Status: Watching for changes
-------------------------------------------------------------------------------
Name: pc-ub1-mutagenmon
Identifier: sync_cqhCMHYAW113J2fcp4bhUwGVWfGtTVQqmgm2tBfy2Q7
Alpha:
	URL: C:\sources\mutagenMon
	Connected: Yes
	Synchronizable contents:
		41 directories
		161 files (2.3 MB)
		0 symbolic links
	Scan problems: 1
Beta:
	URL: tparent@pc-ub1:sources/mutagenMon
	Connected: Yes
	Synchronizable contents:
		41 directories
		161 files (2.2 MB)
		0 symbolic links
Conflicts: 1
Status: Watching for changes
-------------------------------------------------------------------------------

2026-08-17 16:56:03.306 +02:00 [INF] MutagenMon.Core.Monitoring.SessionMonitorService: Session 'pc-ub1-appman' status: Watching for changes, hasProblem: False, HasConflicts: False
2026-08-17 16:56:03.309 +02:00 [INF] MutagenMon.Core.Monitoring.SessionMonitorService: Session 'pc-ub1-mutagenmon' status: Watching for changes, hasProblem: False, HasConflicts: True
2026-08-17 16:56:03.313 +02:00 [INF] MutagenMon.Core.Monitoring.SessionMonitorService: Poll succeeded: worst=Conflicts, enabled=True, profileUpdated=False
2026-08-17 16:56:04.315 +02:00 [INF] MutagenMon.Core.Monitoring.SessionMonitorService: -------------------------------------------------------------------------------
Name: pc-ub1-appman
Identifier: sync_WpA0olCvqvjQEQWEI4okSZRpusFT7rL8lQ4GYhZtaLh
Alpha:
	URL: C:\sources\appman
	Connected: Yes
	Synchronizable contents:
		904 directories
		2351 files (206 MB)
		0 symbolic links
Beta:
	URL: tparent@pc-ub1:sources/appman
	Connected: Yes
	Synchronizable contents:
		904 directories
		2351 files (206 MB)
		0 symbolic links
Status: Watching for changes
-------------------------------------------------------------------------------
Name: pc-ub1-mutagenmon
Identifier: sync_cqhCMHYAW113J2fcp4bhUwGVWfGtTVQqmgm2tBfy2Q7
Alpha:
	URL: C:\sources\mutagenMon
	Connected: Yes
	Synchronizable contents:
		41 directories
		161 files (2.3 MB)
		0 symbolic links
	Scan problems: 1
Beta:
	URL: tparent@pc-ub1:sources/mutagenMon
	Connected: Yes
	Synchronizable contents:
		41 directories
		161 files (2.2 MB)
		0 symbolic links
Conflicts: 1
Status: Watching for changes
-------------------------------------------------------------------------------

2026-08-17 16:56:04.319 +02:00 [INF] MutagenMon.Core.Monitoring.SessionMonitorService: Session 'pc-ub1-appman' status: Watching for changes, hasProblem: False, HasConflicts: False
2026-08-17 16:56:04.323 +02:00 [INF] MutagenMon.Core.Monitoring.SessionMonitorService: Session 'pc-ub1-mutagenmon' status: Watching for changes, hasProblem: False, HasConflicts: True
2026-08-17 16:56:04.327 +02:00 [INF] MutagenMon.Core.Monitoring.SessionMonitorService: Poll succeeded: worst=Conflicts, enabled=True, profileUpdated=False
2026-08-17 16:56:05.290 +02:00 [INF] MutagenMon.Core.Monitoring.SessionMonitorService: -------------------------------------------------------------------------------
Name: pc-ub1-appman
Identifier: sync_WpA0olCvqvjQEQWEI4okSZRpusFT7rL8lQ4GYhZtaLh
Alpha:
	URL: C:\sources\appman
	Connected: Yes
	Synchronizable contents:
		904 directories
		2351 files (206 MB)
		0 symbolic links
Beta:
	URL: tparent@pc-ub1:sources/appman
	Connected: Yes
	Synchronizable contents:
		904 directories
		2351 files (206 MB)
		0 symbolic links
Status: Watching for changes
-------------------------------------------------------------------------------
Name: pc-ub1-mutagenmon
Identifier: sync_cqhCMHYAW113J2fcp4bhUwGVWfGtTVQqmgm2tBfy2Q7
Alpha:
	URL: C:\sources\mutagenMon
	Connected: Yes
	Synchronizable contents:
		41 directories
		161 files (2.3 MB)
		0 symbolic links
	Scan problems: 1
Beta:
	URL: tparent@pc-ub1:sources/mutagenMon
	Connected: Yes
	Synchronizable contents:
		41 directories
		161 files (2.2 MB)
		0 symbolic links
Conflicts: 1
Status: Watching for changes
-------------------------------------------------------------------------------

2026-08-17 16:56:05.292 +02:00 [INF] MutagenMon.Core.Monitoring.SessionMonitorService: Session 'pc-ub1-appman' status: Watching for changes, hasProblem: False, HasConflicts: False
2026-08-17 16:56:05.294 +02:00 [INF] MutagenMon.Core.Monitoring.SessionMonitorService: Session 'pc-ub1-mutagenmon' status: Watching for changes, hasProblem: False, HasConflicts: True
2026-08-17 16:56:05.297 +02:00 [INF] MutagenMon.Core.Monitoring.SessionMonitorService: Poll succeeded: worst=Conflicts, enabled=True, profileUpdated=False
2026-08-17 16:56:06.280 +02:00 [INF] MutagenMon.Core.Monitoring.SessionMonitorService: -------------------------------------------------------------------------------
Name: pc-ub1-appman
Identifier: sync_WpA0olCvqvjQEQWEI4okSZRpusFT7rL8lQ4GYhZtaLh
Alpha:
	URL: C:\sources\appman
	Connected: Yes
	Synchronizable contents:
		904 directories
		2351 files (206 MB)
		0 symbolic links
Beta:
	URL: tparent@pc-ub1:sources/appman
	Connected: Yes
	Synchronizable contents:
		904 directories
		2351 files (206 MB)
		0 symbolic links
Status: Watching for changes
-------------------------------------------------------------------------------
Name: pc-ub1-mutagenmon
Identifier: sync_cqhCMHYAW113J2fcp4bhUwGVWfGtTVQqmgm2tBfy2Q7
Alpha:
	URL: C:\sources\mutagenMon
	Connected: Yes
	Synchronizable contents:
		41 directories
		161 files (2.3 MB)
		0 symbolic links
	Scan problems: 1
Beta:
	URL: tparent@pc-ub1:sources/mutagenMon
	Connected: Yes
	Synchronizable contents:
		41 directories
		161 files (2.2 MB)
		0 symbolic links
Conflicts: 1
Status: Watching for changes
-------------------------------------------------------------------------------

2026-08-17 16:56:06.283 +02:00 [INF] MutagenMon.Core.Monitoring.SessionMonitorService: Session 'pc-ub1-appman' status: Watching for changes, hasProblem: False, HasConflicts: False
2026-08-17 16:56:06.286 +02:00 [INF] MutagenMon.Core.Monitoring.SessionMonitorService: Session 'pc-ub1-mutagenmon' status: Watching for changes, hasProblem: False, HasConflicts: True
2026-08-17 16:56:06.290 +02:00 [INF] MutagenMon.Core.Monitoring.SessionMonitorService: Poll succeeded: worst=Conflicts, enabled=True, profileUpdated=False
2026-08-17 16:56:07.336 +02:00 [INF] MutagenMon.Core.Monitoring.SessionMonitorService: -------------------------------------------------------------------------------
Name: pc-ub1-appman
Identifier: sync_WpA0olCvqvjQEQWEI4okSZRpusFT7rL8lQ4GYhZtaLh
Alpha:
	URL: C:\sources\appman
	Connected: Yes
	Synchronizable contents:
		904 directories
		2351 files (206 MB)
		0 symbolic links
Beta:
	URL: tparent@pc-ub1:sources/appman
	Connected: Yes
	Synchronizable contents:
		904 directories
		2351 files (206 MB)
		0 symbolic links
Status: Watching for changes
-------------------------------------------------------------------------------
Name: pc-ub1-mutagenmon
Identifier: sync_cqhCMHYAW113J2fcp4bhUwGVWfGtTVQqmgm2tBfy2Q7
Alpha:
	URL: C:\sources\mutagenMon
	Connected: Yes
	Synchronizable contents:
		41 directories
		161 files (2.3 MB)
		0 symbolic links
	Scan problems: 1
Beta:
	URL: tparent@pc-ub1:sources/mutagenMon
	Connected: Yes
	Synchronizable contents:
		41 directories
		161 files (2.2 MB)
		0 symbolic links
Conflicts: 1
Status: Watching for changes
-------------------------------------------------------------------------------

2026-08-17 16:56:07.339 +02:00 [INF] MutagenMon.Core.Monitoring.SessionMonitorService: Session 'pc-ub1-appman' status: Watching for changes, hasProblem: False, HasConflicts: False
2026-08-17 16:56:07.341 +02:00 [INF] MutagenMon.Core.Monitoring.SessionMonitorService: Session 'pc-ub1-mutagenmon' status: Watching for changes, hasProblem: False, HasConflicts: True
2026-08-17 16:56:07.344 +02:00 [INF] MutagenMon.Core.Monitoring.SessionMonitorService: Poll succeeded: worst=Conflicts, enabled=True, profileUpdated=False
2026-08-17 16:56:08.307 +02:00 [INF] MutagenMon.Core.Monitoring.SessionMonitorService: -------------------------------------------------------------------------------
Name: pc-ub1-appman
Identifier: sync_WpA0olCvqvjQEQWEI4okSZRpusFT7rL8lQ4GYhZtaLh
Alpha:
	URL: C:\sources\appman
	Connected: Yes
	Synchronizable contents:
		904 directories
		2351 files (206 MB)
		0 symbolic links
Beta:
	URL: tparent@pc-ub1:sources/appman
	Connected: Yes
	Synchronizable contents:
		904 directories
		2351 files (206 MB)
		0 symbolic links
Status: Watching for changes
-------------------------------------------------------------------------------
Name: pc-ub1-mutagenmon
Identifier: sync_cqhCMHYAW113J2fcp4bhUwGVWfGtTVQqmgm2tBfy2Q7
Alpha:
	URL: C:\sources\mutagenMon
	Connected: Yes
	Synchronizable contents:
		41 directories
		161 files (2.3 MB)
		0 symbolic links
	Scan problems: 1
Beta:
	URL: tparent@pc-ub1:sources/mutagenMon
	Connected: Yes
	Synchronizable contents:
		41 directories
		161 files (2.2 MB)
		0 symbolic links
Conflicts: 1
Status: Watching for changes
-------------------------------------------------------------------------------

2026-08-17 16:56:08.310 +02:00 [INF] MutagenMon.Core.Monitoring.SessionMonitorService: Session 'pc-ub1-appman' status: Watching for changes, hasProblem: False, HasConflicts: False
2026-08-17 16:56:08.312 +02:00 [INF] MutagenMon.Core.Monitoring.SessionMonitorService: Session 'pc-ub1-mutagenmon' status: Watching for changes, hasProblem: False, HasConflicts: True
2026-08-17 16:56:08.314 +02:00 [INF] MutagenMon.Core.Monitoring.SessionMonitorService: Poll succeeded: worst=Conflicts, enabled=True, profileUpdated=False
2026-08-17 16:56:09.303 +02:00 [INF] MutagenMon.Core.Monitoring.SessionMonitorService: -------------------------------------------------------------------------------
Name: pc-ub1-appman
Identifier: sync_WpA0olCvqvjQEQWEI4okSZRpusFT7rL8lQ4GYhZtaLh
Alpha:
	URL: C:\sources\appman
	Connected: Yes
	Synchronizable contents:
		904 directories
		2351 files (206 MB)
		0 symbolic links
Beta:
	URL: tparent@pc-ub1:sources/appman
	Connected: Yes
	Synchronizable contents:
		904 directories
		2351 files (206 MB)
		0 symbolic links
Status: Watching for changes
-------------------------------------------------------------------------------
Name: pc-ub1-mutagenmon
Identifier: sync_cqhCMHYAW113J2fcp4bhUwGVWfGtTVQqmgm2tBfy2Q7
Alpha:
	URL: C:\sources\mutagenMon
	Connected: Yes
	Synchronizable contents:
		41 directories
		161 files (2.3 MB)
		0 symbolic links
	Scan problems: 1
Beta:
	URL: tparent@pc-ub1:sources/mutagenMon
	Connected: Yes
	Synchronizable contents:
		41 directories
		161 files (2.2 MB)
		0 symbolic links
Conflicts: 1
Status: Watching for changes
-------------------------------------------------------------------------------

2026-08-17 16:56:09.307 +02:00 [INF] MutagenMon.Core.Monitoring.SessionMonitorService: Session 'pc-ub1-appman' status: Watching for changes, hasProblem: False, HasConflicts: False
2026-08-17 16:56:09.309 +02:00 [INF] MutagenMon.Core.Monitoring.SessionMonitorService: Session 'pc-ub1-mutagenmon' status: Watching for changes, hasProblem: False, HasConflicts: True
2026-08-17 16:56:09.314 +02:00 [INF] MutagenMon.Core.Monitoring.SessionMonitorService: Poll succeeded: worst=Conflicts, enabled=True, profileUpdated=False
2026-08-17 16:56:10.308 +02:00 [INF] MutagenMon.Core.Monitoring.SessionMonitorService: -------------------------------------------------------------------------------
Name: pc-ub1-appman
Identifier: sync_WpA0olCvqvjQEQWEI4okSZRpusFT7rL8lQ4GYhZtaLh
Alpha:
	URL: C:\sources\appman
	Connected: Yes
	Synchronizable contents:
		904 directories
		2351 files (206 MB)
		0 symbolic links
Beta:
	URL: tparent@pc-ub1:sources/appman
	Connected: Yes
	Synchronizable contents:
		904 directories
		2351 files (206 MB)
		0 symbolic links
Status: Watching for changes
-------------------------------------------------------------------------------
Name: pc-ub1-mutagenmon
Identifier: sync_cqhCMHYAW113J2fcp4bhUwGVWfGtTVQqmgm2tBfy2Q7
Alpha:
	URL: C:\sources\mutagenMon
	Connected: Yes
	Synchronizable contents:
		41 directories
		161 files (2.3 MB)
		0 symbolic links
	Scan problems: 1
Beta:
	URL: tparent@pc-ub1:sources/mutagenMon
	Connected: Yes
	Synchronizable contents:
		41 directories
		161 files (2.2 MB)
		0 symbolic links
Conflicts: 1
Status: Watching for changes
-------------------------------------------------------------------------------

2026-08-17 16:56:10.310 +02:00 [INF] MutagenMon.Core.Monitoring.SessionMonitorService: Session 'pc-ub1-appman' status: Watching for changes, hasProblem: False, HasConflicts: False
2026-08-17 16:56:10.311 +02:00 [INF] MutagenMon.Core.Monitoring.SessionMonitorService: Session 'pc-ub1-mutagenmon' status: Watching for changes, hasProblem: False, HasConflicts: True
2026-08-17 16:56:10.314 +02:00 [INF] MutagenMon.Core.Monitoring.SessionMonitorService: Poll succeeded: worst=Conflicts, enabled=True, profileUpdated=False
2026-08-17 16:56:11.278 +02:00 [INF] MutagenMon.Core.Monitoring.SessionMonitorService: -------------------------------------------------------------------------------
Name: pc-ub1-appman
Identifier: sync_WpA0olCvqvjQEQWEI4okSZRpusFT7rL8lQ4GYhZtaLh
Alpha:
	URL: C:\sources\appman
	Connected: Yes
	Synchronizable contents:
		904 directories
		2351 files (206 MB)
		0 symbolic links
Beta:
	URL: tparent@pc-ub1:sources/appman
	Connected: Yes
	Synchronizable contents:
		904 directories
		2351 files (206 MB)
		0 symbolic links
Status: Watching for changes
-------------------------------------------------------------------------------
Name: pc-ub1-mutagenmon
Identifier: sync_cqhCMHYAW113J2fcp4bhUwGVWfGtTVQqmgm2tBfy2Q7
Alpha:
	URL: C:\sources\mutagenMon
	Connected: Yes
	Synchronizable contents:
		41 directories
		161 files (2.3 MB)
		0 symbolic links
	Scan problems: 1
Beta:
	URL: tparent@pc-ub1:sources/mutagenMon
	Connected: Yes
	Synchronizable contents:
		41 directories
		161 files (2.2 MB)
		0 symbolic links
Conflicts: 1
Status: Watching for changes
-------------------------------------------------------------------------------

2026-08-17 16:56:11.281 +02:00 [INF] MutagenMon.Core.Monitoring.SessionMonitorService: Session 'pc-ub1-appman' status: Watching for changes, hasProblem: False, HasConflicts: False
2026-08-17 16:56:11.283 +02:00 [INF] MutagenMon.Core.Monitoring.SessionMonitorService: Session 'pc-ub1-mutagenmon' status: Watching for changes, hasProblem: False, HasConflicts: True
2026-08-17 16:56:11.286 +02:00 [INF] MutagenMon.Core.Monitoring.SessionMonitorService: Poll succeeded: worst=Conflicts, enabled=True, profileUpdated=False
2026-08-17 16:56:12.281 +02:00 [INF] MutagenMon.Core.Monitoring.SessionMonitorService: -------------------------------------------------------------------------------
Name: pc-ub1-appman
Identifier: sync_WpA0olCvqvjQEQWEI4okSZRpusFT7rL8lQ4GYhZtaLh
Alpha:
	URL: C:\sources\appman
	Connected: Yes
	Synchronizable contents:
		904 directories
		2351 files (206 MB)
		0 symbolic links
Beta:
	URL: tparent@pc-ub1:sources/appman
	Connected: Yes
	Synchronizable contents:
		904 directories
		2351 files (206 MB)
		0 symbolic links
Status: Watching for changes
-------------------------------------------------------------------------------
Name: pc-ub1-mutagenmon
Identifier: sync_cqhCMHYAW113J2fcp4bhUwGVWfGtTVQqmgm2tBfy2Q7
Alpha:
	URL: C:\sources\mutagenMon
	Connected: Yes
	Synchronizable contents:
		41 directories
		161 files (2.3 MB)
		0 symbolic links
	Scan problems: 1
Beta:
	URL: tparent@pc-ub1:sources/mutagenMon
	Connected: Yes
	Synchronizable contents:
		41 directories
		161 files (2.2 MB)
		0 symbolic links
Conflicts: 1
Status: Watching for changes
-------------------------------------------------------------------------------

2026-08-17 16:56:12.284 +02:00 [INF] MutagenMon.Core.Monitoring.SessionMonitorService: Session 'pc-ub1-appman' status: Watching for changes, hasProblem: False, HasConflicts: False
2026-08-17 16:56:12.286 +02:00 [INF] MutagenMon.Core.Monitoring.SessionMonitorService: Session 'pc-ub1-mutagenmon' status: Watching for changes, hasProblem: False, HasConflicts: True
2026-08-17 16:56:12.289 +02:00 [INF] MutagenMon.Core.Monitoring.SessionMonitorService: Poll succeeded: worst=Conflicts, enabled=True, profileUpdated=False
2026-08-17 16:56:13.298 +02:00 [INF] MutagenMon.Core.Monitoring.SessionMonitorService: -------------------------------------------------------------------------------
Name: pc-ub1-appman
Identifier: sync_WpA0olCvqvjQEQWEI4okSZRpusFT7rL8lQ4GYhZtaLh
Alpha:
	URL: C:\sources\appman
	Connected: Yes
	Synchronizable contents:
		904 directories
		2351 files (206 MB)
		0 symbolic links
Beta:
	URL: tparent@pc-ub1:sources/appman
	Connected: Yes
	Synchronizable contents:
		904 directories
		2351 files (206 MB)
		0 symbolic links
Status: Watching for changes
-------------------------------------------------------------------------------
Name: pc-ub1-mutagenmon
Identifier: sync_cqhCMHYAW113J2fcp4bhUwGVWfGtTVQqmgm2tBfy2Q7
Alpha:
	URL: C:\sources\mutagenMon
	Connected: Yes
	Synchronizable contents:
		41 directories
		161 files (2.3 MB)
		0 symbolic links
	Scan problems: 1
Beta:
	URL: tparent@pc-ub1:sources/mutagenMon
	Connected: Yes
	Synchronizable contents:
		41 directories
		161 files (2.2 MB)
		0 symbolic links
Conflicts: 1
Status: Watching for changes
-------------------------------------------------------------------------------

2026-08-17 16:56:13.300 +02:00 [INF] MutagenMon.Core.Monitoring.SessionMonitorService: Session 'pc-ub1-appman' status: Watching for changes, hasProblem: False, HasConflicts: False
2026-08-17 16:56:13.302 +02:00 [INF] MutagenMon.Core.Monitoring.SessionMonitorService: Session 'pc-ub1-mutagenmon' status: Watching for changes, hasProblem: False, HasConflicts: True
2026-08-17 16:56:13.304 +02:00 [INF] MutagenMon.Core.Monitoring.SessionMonitorService: Poll succeeded: worst=Conflicts, enabled=True, profileUpdated=False
2026-08-17 16:56:14.316 +02:00 [INF] MutagenMon.Core.Monitoring.SessionMonitorService: -------------------------------------------------------------------------------
Name: pc-ub1-appman
Identifier: sync_WpA0olCvqvjQEQWEI4okSZRpusFT7rL8lQ4GYhZtaLh
Alpha:
	URL: C:\sources\appman
	Connected: Yes
	Synchronizable contents:
		904 directories
		2351 files (206 MB)
		0 symbolic links
Beta:
	URL: tparent@pc-ub1:sources/appman
	Connected: Yes
	Synchronizable contents:
		904 directories
		2351 files (206 MB)
		0 symbolic links
Status: Watching for changes
-------------------------------------------------------------------------------
Name: pc-ub1-mutagenmon
Identifier: sync_cqhCMHYAW113J2fcp4bhUwGVWfGtTVQqmgm2tBfy2Q7
Alpha:
	URL: C:\sources\mutagenMon
	Connected: Yes
	Synchronizable contents:
		41 directories
		161 files (2.3 MB)
		0 symbolic links
	Scan problems: 1
Beta:
	URL: tparent@pc-ub1:sources/mutagenMon
	Connected: Yes
	Synchronizable contents:
		41 directories
		161 files (2.2 MB)
		0 symbolic links
Conflicts: 1
Status: Watching for changes
-------------------------------------------------------------------------------

2026-08-17 16:56:14.318 +02:00 [INF] MutagenMon.Core.Monitoring.SessionMonitorService: Session 'pc-ub1-appman' status: Watching for changes, hasProblem: False, HasConflicts: False
2026-08-17 16:56:14.320 +02:00 [INF] MutagenMon.Core.Monitoring.SessionMonitorService: Session 'pc-ub1-mutagenmon' status: Watching for changes, hasProblem: False, HasConflicts: True
2026-08-17 16:56:14.324 +02:00 [INF] MutagenMon.Core.Monitoring.SessionMonitorService: Poll succeeded: worst=Conflicts, enabled=True, profileUpdated=False
2026-08-17 16:56:15.289 +02:00 [INF] MutagenMon.Core.Monitoring.SessionMonitorService: -------------------------------------------------------------------------------
Name: pc-ub1-appman
Identifier: sync_WpA0olCvqvjQEQWEI4okSZRpusFT7rL8lQ4GYhZtaLh
Alpha:
	URL: C:\sources\appman
	Connected: Yes
	Synchronizable contents:
		904 directories
		2351 files (206 MB)
		0 symbolic links
Beta:
	URL: tparent@pc-ub1:sources/appman
	Connected: Yes
	Synchronizable contents:
		904 directories
		2351 files (206 MB)
		0 symbolic links
Status: Watching for changes
-------------------------------------------------------------------------------
Name: pc-ub1-mutagenmon
Identifier: sync_cqhCMHYAW113J2fcp4bhUwGVWfGtTVQqmgm2tBfy2Q7
Alpha:
	URL: C:\sources\mutagenMon
	Connected: Yes
	Synchronizable contents:
		41 directories
		161 files (2.3 MB)
		0 symbolic links
	Scan problems: 1
Beta:
	URL: tparent@pc-ub1:sources/mutagenMon
	Connected: Yes
	Synchronizable contents:
		41 directories
		161 files (2.2 MB)
		0 symbolic links
Conflicts: 1
Status: Watching for changes
-------------------------------------------------------------------------------

2026-08-17 16:56:15.291 +02:00 [INF] MutagenMon.Core.Monitoring.SessionMonitorService: Session 'pc-ub1-appman' status: Watching for changes, hasProblem: False, HasConflicts: False
2026-08-17 16:56:15.293 +02:00 [INF] MutagenMon.Core.Monitoring.SessionMonitorService: Session 'pc-ub1-mutagenmon' status: Watching for changes, hasProblem: False, HasConflicts: True
2026-08-17 16:56:15.296 +02:00 [INF] MutagenMon.Core.Monitoring.SessionMonitorService: Poll succeeded: worst=Conflicts, enabled=True, profileUpdated=False
